0 verbose cli /home/ritik/.nvm/versions/node/v20.19.5/bin/node /home/ritik/.nvm/versions/node/v20.19.5/bin/npm
1 info using npm@10.8.2
2 info using node@v20.19.5
3 silly config load:file:/home/ritik/.nvm/versions/node/v20.19.5/lib/node_modules/npm/npmrc
4 silly config load:file:/home/foss_visdom/visdom/.npmrc
5 silly config load:file:/home/ritik/.npmrc
6 silly config load:file:/home/ritik/.nvm/versions/node/v20.19.5/etc/npmrc
7 verbose title npm install
8 verbose argv "install" "--cache" ".npm-cache" "--include" "dev" "--ignore-scripts"
9 verbose logfile logs-max:10 dir:/home/foss_visdom/visdom/.npm-cache/_logs/2026-03-26T17_42_47_993Z-
10 verbose logfile /home/foss_visdom/visdom/.npm-cache/_logs/2026-03-26T17_42_47_993Z-debug-0.log
11 silly packumentCache heap:2197815296 maxSize:549453824 maxEntrySize:274726912
12 silly logfile done cleaning log files
13 silly idealTree buildDeps
14 silly fetch manifest assert@2.0.0
15 silly packumentCache full:https://registry.npmjs.org/assert cache-miss
16 http fetch GET 200 https://registry.npmjs.org/npm 15680ms
17 http fetch GET 200 https://registry.npmjs.org/assert 16369ms (cache miss)
18 silly packumentCache full:https://registry.npmjs.org/assert set size:undefined disposed:false
19 silly fetch manifest browserify-zlib@0.2.0
20 silly packumentCache full:https://registry.npmjs.org/browserify-zlib cache-miss
21 http fetch GET 200 https://registry.npmjs.org/browserify-zlib 991ms (cache miss)
22 silly packumentCache full:https://registry.npmjs.org/browserify-zlib set size:undefined disposed:false
23 silly fetch manifest buffer@6.0.3
24 silly packumentCache full:https://registry.npmjs.org/buffer cache-miss
25 http fetch GET 200 https://registry.npmjs.org/buffer 126ms (cache miss)
26 silly packumentCache full:https://registry.npmjs.org/buffer set size:undefined disposed:false
27 silly fetch manifest css-loader@6.7.3
28 silly packumentCache full:https://registry.npmjs.org/css-loader cache-miss
29 http fetch GET 200 https://registry.npmjs.org/css-loader 394ms (cache miss)
30 silly packumentCache full:https://registry.npmjs.org/css-loader set size:undefined disposed:false
31 silly fetch manifest webpack@5.104.1
32 silly packumentCache full:https://registry.npmjs.org/webpack cache-miss
33 http fetch GET 200 https://registry.npmjs.org/webpack 231ms (cache miss)
34 silly packumentCache full:https://registry.npmjs.org/webpack set size:undefined disposed:false
35 silly fetch manifest d3-dispatch@1.0.6
36 silly packumentCache full:https://registry.npmjs.org/d3-dispatch cache-miss
37 http fetch GET 200 https://registry.npmjs.org/d3-dispatch 993ms (cache miss)
38 silly packumentCache full:https://registry.npmjs.org/d3-dispatch set size:undefined disposed:false
39 silly fetch manifest d3-drag@1.2.5
40 silly packumentCache full:https://registry.npmjs.org/d3-drag cache-miss
41 http fetch GET 200 https://registry.npmjs.org/d3-drag 1034ms (cache miss)
42 silly packumentCache full:https://registry.npmjs.org/d3-drag set size:undefined disposed:false
43 silly fetch manifest d3-polygon@1.0.6
44 silly packumentCache full:https://registry.npmjs.org/d3-polygon cache-miss
45 http fetch GET 200 https://registry.npmjs.org/d3-polygon 962ms (cache miss)
46 silly packumentCache full:https://registry.npmjs.org/d3-polygon set size:undefined disposed:false
47 silly fetch manifest d3-selection@1.4.2
48 silly packumentCache full:https://registry.npmjs.org/d3-selection cache-miss
49 http fetch GET 200 https://registry.npmjs.org/d3-selection 419ms (cache miss)
50 silly packumentCache full:https://registry.npmjs.org/d3-selection set size:undefined disposed:false
51 silly fetch manifest d3-zoom@1.8.3
52 silly packumentCache full:https://registry.npmjs.org/d3-zoom cache-miss
53 http fetch GET 200 https://registry.npmjs.org/d3-zoom 370ms (cache miss)
54 silly packumentCache full:https://registry.npmjs.org/d3-zoom set size:undefined disposed:false
55 silly fetch manifest debounce@1.2.1
56 silly packumentCache full:https://registry.npmjs.org/debounce cache-miss
57 http fetch GET 200 https://registry.npmjs.org/debounce 412ms (cache miss)
58 silly packumentCache full:https://registry.npmjs.org/debounce set size:undefined disposed:false
59 silly fetch manifest eslint-plugin-simple-import-sort@8.0.0
60 silly packumentCache full:https://registry.npmjs.org/eslint-plugin-simple-import-sort cache-miss
61 http fetch GET 200 https://registry.npmjs.org/eslint-plugin-simple-import-sort 780ms (cache miss)
62 silly packumentCache full:https://registry.npmjs.org/eslint-plugin-simple-import-sort set size:undefined disposed:false
63 silly fetch manifest eslint@7.32.0
64 silly packumentCache full:https://registry.npmjs.org/eslint cache-miss
65 http fetch GET 200 https://registry.npmjs.org/eslint 403ms (cache miss)
66 silly packumentCache full:https://registry.npmjs.org/eslint set size:undefined disposed:false
67 silly fetch manifest fast-json-patch@3.1.1
68 silly packumentCache full:https://registry.npmjs.org/fast-json-patch cache-miss
69 http fetch GET 200 https://registry.npmjs.org/fast-json-patch 584ms (cache miss)
70 silly packumentCache full:https://registry.npmjs.org/fast-json-patch set size:undefined disposed:false
71 silly fetch manifest https-browserify@1.0.0
72 silly packumentCache full:https://registry.npmjs.org/https-browserify cache-miss
73 http fetch GET 200 https://registry.npmjs.org/https-browserify 375ms (cache miss)
74 silly packumentCache full:https://registry.npmjs.org/https-browserify set size:undefined disposed:false
75 silly fetch manifest jquery@3.6.3
76 silly packumentCache full:https://registry.npmjs.org/jquery cache-miss
77 http fetch GET 200 https://registry.npmjs.org/jquery 108ms (cache miss)
78 silly packumentCache full:https://registry.npmjs.org/jquery set size:undefined disposed:false
79 silly fetch manifest ml-savitzky-golay-generalized@4.0.1
80 silly packumentCache full:https://registry.npmjs.org/ml-savitzky-golay-generalized cache-miss
81 http fetch GET 200 https://registry.npmjs.org/ml-savitzky-golay-generalized 926ms (cache miss)
82 silly packumentCache full:https://registry.npmjs.org/ml-savitzky-golay-generalized set size:undefined disposed:false
83 silly fetch manifest rc-tree-select@1.12.13
84 silly packumentCache full:https://registry.npmjs.org/rc-tree-select cache-miss
85 http fetch GET 200 https://registry.npmjs.org/rc-tree-select 526ms (cache miss)
86 silly packumentCache full:https://registry.npmjs.org/rc-tree-select set size:undefined disposed:false
87 silly fetch manifest react@17.0.2
88 silly packumentCache full:https://registry.npmjs.org/react cache-miss
89 http fetch GET 200 https://registry.npmjs.org/react 253ms (cache miss)
90 silly packumentCache full:https://registry.npmjs.org/react set size:undefined disposed:false
91 silly fetch manifest react-devtools@4.27.2
92 silly packumentCache full:https://registry.npmjs.org/react-devtools cache-miss
93 http fetch GET 200 https://registry.npmjs.org/react-devtools 413ms (cache miss)
94 silly packumentCache full:https://registry.npmjs.org/react-devtools set size:undefined disposed:false
95 silly fetch manifest react-dom@17.0.2
96 silly packumentCache full:https://registry.npmjs.org/react-dom cache-miss
97 http fetch GET 200 https://registry.npmjs.org/react-dom 633ms (cache miss)
98 silly packumentCache full:https://registry.npmjs.org/react-dom set size:undefined disposed:false
99 silly fetch manifest react-grid-layout@0.16.6
100 silly packumentCache full:https://registry.npmjs.org/react-grid-layout cache-miss
101 http fetch GET 200 https://registry.npmjs.org/react-grid-layout 373ms (cache miss)
102 silly packumentCache full:https://registry.npmjs.org/react-grid-layout set size:undefined disposed:false
103 silly fetch manifest react-modal@3.16.1
104 silly packumentCache full:https://registry.npmjs.org/react-modal cache-miss
105 http fetch GET 200 https://registry.npmjs.org/react-modal 969ms (cache miss)
106 silly packumentCache full:https://registry.npmjs.org/react-modal set size:undefined disposed:false
107 silly fetch manifest react-resize-detector@7.1.2
108 silly packumentCache full:https://registry.npmjs.org/react-resize-detector cache-miss
109 http fetch GET 200 https://registry.npmjs.org/react-resize-detector 453ms (cache miss)
110 silly packumentCache full:https://registry.npmjs.org/react-resize-detector set size:undefined disposed:false
111 silly fetch manifest stream-browserify@3.0.0
112 silly packumentCache full:https://registry.npmjs.org/stream-browserify cache-miss
113 http fetch GET 200 https://registry.npmjs.org/stream-browserify 329ms (cache miss)
114 silly packumentCache full:https://registry.npmjs.org/stream-browserify set size:undefined disposed:false
115 silly fetch manifest stream-http@3.2.0
116 silly packumentCache full:https://registry.npmjs.org/stream-http cache-miss
117 http fetch GET 200 https://registry.npmjs.org/stream-http 380ms (cache miss)
118 silly packumentCache full:https://registry.npmjs.org/stream-http set size:undefined disposed:false
119 silly fetch manifest style-loader@3.3.1
120 silly packumentCache full:https://registry.npmjs.org/style-loader cache-miss
121 http fetch GET 200 https://registry.npmjs.org/style-loader 78ms (cache miss)
122 silly packumentCache full:https://registry.npmjs.org/style-loader set size:undefined disposed:false
123 silly fetch manifest three@0.105.2
124 silly packumentCache full:https://registry.npmjs.org/three cache-miss
125 http fetch GET 200 https://registry.npmjs.org/three 388ms (cache miss)
126 silly packumentCache full:https://registry.npmjs.org/three set size:undefined disposed:false
127 silly fetch manifest url@0.11.0
128 silly packumentCache full:https://registry.npmjs.org/url cache-miss
129 http fetch GET 200 https://registry.npmjs.org/url 367ms (cache miss)
130 silly packumentCache full:https://registry.npmjs.org/url set size:undefined disposed:false
131 silly fetch manifest util@0.12.5
132 silly packumentCache full:https://registry.npmjs.org/util cache-miss
133 http fetch GET 200 https://registry.npmjs.org/util 357ms (cache miss)
134 silly packumentCache full:https://registry.npmjs.org/util set size:undefined disposed:false
135 silly fetch manifest whatwg-fetch@3.6.2
136 silly packumentCache full:https://registry.npmjs.org/whatwg-fetch cache-miss
137 http fetch GET 200 https://registry.npmjs.org/whatwg-fetch 92ms (cache miss)
138 silly packumentCache full:https://registry.npmjs.org/whatwg-fetch set size:undefined disposed:false
139 silly fetch manifest @4tw/cypress-drag-drop@2.2.3
140 silly packumentCache full:https://registry.npmjs.org/@4tw%2fcypress-drag-drop cache-miss
141 http fetch GET 200 https://registry.npmjs.org/@4tw%2fcypress-drag-drop 949ms (cache miss)
142 silly packumentCache full:https://registry.npmjs.org/@4tw%2fcypress-drag-drop set size:undefined disposed:false
143 silly fetch manifest cypress@9.7.0
144 silly packumentCache full:https://registry.npmjs.org/cypress cache-miss
145 http fetch GET 200 https://registry.npmjs.org/cypress 365ms (cache miss)
146 silly packumentCache full:https://registry.npmjs.org/cypress set size:undefined disposed:false
147 silly fetch manifest @babel/core@7.22.8
148 silly packumentCache full:https://registry.npmjs.org/@babel%2fcore cache-miss
149 http fetch GET 200 https://registry.npmjs.org/@babel%2fcore 198ms (cache miss)
150 silly packumentCache full:https://registry.npmjs.org/@babel%2fcore set size:undefined disposed:false
151 silly fetch manifest @babel/eslint-parser@7.19.1
152 silly packumentCache full:https://registry.npmjs.org/@babel%2feslint-parser cache-miss
153 http fetch GET 200 https://registry.npmjs.org/@babel%2feslint-parser 274ms (cache miss)
154 silly packumentCache full:https://registry.npmjs.org/@babel%2feslint-parser set size:undefined disposed:false
155 silly fetch manifest @babel/plugin-proposal-class-properties@7.18.6
156 silly packumentCache full:https://registry.npmjs.org/@babel%2fplugin-proposal-class-properties cache-miss
157 http fetch GET 200 https://registry.npmjs.org/@babel%2fplugin-proposal-class-properties 123ms (cache miss)
158 silly packumentCache full:https://registry.npmjs.org/@babel%2fplugin-proposal-class-properties set size:undefined disposed:false
159 silly fetch manifest @babel/preset-env@7.20.2
160 silly packumentCache full:https://registry.npmjs.org/@babel%2fpreset-env cache-miss
161 http fetch GET 200 https://registry.npmjs.org/@babel%2fpreset-env 135ms (cache miss)
162 silly packumentCache full:https://registry.npmjs.org/@babel%2fpreset-env set size:undefined disposed:false
163 silly fetch manifest @babel/preset-react@7.18.6
164 silly packumentCache full:https://registry.npmjs.org/@babel%2fpreset-react cache-miss
165 http fetch GET 200 https://registry.npmjs.org/@babel%2fpreset-react 480ms (cache miss)
166 silly packumentCache full:https://registry.npmjs.org/@babel%2fpreset-react set size:undefined disposed:false
167 silly fetch manifest babel-loader@8.3.0
168 silly packumentCache full:https://registry.npmjs.org/babel-loader cache-miss
169 http fetch GET 200 https://registry.npmjs.org/babel-loader 86ms (cache miss)
170 silly packumentCache full:https://registry.npmjs.org/babel-loader set size:undefined disposed:false
171 silly fetch manifest eslint-config-prettier@8.6.0
172 silly packumentCache full:https://registry.npmjs.org/eslint-config-prettier cache-miss
173 http fetch GET 200 https://registry.npmjs.org/eslint-config-prettier 66ms (cache miss)
174 silly packumentCache full:https://registry.npmjs.org/eslint-config-prettier set size:undefined disposed:false
175 silly fetch manifest eslint-plugin-cypress@2.12.1
176 silly packumentCache full:https://registry.npmjs.org/eslint-plugin-cypress cache-miss
177 http fetch GET 200 https://registry.npmjs.org/eslint-plugin-cypress 374ms (cache miss)
178 silly packumentCache full:https://registry.npmjs.org/eslint-plugin-cypress set size:undefined disposed:false
179 silly fetch manifest eslint-plugin-ignore-generated-and-nolint@1.0.0
180 silly packumentCache full:https://registry.npmjs.org/eslint-plugin-ignore-generated-and-nolint cache-miss
181 http fetch GET 200 https://registry.npmjs.org/eslint-plugin-ignore-generated-and-nolint 400ms (cache miss)
182 silly packumentCache full:https://registry.npmjs.org/eslint-plugin-ignore-generated-and-nolint set size:undefined disposed:false
183 silly fetch manifest eslint-plugin-jsx-a11y@6.7.1
184 silly packumentCache full:https://registry.npmjs.org/eslint-plugin-jsx-a11y cache-miss
185 http fetch GET 200 https://registry.npmjs.org/eslint-plugin-jsx-a11y 107ms (cache miss)
186 silly packumentCache full:https://registry.npmjs.org/eslint-plugin-jsx-a11y set size:undefined disposed:false
187 silly fetch manifest eslint-plugin-react@7.32.2
188 silly packumentCache full:https://registry.npmjs.org/eslint-plugin-react cache-miss
189 http fetch GET 200 https://registry.npmjs.org/eslint-plugin-react 163ms (cache miss)
190 silly packumentCache full:https://registry.npmjs.org/eslint-plugin-react set size:undefined disposed:false
191 silly fetch manifest pixelmatch@5.3.0
192 silly packumentCache full:https://registry.npmjs.org/pixelmatch cache-miss
193 http fetch GET 200 https://registry.npmjs.org/pixelmatch 355ms (cache miss)
194 silly packumentCache full:https://registry.npmjs.org/pixelmatch set size:undefined disposed:false
195 silly fetch manifest pngjs@6.0.0
196 silly packumentCache full:https://registry.npmjs.org/pngjs cache-miss
197 http fetch GET 200 https://registry.npmjs.org/pngjs 96ms (cache miss)
198 silly packumentCache full:https://registry.npmjs.org/pngjs set size:undefined disposed:false
199 silly fetch manifest prettier@2.8.4
200 silly packumentCache full:https://registry.npmjs.org/prettier cache-miss
201 http fetch GET 200 https://registry.npmjs.org/prettier 140ms (cache miss)
202 silly packumentCache full:https://registry.npmjs.org/prettier set size:undefined disposed:false
203 silly fetch manifest webpack-cli@4.10.0
204 silly packumentCache full:https://registry.npmjs.org/webpack-cli cache-miss
205 http fetch GET 200 https://registry.npmjs.org/webpack-cli 508ms (cache miss)
206 silly packumentCache full:https://registry.npmjs.org/webpack-cli set size:undefined disposed:false
207 silly fetch manifest webpack-merge@5.8.0
208 silly packumentCache full:https://registry.npmjs.org/webpack-merge cache-miss
209 http fetch GET 200 https://registry.npmjs.org/webpack-merge 894ms (cache miss)
210 silly packumentCache full:https://registry.npmjs.org/webpack-merge set size:undefined disposed:false
211 silly placeDep ROOT @4tw/cypress-drag-drop@2.2.3 OK for: visdom@1.0.0 want: ^2.2.3
212 silly placeDep ROOT cypress@9.7.0 OK for: @4tw/cypress-drag-drop@2.2.3 want: ^2.1.0 || ^3.1.0 || ^4.0.0 || ^5.0.0 || ^6.0.0 || ^7.0.0 || ^8.0.0 || ^9.0.0 || ^10.0.0 || ^11.0.0 || ^12.0.0
213 silly placeDep ROOT @babel/core@7.22.8 OK for: visdom@1.0.0 want: ^7.20.12
214 silly placeDep ROOT @babel/eslint-parser@7.19.1 OK for: visdom@1.0.0 want: ^7.19.1
215 silly placeDep ROOT eslint@7.32.0 OK for: @babel/eslint-parser@7.19.1 want: ^7.5.0 || ^8.0.0
216 silly placeDep ROOT @babel/plugin-proposal-class-properties@7.18.6 OK for: visdom@1.0.0 want: ^7.18.6
217 silly placeDep ROOT @babel/preset-env@7.20.2 OK for: visdom@1.0.0 want: ^7.20.2
218 silly placeDep ROOT @babel/preset-react@7.18.6 OK for: visdom@1.0.0 want: ^7.18.6
219 silly placeDep ROOT assert@2.0.0 OK for: visdom@1.0.0 want: ^2.0.0
220 silly placeDep ROOT babel-loader@8.3.0 OK for: visdom@1.0.0 want: ^8.3.0
221 silly placeDep ROOT webpack@5.104.1 OK for: babel-loader@8.3.0 want: >=2
222 silly placeDep ROOT browserify-zlib@0.2.0 OK for: visdom@1.0.0 want: ^0.2.0
223 silly placeDep ROOT buffer@6.0.3 OK for: visdom@1.0.0 want: ^6.0.3
224 silly placeDep ROOT css-loader@6.7.3 OK for: visdom@1.0.0 want: ^6.7.3
225 silly placeDep ROOT d3-dispatch@1.0.6 OK for: visdom@1.0.0 want: ^1.0.6
226 silly placeDep ROOT d3-drag@1.2.5 OK for: visdom@1.0.0 want: ^1.2.5
227 silly placeDep ROOT d3-polygon@1.0.6 OK for: visdom@1.0.0 want: ^1.0.6
228 silly placeDep ROOT d3-selection@1.4.2 OK for: visdom@1.0.0 want: ^1.4.2
229 silly placeDep ROOT d3-zoom@1.8.3 OK for: visdom@1.0.0 want: ^1.8.3
230 silly placeDep ROOT debounce@1.2.1 OK for: visdom@1.0.0 want: ^1.2.1
231 silly placeDep ROOT eslint-config-prettier@8.6.0 OK for: visdom@1.0.0 want: ^8.6.0
232 silly placeDep ROOT eslint-plugin-cypress@2.12.1 OK for: visdom@1.0.0 want: ^2.12.1
233 silly placeDep ROOT eslint-plugin-ignore-generated-and-nolint@1.0.0 OK for: visdom@1.0.0 want: ^1.0.0
234 silly placeDep ROOT eslint-plugin-jsx-a11y@6.7.1 OK for: visdom@1.0.0 want: ^6.7.1
235 silly placeDep ROOT eslint-plugin-react@7.32.2 OK for: visdom@1.0.0 want: ^7.32.1
236 silly placeDep ROOT eslint-plugin-simple-import-sort@8.0.0 OK for: visdom@1.0.0 want: ^8.0.0
237 silly placeDep ROOT fast-json-patch@3.1.1 OK for: visdom@1.0.0 want: ^3.1.1
238 silly placeDep ROOT https-browserify@1.0.0 OK for: visdom@1.0.0 want: ^1.0.0
239 silly placeDep ROOT jquery@3.6.3 OK for: visdom@1.0.0 want: ^3.6.3
240 silly placeDep ROOT ml-savitzky-golay-generalized@4.0.1 OK for: visdom@1.0.0 want: ^4.0.1
241 silly placeDep ROOT pixelmatch@5.3.0 OK for: visdom@1.0.0 want: ^5.3.0
242 silly placeDep ROOT pngjs@6.0.0 OK for: visdom@1.0.0 want: ^6.0.0
243 silly placeDep ROOT prettier@2.8.4 OK for: visdom@1.0.0 want: ^2.8.3
244 silly placeDep ROOT rc-tree-select@1.12.13 OK for: visdom@1.0.0 want: ^1.12.13
245 silly placeDep ROOT react@17.0.2 OK for: visdom@1.0.0 want: ^17.0.2
246 silly placeDep ROOT react-devtools@4.27.2 OK for: visdom@1.0.0 want: ^4.27.1
247 silly placeDep ROOT react-dom@17.0.2 OK for: visdom@1.0.0 want: ^17.0.2
248 silly placeDep ROOT react-grid-layout@0.16.6 OK for: visdom@1.0.0 want: 0.16.6
249 silly placeDep ROOT react-modal@3.16.1 OK for: visdom@1.0.0 want: ^3.16.1
250 silly placeDep ROOT react-resize-detector@7.1.2 OK for: visdom@1.0.0 want: ^7.1.2
251 silly placeDep ROOT stream-browserify@3.0.0 OK for: visdom@1.0.0 want: ^3.0.0
252 silly placeDep ROOT stream-http@3.2.0 OK for: visdom@1.0.0 want: ^3.2.0
253 silly placeDep ROOT style-loader@3.3.1 OK for: visdom@1.0.0 want: ^3.3.1
254 silly placeDep ROOT three@0.105.2 OK for: visdom@1.0.0 want: ^0.105.2
255 silly placeDep ROOT url@0.11.0 OK for: visdom@1.0.0 want: ^0.11.0
256 silly placeDep ROOT util@0.12.5 OK for: visdom@1.0.0 want: ^0.12.5
257 silly placeDep ROOT webpack-cli@4.10.0 OK for: visdom@1.0.0 want: ^4.10.0
258 silly placeDep ROOT webpack-merge@5.8.0 OK for: visdom@1.0.0 want: ^5.8.0
259 silly placeDep ROOT whatwg-fetch@3.6.2 OK for: visdom@1.0.0 want: ^3.6.2
260 silly fetch manifest tmp@0.2.5
261 silly packumentCache full:https://registry.npmjs.org/tmp cache-miss
262 silly fetch manifest arch@2.2.0
263 silly packumentCache full:https://registry.npmjs.org/arch cache-miss
264 silly fetch manifest chalk@4.1.2
265 silly packumentCache full:https://registry.npmjs.org/chalk cache-miss
266 silly fetch manifest dayjs@1.11.7
267 silly packumentCache full:https://registry.npmjs.org/dayjs cache-miss
268 silly fetch manifest debug@4.3.4
269 silly packumentCache full:https://registry.npmjs.org/debug cache-miss
270 silly fetch manifest execa@4.1.0
271 silly packumentCache full:https://registry.npmjs.org/execa cache-miss
272 silly fetch manifest getos@3.2.1
273 silly packumentCache full:https://registry.npmjs.org/getos cache-miss
274 http fetch GET 200 https://registry.npmjs.org/tmp 86ms (cache miss)
275 silly packumentCache full:https://registry.npmjs.org/tmp set size:undefined disposed:false
276 silly fetch manifest is-ci@3.0.1
277 silly packumentCache full:https://registry.npmjs.org/is-ci cache-miss
278 http fetch GET 200 https://registry.npmjs.org/chalk 385ms (cache miss)
279 silly packumentCache full:https://registry.npmjs.org/chalk set size:undefined disposed:false
280 silly fetch manifest yauzl@2.10.0
281 silly packumentCache full:https://registry.npmjs.org/yauzl cache-miss
282 http fetch GET 200 https://registry.npmjs.org/execa 404ms (cache miss)
283 silly packumentCache full:https://registry.npmjs.org/execa set size:undefined disposed:false
284 silly fetch manifest buffer@5.7.1
285 silly packumentCache full:https://registry.npmjs.org/buffer cache-miss
286 http fetch GET 200 https://registry.npmjs.org/debug 426ms (cache miss)
287 silly packumentCache full:https://registry.npmjs.org/debug set size:undefined disposed:false
288 silly fetch manifest listr2@3.14.0
289 silly packumentCache full:https://registry.npmjs.org/listr2 cache-miss
290 http fetch GET 200 https://registry.npmjs.org/buffer 59ms (cache hit)
291 silly packumentCache full:https://registry.npmjs.org/buffer set size:280480 disposed:false
292 silly fetch manifest lodash@4.17.23
293 silly packumentCache full:https://registry.npmjs.org/lodash cache-miss
294 http fetch GET 200 https://registry.npmjs.org/dayjs 510ms (cache miss)
295 silly packumentCache full:https://registry.npmjs.org/dayjs set size:undefined disposed:false
296 silly fetch manifest ospath@1.2.2
297 silly packumentCache full:https://registry.npmjs.org/ospath cache-miss
298 http fetch GET 200 https://registry.npmjs.org/yauzl 134ms (cache miss)
299 silly packumentCache full:https://registry.npmjs.org/yauzl set size:undefined disposed:false
300 silly fetch manifest semver@7.5.4
301 silly packumentCache full:https://registry.npmjs.org/semver cache-miss
302 http fetch GET 200 https://registry.npmjs.org/lodash 97ms (cache miss)
303 silly packumentCache full:https://registry.npmjs.org/lodash set size:undefined disposed:false
304 silly fetch manifest figures@3.2.0
305 silly packumentCache full:https://registry.npmjs.org/figures cache-miss
306 http fetch GET 200 https://registry.npmjs.org/semver 102ms (cache miss)
307 silly packumentCache full:https://registry.npmjs.org/semver set size:undefined disposed:false
308 silly fetch manifest bluebird@3.7.2
309 silly packumentCache full:https://registry.npmjs.org/bluebird cache-miss
310 http fetch GET 200 https://registry.npmjs.org/getos 690ms (cache miss)
311 silly packumentCache full:https://registry.npmjs.org/getos set size:undefined disposed:false
312 silly fetch manifest cachedir@2.3.0
313 silly packumentCache full:https://registry.npmjs.org/cachedir cache-miss
314 http fetch GET 200 https://registry.npmjs.org/figures 103ms (cache miss)
315 silly packumentCache full:https://registry.npmjs.org/figures set size:undefined disposed:false
316 silly fetch manifest enquirer@2.3.6
317 silly packumentCache full:https://registry.npmjs.org/enquirer cache-miss
318 http fetch GET 200 https://registry.npmjs.org/enquirer 134ms (cache miss)
319 silly packumentCache full:https://registry.npmjs.org/enquirer set size:undefined disposed:false
320 silly fetch manifest fs-extra@9.1.0
321 silly packumentCache full:https://registry.npmjs.org/fs-extra cache-miss
322 http fetch GET 200 https://registry.npmjs.org/ospath 379ms (cache miss)
323 silly packumentCache full:https://registry.npmjs.org/ospath set size:undefined disposed:false
324 silly fetch manifest lazy-ass@1.6.0
325 silly packumentCache full:https://registry.npmjs.org/lazy-ass cache-miss
326 http fetch GET 200 https://registry.npmjs.org/is-ci 911ms (cache miss)
327 silly packumentCache full:https://registry.npmjs.org/is-ci set size:undefined disposed:false
328 silly fetch manifest minimist@1.2.8
329 silly packumentCache full:https://registry.npmjs.org/minimist cache-miss
330 http fetch GET 200 https://registry.npmjs.org/arch 1030ms (cache miss)
331 silly packumentCache full:https://registry.npmjs.org/arch set size:undefined disposed:false
332 silly fetch manifest blob-util@2.0.2
333 silly packumentCache full:https://registry.npmjs.org/blob-util cache-miss
334 http fetch GET 200 https://registry.npmjs.org/listr2 620ms (cache miss)
335 silly packumentCache full:https://registry.npmjs.org/listr2 set size:undefined disposed:false
336 silly fetch manifest commander@5.1.0
337 silly packumentCache full:https://registry.npmjs.org/commander cache-miss
338 http fetch GET 200 https://registry.npmjs.org/fs-extra 239ms (cache miss)
339 silly packumentCache full:https://registry.npmjs.org/fs-extra set size:undefined disposed:false
340 silly fetch manifest untildify@4.0.0
341 silly packumentCache full:https://registry.npmjs.org/untildify cache-miss
342 http fetch GET 200 https://registry.npmjs.org/cachedir 428ms (cache miss)
343 silly packumentCache full:https://registry.npmjs.org/cachedir set size:undefined disposed:false
344 silly fetch manifest cli-cursor@3.1.0
345 silly packumentCache full:https://registry.npmjs.org/cli-cursor cache-miss
346 http fetch GET 200 https://registry.npmjs.org/minimist 141ms (cache miss)
347 silly packumentCache full:https://registry.npmjs.org/minimist set size:undefined disposed:false
348 silly fetch manifest cli-table3@0.6.3
349 silly packumentCache full:https://registry.npmjs.org/cli-table3 cache-miss
350 http fetch GET 200 https://registry.npmjs.org/bluebird 510ms (cache miss)
351 silly packumentCache full:https://registry.npmjs.org/bluebird set size:undefined disposed:false
352 silly fetch manifest executable@4.1.1
353 silly packumentCache full:https://registry.npmjs.org/executable cache-miss
354 http fetch GET 200 https://registry.npmjs.org/untildify 110ms (cache miss)
355 silly packumentCache full:https://registry.npmjs.org/untildify set size:undefined disposed:false
356 silly fetch manifest @types/node@14.18.36
357 silly packumentCache full:https://registry.npmjs.org/@types%2fnode cache-miss
358 http fetch GET 200 https://registry.npmjs.org/cli-cursor 107ms (cache miss)
359 silly packumentCache full:https://registry.npmjs.org/cli-cursor set size:undefined disposed:false
360 silly fetch manifest common-tags@1.8.2
361 silly packumentCache full:https://registry.npmjs.org/common-tags cache-miss
362 http fetch GET 200 https://registry.npmjs.org/commander 164ms (cache miss)
363 silly packumentCache full:https://registry.npmjs.org/commander set size:undefined disposed:false
364 silly fetch manifest extract-zip@2.0.1
365 silly packumentCache full:https://registry.npmjs.org/extract-zip cache-miss
366 http fetch GET 200 https://registry.npmjs.org/cli-table3 117ms (cache miss)
367 silly packumentCache full:https://registry.npmjs.org/cli-table3 set size:undefined disposed:false
368 silly fetch manifest log-symbols@4.1.0
369 silly packumentCache full:https://registry.npmjs.org/log-symbols cache-miss
370 http fetch GET 200 https://registry.npmjs.org/extract-zip 123ms (cache miss)
371 silly packumentCache full:https://registry.npmjs.org/extract-zip set size:undefined disposed:false
372 silly fetch manifest pretty-bytes@5.6.0
373 silly packumentCache full:https://registry.npmjs.org/pretty-bytes cache-miss
374 http fetch GET 200 https://registry.npmjs.org/log-symbols 127ms (cache miss)
375 silly packumentCache full:https://registry.npmjs.org/log-symbols set size:undefined disposed:false
376 silly fetch manifest @cypress/xvfb@1.2.4
377 silly packumentCache full:https://registry.npmjs.org/@cypress%2fxvfb cache-miss
378 http fetch GET 200 https://registry.npmjs.org/common-tags 161ms (cache miss)
379 silly packumentCache full:https://registry.npmjs.org/common-tags set size:undefined disposed:false
380 silly fetch manifest @types/sizzle@2.3.3
381 silly packumentCache full:https://registry.npmjs.org/@types%2fsizzle cache-miss
382 http fetch GET 200 https://registry.npmjs.org/pretty-bytes 94ms (cache miss)
383 silly packumentCache full:https://registry.npmjs.org/pretty-bytes set size:undefined disposed:false
384 silly fetch manifest eventemitter2@6.4.9
385 silly packumentCache full:https://registry.npmjs.org/eventemitter2 cache-miss
386 http fetch GET 200 https://registry.npmjs.org/@types%2fnode 407ms (cache miss)
387 silly packumentCache full:https://registry.npmjs.org/@types%2fnode set size:undefined disposed:false
388 silly fetch manifest proxy-from-env@1.0.0
389 silly packumentCache full:https://registry.npmjs.org/proxy-from-env cache-miss
390 http fetch GET 200 https://registry.npmjs.org/lazy-ass 991ms (cache miss)
391 silly packumentCache full:https://registry.npmjs.org/lazy-ass set size:undefined disposed:false
392 silly fetch manifest supports-color@8.1.1
393 silly packumentCache full:https://registry.npmjs.org/supports-color cache-miss
394 http fetch GET 200 https://registry.npmjs.org/eventemitter2 425ms (cache miss)
395 silly packumentCache full:https://registry.npmjs.org/eventemitter2 set size:undefined disposed:false
396 silly fetch manifest @cypress/request@2.88.11
397 silly packumentCache full:https://registry.npmjs.org/@cypress%2frequest cache-miss
398 http fetch GET 200 https://registry.npmjs.org/proxy-from-env 92ms (cache miss)
399 silly packumentCache full:https://registry.npmjs.org/proxy-from-env set size:undefined disposed:false
400 silly fetch manifest check-more-types@2.24.0
401 silly packumentCache full:https://registry.npmjs.org/check-more-types cache-miss
402 http fetch GET 200 https://registry.npmjs.org/blob-util 915ms (cache miss)
403 silly packumentCache full:https://registry.npmjs.org/blob-util set size:undefined disposed:false
404 silly fetch manifest request-progress@3.0.0
405 silly packumentCache full:https://registry.npmjs.org/request-progress cache-miss
406 http fetch GET 200 https://registry.npmjs.org/supports-color 79ms (cache miss)
407 silly packumentCache full:https://registry.npmjs.org/supports-color set size:undefined disposed:false
408 silly fetch manifest is-installed-globally@0.4.0
409 silly packumentCache full:https://registry.npmjs.org/is-installed-globally cache-miss
410 http fetch GET 200 https://registry.npmjs.org/executable 892ms (cache miss)
411 silly packumentCache full:https://registry.npmjs.org/executable set size:undefined disposed:false
412 silly fetch manifest @types/sinonjs__fake-timers@8.1.1
413 silly packumentCache full:https://registry.npmjs.org/@types%2fsinonjs__fake-timers cache-miss
414 http fetch GET 200 https://registry.npmjs.org/is-installed-globally 476ms (cache miss)
415 silly packumentCache full:https://registry.npmjs.org/is-installed-globally set size:undefined disposed:false
416 silly fetch manifest json5@2.2.3
417 silly packumentCache full:https://registry.npmjs.org/json5 cache-miss
418 http fetch GET 200 https://registry.npmjs.org/request-progress 527ms (cache miss)
419 silly packumentCache full:https://registry.npmjs.org/request-progress set size:undefined disposed:false
420 silly fetch manifest gensync@1.0.0-beta.2
421 silly packumentCache full:https://registry.npmjs.org/gensync cache-miss
422 http fetch GET 200 https://registry.npmjs.org/@cypress%2fxvfb 1093ms (cache miss)
423 silly packumentCache full:https://registry.npmjs.org/@cypress%2fxvfb set size:undefined disposed:false
424 silly fetch manifest @babel/types@7.23.0
425 silly packumentCache full:https://registry.npmjs.org/@babel%2ftypes cache-miss
426 http fetch GET 200 https://registry.npmjs.org/gensync 103ms (cache miss)
427 silly packumentCache full:https://registry.npmjs.org/gensync set size:undefined disposed:false
428 silly fetch manifest @babel/parser@7.23.0
429 silly packumentCache full:https://registry.npmjs.org/@babel%2fparser cache-miss
430 http fetch GET 200 https://registry.npmjs.org/json5 135ms (cache miss)
431 silly packumentCache full:https://registry.npmjs.org/json5 set size:undefined disposed:false
432 silly fetch manifest @babel/helpers@7.22.6
433 silly packumentCache full:https://registry.npmjs.org/@babel%2fhelpers cache-miss
434 http fetch GET 200 https://registry.npmjs.org/@babel%2fparser 167ms (cache miss)
435 silly packumentCache full:https://registry.npmjs.org/@babel%2fparser set size:undefined disposed:false
436 silly fetch manifest @babel/template@7.22.15
437 silly packumentCache full:https://registry.npmjs.org/@babel%2ftemplate cache-miss
438 http fetch GET 200 https://registry.npmjs.org/@babel%2fhelpers 211ms (cache miss)
439 silly packumentCache full:https://registry.npmjs.org/@babel%2fhelpers set size:undefined disposed:false
440 silly fetch manifest @babel/traverse@7.23.2
441 silly packumentCache full:https://registry.npmjs.org/@babel%2ftraverse cache-miss
442 http fetch GET 200 https://registry.npmjs.org/check-more-types 917ms (cache miss)
443 silly packumentCache full:https://registry.npmjs.org/check-more-types set size:undefined disposed:false
444 silly fetch manifest @babel/generator@7.23.0
445 silly packumentCache full:https://registry.npmjs.org/@babel%2fgenerator cache-miss
446 http fetch GET 200 https://registry.npmjs.org/@babel%2ftemplate 185ms (cache miss)
447 silly packumentCache full:https://registry.npmjs.org/@babel%2ftemplate set size:undefined disposed:false
448 silly fetch manifest @babel/code-frame@7.22.5
449 silly packumentCache full:https://registry.npmjs.org/@babel%2fcode-frame cache-miss
450 http fetch GET 200 https://registry.npmjs.org/@babel%2ftypes 519ms (cache miss)
451 silly packumentCache full:https://registry.npmjs.org/@babel%2ftypes set size:undefined disposed:false
452 silly fetch manifest convert-source-map@1.9.0
453 silly packumentCache full:https://registry.npmjs.org/convert-source-map cache-miss
454 http fetch GET 200 https://registry.npmjs.org/@babel%2fgenerator 188ms (cache miss)
455 silly packumentCache full:https://registry.npmjs.org/@babel%2fgenerator set size:undefined disposed:false
456 silly fetch manifest @ampproject/remapping@2.2.0
457 silly packumentCache full:https://registry.npmjs.org/@ampproject%2fremapping cache-miss
458 http fetch GET 200 https://registry.npmjs.org/@babel%2ftraverse 232ms (cache miss)
459 silly packumentCache full:https://registry.npmjs.org/@babel%2ftraverse set size:undefined disposed:false
460 silly fetch manifest @nicolo-ribaudo/semver-v6@6.3.3
461 silly packumentCache full:https://registry.npmjs.org/@nicolo-ribaudo%2fsemver-v6 cache-miss
462 http fetch GET 200 https://registry.npmjs.org/@babel%2fcode-frame 92ms (cache miss)
463 silly packumentCache full:https://registry.npmjs.org/@babel%2fcode-frame set size:undefined disposed:false
464 silly fetch manifest @babel/helper-module-transforms@7.22.5
465 silly packumentCache full:https://registry.npmjs.org/@babel%2fhelper-module-transforms cache-miss
466 http fetch GET 200 https://registry.npmjs.org/convert-source-map 107ms (cache miss)
467 silly packumentCache full:https://registry.npmjs.org/convert-source-map set size:undefined disposed:false
468 silly fetch manifest @babel/helper-compilation-targets@7.22.6
469 silly packumentCache full:https://registry.npmjs.org/@babel%2fhelper-compilation-targets cache-miss
470 http fetch GET 200 https://registry.npmjs.org/@babel%2fhelper-module-transforms 92ms (cache miss)
471 silly packumentCache full:https://registry.npmjs.org/@babel%2fhelper-module-transforms set size:undefined disposed:false
472 silly fetch manifest semver@6.3.1
473 silly packumentCache full:https://registry.npmjs.org/semver cache-miss
474 http fetch GET 200 https://registry.npmjs.org/semver 15ms (cache hit)
475 silly packumentCache full:https://registry.npmjs.org/semver set size:229620 disposed:false
476 silly fetch manifest eslint-visitor-keys@2.1.0
477 silly packumentCache full:https://registry.npmjs.org/eslint-visitor-keys cache-miss
478 http fetch GET 200 https://registry.npmjs.org/@types%2fsizzle 1821ms (cache miss)
479 silly packumentCache full:https://registry.npmjs.org/@types%2fsizzle set size:undefined disposed:false
480 silly fetch manifest @nicolo-ribaudo/eslint-scope-5-internals@5.1.1-v1
481 silly packumentCache full:https://registry.npmjs.org/@nicolo-ribaudo%2feslint-scope-5-internals cache-miss
482 http fetch GET 200 https://registry.npmjs.org/@babel%2fhelper-compilation-targets 100ms (cache miss)
483 silly packumentCache full:https://registry.npmjs.org/@babel%2fhelper-compilation-targets set size:undefined disposed:false
484 silly fetch manifest ajv@6.12.6
485 silly packumentCache full:https://registry.npmjs.org/ajv cache-miss
486 http fetch GET 200 https://registry.npmjs.org/eslint-visitor-keys 77ms (cache miss)
487 silly packumentCache full:https://registry.npmjs.org/eslint-visitor-keys set size:undefined disposed:false
488 silly fetch manifest levn@0.4.1
489 silly packumentCache full:https://registry.npmjs.org/levn cache-miss
490 http fetch GET 200 https://registry.npmjs.org/@nicolo-ribaudo%2feslint-scope-5-internals 95ms (cache miss)
491 silly packumentCache full:https://registry.npmjs.org/@nicolo-ribaudo%2feslint-scope-5-internals set size:undefined disposed:false
492 silly fetch manifest table@6.8.1
493 silly packumentCache full:https://registry.npmjs.org/table cache-miss
494 http fetch GET 200 https://registry.npmjs.org/@cypress%2frequest 1443ms (cache miss)
495 silly packumentCache full:https://registry.npmjs.org/@cypress%2frequest set size:undefined disposed:false
496 silly fetch manifest espree@7.3.1
497 silly packumentCache full:https://registry.npmjs.org/espree cache-miss
498 http fetch GET 200 https://registry.npmjs.org/levn 91ms (cache miss)
499 silly packumentCache full:https://registry.npmjs.org/levn set size:undefined disposed:false
500 silly fetch manifest ignore@4.0.6
501 silly packumentCache full:https://registry.npmjs.org/ignore cache-miss
502 http fetch GET 200 https://registry.npmjs.org/ajv 164ms (cache miss)
503 silly packumentCache full:https://registry.npmjs.org/ajv set size:undefined disposed:false
504 silly fetch manifest esquery@1.5.0
505 silly packumentCache full:https://registry.npmjs.org/esquery cache-miss
506 http fetch GET 200 https://registry.npmjs.org/table 134ms (cache miss)
507 silly packumentCache full:https://registry.npmjs.org/table set size:undefined disposed:false
508 silly fetch manifest esutils@2.0.3
509 silly packumentCache full:https://registry.npmjs.org/esutils cache-miss
510 http fetch GET 200 https://registry.npmjs.org/espree 129ms (cache miss)
511 silly packumentCache full:https://registry.npmjs.org/espree set size:undefined disposed:false
512 silly fetch manifest globals@13.20.0
513 silly packumentCache full:https://registry.npmjs.org/globals cache-miss
514 http fetch GET 200 https://registry.npmjs.org/ignore 107ms (cache miss)
515 silly packumentCache full:https://registry.npmjs.org/ignore set size:undefined disposed:false
516 silly fetch manifest is-glob@4.0.3
517 silly packumentCache full:https://registry.npmjs.org/is-glob cache-miss
518 http fetch GET 200 https://registry.npmjs.org/esquery 90ms (cache miss)
519 silly packumentCache full:https://registry.npmjs.org/esquery set size:undefined disposed:false
520 silly fetch manifest js-yaml@3.14.2
521 silly packumentCache full:https://registry.npmjs.org/js-yaml cache-miss
522 http fetch GET 200 https://registry.npmjs.org/esutils 89ms (cache miss)
523 silly packumentCache full:https://registry.npmjs.org/esutils set size:undefined disposed:false
524 silly fetch manifest regexpp@3.2.0
525 silly packumentCache full:https://registry.npmjs.org/regexpp cache-miss
526 http fetch GET 200 https://registry.npmjs.org/globals 95ms (cache miss)
527 silly packumentCache full:https://registry.npmjs.org/globals set size:undefined disposed:false
528 silly fetch manifest doctrine@3.0.0
529 silly packumentCache full:https://registry.npmjs.org/doctrine cache-miss
530 http fetch GET 200 https://registry.npmjs.org/is-glob 111ms (cache miss)
531 silly packumentCache full:https://registry.npmjs.org/is-glob set size:undefined disposed:false
532 silly fetch manifest progress@2.0.3
533 silly packumentCache full:https://registry.npmjs.org/progress cache-miss
534 http fetch GET 200 https://registry.npmjs.org/js-yaml 107ms (cache miss)
535 silly packumentCache full:https://registry.npmjs.org/js-yaml set size:undefined disposed:false
536 silly fetch manifest minimatch@3.1.2
537 silly packumentCache full:https://registry.npmjs.org/minimatch cache-miss
538 http fetch GET 200 https://registry.npmjs.org/doctrine 107ms (cache miss)
539 silly packumentCache full:https://registry.npmjs.org/doctrine set size:undefined disposed:false
540 silly fetch manifest optionator@0.9.1
541 silly packumentCache full:https://registry.npmjs.org/optionator cache-miss
542 http fetch GET 200 https://registry.npmjs.org/progress 112ms (cache miss)
543 silly packumentCache full:https://registry.npmjs.org/progress set size:undefined disposed:false
544 silly fetch manifest strip-ansi@6.0.1
545 silly packumentCache full:https://registry.npmjs.org/strip-ansi cache-miss
546 http fetch GET 200 https://registry.npmjs.org/minimatch 113ms (cache miss)
547 silly packumentCache full:https://registry.npmjs.org/minimatch set size:undefined disposed:false
548 silly fetch manifest text-table@0.2.0
549 silly packumentCache full:https://registry.npmjs.org/text-table cache-miss
550 http fetch GET 200 https://registry.npmjs.org/optionator 108ms (cache miss)
551 silly packumentCache full:https://registry.npmjs.org/optionator set size:undefined disposed:false
552 silly fetch manifest cross-spawn@7.0.3
553 silly packumentCache full:https://registry.npmjs.org/cross-spawn cache-miss
554 http fetch GET 200 https://registry.npmjs.org/@types%2fsinonjs__fake-timers 1802ms (cache miss)
555 silly packumentCache full:https://registry.npmjs.org/@types%2fsinonjs__fake-timers set size:undefined disposed:false
556 silly fetch manifest glob-parent@5.1.2
557 silly packumentCache full:https://registry.npmjs.org/glob-parent cache-miss
558 http fetch GET 200 https://registry.npmjs.org/text-table 82ms (cache miss)
559 silly packumentCache full:https://registry.npmjs.org/text-table set size:undefined disposed:false
560 silly fetch manifest imurmurhash@0.1.4
561 silly packumentCache full:https://registry.npmjs.org/imurmurhash cache-miss
562 http fetch GET 200 https://registry.npmjs.org/strip-ansi 109ms (cache miss)
563 silly packumentCache full:https://registry.npmjs.org/strip-ansi set size:undefined disposed:false
564 silly fetch manifest eslint-scope@5.1.1
565 silly packumentCache full:https://registry.npmjs.org/eslint-scope cache-miss
566 http fetch GET 200 https://registry.npmjs.org/regexpp 398ms (cache miss)
567 silly packumentCache full:https://registry.npmjs.org/regexpp set size:undefined disposed:false
568 silly fetch manifest eslint-utils@2.1.0
569 silly packumentCache full:https://registry.npmjs.org/eslint-utils cache-miss
570 http fetch GET 200 https://registry.npmjs.org/glob-parent 115ms (cache miss)
571 silly packumentCache full:https://registry.npmjs.org/glob-parent set size:undefined disposed:false
572 silly fetch manifest import-fresh@3.3.0
573 silly packumentCache full:https://registry.npmjs.org/import-fresh cache-miss
574 http fetch GET 200 https://registry.npmjs.org/cross-spawn 133ms (cache miss)
575 silly packumentCache full:https://registry.npmjs.org/cross-spawn set size:undefined disposed:false
576 silly fetch manifest lodash.merge@4.6.2
577 silly packumentCache full:https://registry.npmjs.org/lodash.merge cache-miss
578 http fetch GET 200 https://registry.npmjs.org/imurmurhash 126ms (cache miss)
579 silly packumentCache full:https://registry.npmjs.org/imurmurhash set size:undefined disposed:false
580 silly fetch manifest fast-deep-equal@3.1.3
581 silly packumentCache full:https://registry.npmjs.org/fast-deep-equal cache-miss
582 http fetch GET 200 https://registry.npmjs.org/eslint-scope 128ms (cache miss)
583 silly packumentCache full:https://registry.npmjs.org/eslint-scope set size:undefined disposed:false
584 silly fetch manifest natural-compare@1.4.0
585 silly packumentCache full:https://registry.npmjs.org/natural-compare cache-miss
586 http fetch GET 200 https://registry.npmjs.org/import-fresh 88ms (cache miss)
587 silly packumentCache full:https://registry.npmjs.org/import-fresh set size:undefined disposed:false
588 silly fetch manifest @eslint/eslintrc@0.4.3
589 silly packumentCache full:https://registry.npmjs.org/@eslint%2feslintrc cache-miss
590 http fetch GET 200 https://registry.npmjs.org/natural-compare 89ms (cache miss)
591 silly packumentCache full:https://registry.npmjs.org/natural-compare set size:undefined disposed:false
592 silly fetch manifest file-entry-cache@6.0.1
593 silly packumentCache full:https://registry.npmjs.org/file-entry-cache cache-miss
594 http fetch GET 200 https://registry.npmjs.org/fast-deep-equal 104ms (cache miss)
595 silly packumentCache full:https://registry.npmjs.org/fast-deep-equal set size:undefined disposed:false
596 silly fetch manifest v8-compile-cache@2.3.0
597 silly packumentCache full:https://registry.npmjs.org/v8-compile-cache cache-miss
598 http fetch GET 200 https://registry.npmjs.org/lodash.merge 118ms (cache miss)
599 silly packumentCache full:https://registry.npmjs.org/lodash.merge set size:undefined disposed:false
600 silly fetch manifest @babel/code-frame@7.12.11
601 silly packumentCache full:https://registry.npmjs.org/@babel%2fcode-frame cache-miss
602 http fetch GET 200 https://registry.npmjs.org/@babel%2fcode-frame 9ms (cache hit)
603 silly packumentCache full:https://registry.npmjs.org/@babel%2fcode-frame set size:196196 disposed:false
604 silly fetch manifest strip-json-comments@3.1.1
605 silly packumentCache full:https://registry.npmjs.org/strip-json-comments cache-miss
606 http fetch GET 200 https://registry.npmjs.org/file-entry-cache 98ms (cache miss)
607 silly packumentCache full:https://registry.npmjs.org/file-entry-cache set size:undefined disposed:false
608 silly fetch manifest escape-string-regexp@4.0.0
609 silly packumentCache full:https://registry.npmjs.org/escape-string-regexp cache-miss
610 http fetch GET 200 https://registry.npmjs.org/@eslint%2feslintrc 153ms (cache miss)
611 silly packumentCache full:https://registry.npmjs.org/@eslint%2feslintrc set size:undefined disposed:false
612 silly fetch manifest functional-red-black-tree@1.0.1
613 silly packumentCache full:https://registry.npmjs.org/functional-red-black-tree cache-miss
614 http fetch GET 200 https://registry.npmjs.org/strip-json-comments 114ms (cache miss)
615 silly packumentCache full:https://registry.npmjs.org/strip-json-comments set size:undefined disposed:false
616 silly fetch manifest @humanwhocodes/config-array@0.5.0
617 silly packumentCache full:https://registry.npmjs.org/@humanwhocodes%2fconfig-array cache-miss
618 http fetch GET 200 https://registry.npmjs.org/escape-string-regexp 89ms (cache miss)
619 silly packumentCache full:https://registry.npmjs.org/escape-string-regexp set size:undefined disposed:false
620 silly fetch manifest json-stable-stringify-without-jsonify@1.0.1
621 silly packumentCache full:https://registry.npmjs.org/json-stable-stringify-without-jsonify cache-miss
622 http fetch GET 200 https://registry.npmjs.org/eslint-utils 370ms (cache miss)
623 silly packumentCache full:https://registry.npmjs.org/eslint-utils set size:undefined disposed:false
624 silly fetch manifest @babel/helper-create-class-features-plugin@7.21.0
625 silly packumentCache full:https://registry.npmjs.org/@babel%2fhelper-create-class-features-plugin cache-miss
626 http fetch GET 200 https://registry.npmjs.org/@humanwhocodes%2fconfig-array 107ms (cache miss)
627 silly packumentCache full:https://registry.npmjs.org/@humanwhocodes%2fconfig-array set size:undefined disposed:false
628 silly fetch manifest @babel/helper-plugin-utils@7.20.2
629 silly packumentCache full:https://registry.npmjs.org/@babel%2fhelper-plugin-utils cache-miss
630 http fetch GET 200 https://registry.npmjs.org/json-stable-stringify-without-jsonify 105ms (cache miss)
631 silly packumentCache full:https://registry.npmjs.org/json-stable-stringify-without-jsonify set size:undefined disposed:false
632 silly fetch manifest core-js-compat@3.31.1
633 silly packumentCache full:https://registry.npmjs.org/core-js-compat cache-miss
634 http fetch GET 200 https://registry.npmjs.org/@babel%2fhelper-create-class-features-plugin 136ms (cache miss)
635 silly packumentCache full:https://registry.npmjs.org/@babel%2fhelper-create-class-features-plugin set size:undefined disposed:false
636 silly fetch manifest @babel/compat-data@7.22.6
637 silly packumentCache full:https://registry.npmjs.org/@babel%2fcompat-data cache-miss
638 http fetch GET 200 https://registry.npmjs.org/@babel%2fhelper-plugin-utils 159ms (cache miss)
639 silly packumentCache full:https://registry.npmjs.org/@babel%2fhelper-plugin-utils set size:undefined disposed:false
640 silly fetch manifest @babel/preset-modules@0.1.5
641 silly packumentCache full:https://registry.npmjs.org/@babel%2fpreset-modules cache-miss
642 http fetch GET 200 https://registry.npmjs.org/@ampproject%2fremapping 1496ms (cache miss)
643 silly packumentCache full:https://registry.npmjs.org/@ampproject%2fremapping set size:undefined disposed:false
644 silly fetch manifest babel-plugin-polyfill-corejs2@0.3.3
645 silly packumentCache full:https://registry.npmjs.org/babel-plugin-polyfill-corejs2 cache-miss
646 http fetch GET 200 https://registry.npmjs.org/core-js-compat 152ms (cache miss)
647 silly packumentCache full:https://registry.npmjs.org/core-js-compat set size:undefined disposed:false
648 silly fetch manifest babel-plugin-polyfill-corejs3@0.6.0
649 silly packumentCache full:https://registry.npmjs.org/babel-plugin-polyfill-corejs3 cache-miss
650 http fetch GET 200 https://registry.npmjs.org/functional-red-black-tree 388ms (cache miss)
651 silly packumentCache full:https://registry.npmjs.org/functional-red-black-tree set size:undefined disposed:false
652 silly fetch manifest @babel/helper-validator-option@7.22.5
653 silly packumentCache full:https://registry.npmjs.org/@babel%2fhelper-validator-option cache-miss
654 http fetch GET 200 https://registry.npmjs.org/@nicolo-ribaudo%2fsemver-v6 1557ms (cache miss)
655 silly packumentCache full:https://registry.npmjs.org/@nicolo-ribaudo%2fsemver-v6 set size:undefined disposed:false
656 silly fetch manifest @babel/plugin-transform-for-of@7.21.0
657 silly packumentCache full:https://registry.npmjs.org/@babel%2fplugin-transform-for-of cache-miss
658 http fetch GET 200 https://registry.npmjs.org/@babel%2fpreset-modules 118ms (cache miss)
659 silly packumentCache full:https://registry.npmjs.org/@babel%2fpreset-modules set size:undefined disposed:false
660 silly fetch manifest @babel/plugin-transform-spread@7.20.7
661 silly packumentCache full:https://registry.npmjs.org/@babel%2fplugin-transform-spread cache-miss
662 http fetch GET 200 https://registry.npmjs.org/@babel%2fcompat-data 168ms (cache miss)
663 silly packumentCache full:https://registry.npmjs.org/@babel%2fcompat-data set size:undefined disposed:false
664 silly fetch manifest @babel/plugin-transform-classes@7.21.0
665 silly packumentCache full:https://registry.npmjs.org/@babel%2fplugin-transform-classes cache-miss
666 http fetch GET 200 https://registry.npmjs.org/babel-plugin-polyfill-corejs3 112ms (cache miss)
667 silly packumentCache full:https://registry.npmjs.org/babel-plugin-polyfill-corejs3 set size:undefined disposed:false
668 silly fetch manifest @babel/plugin-transform-literals@7.18.9
669 silly packumentCache full:https://registry.npmjs.org/@babel%2fplugin-transform-literals cache-miss
670 http fetch GET 200 https://registry.npmjs.org/babel-plugin-polyfill-corejs2 136ms (cache miss)
671 silly packumentCache full:https://registry.npmjs.org/babel-plugin-polyfill-corejs2 set size:undefined disposed:false
672 silly fetch manifest @babel/plugin-syntax-json-strings@7.8.3
673 silly packumentCache full:https://registry.npmjs.org/@babel%2fplugin-syntax-json-strings cache-miss
674 http fetch GET 200 https://registry.npmjs.org/@babel%2fhelper-validator-option 94ms (cache miss)
675 silly packumentCache full:https://registry.npmjs.org/@babel%2fhelper-validator-option set size:undefined disposed:false
676 silly fetch manifest babel-plugin-polyfill-regenerator@0.4.1
677 silly packumentCache full:https://registry.npmjs.org/babel-plugin-polyfill-regenerator cache-miss
678 http fetch GET 200 https://registry.npmjs.org/@babel%2fplugin-transform-for-of 106ms (cache miss)
679 silly packumentCache full:https://registry.npmjs.org/@babel%2fplugin-transform-for-of set size:undefined disposed:false
680 silly fetch manifest @babel/plugin-transform-new-target@7.18.6
681 silly packumentCache full:https://registry.npmjs.org/@babel%2fplugin-transform-new-target cache-miss
682 http fetch GET 200 https://registry.npmjs.org/@babel%2fplugin-transform-spread 107ms (cache miss)
683 silly packumentCache full:https://registry.npmjs.org/@babel%2fplugin-transform-spread set size:undefined disposed:false
684 silly fetch manifest @babel/plugin-transform-parameters@7.20.7
685 silly packumentCache full:https://registry.npmjs.org/@babel%2fplugin-transform-parameters cache-miss
686 http fetch GET 200 https://registry.npmjs.org/@babel%2fplugin-transform-literals 92ms (cache miss)
687 silly packumentCache full:https://registry.npmjs.org/@babel%2fplugin-transform-literals set size:undefined disposed:false
688 silly fetch manifest @babel/plugin-proposal-json-strings@7.18.6
689 silly packumentCache full:https://registry.npmjs.org/@babel%2fplugin-proposal-json-strings cache-miss
690 http fetch GET 200 https://registry.npmjs.org/@babel%2fplugin-transform-classes 132ms (cache miss)
691 silly packumentCache full:https://registry.npmjs.org/@babel%2fplugin-transform-classes set size:undefined disposed:false
692 silly fetch manifest @babel/plugin-syntax-dynamic-import@7.8.3
693 silly packumentCache full:https://registry.npmjs.org/@babel%2fplugin-syntax-dynamic-import cache-miss
694 http fetch GET 200 https://registry.npmjs.org/@babel%2fplugin-syntax-json-strings 117ms (cache miss)
695 silly packumentCache full:https://registry.npmjs.org/@babel%2fplugin-syntax-json-strings set size:undefined disposed:false
696 silly fetch manifest @babel/plugin-transform-modules-amd@7.20.11
697 silly packumentCache full:https://registry.npmjs.org/@babel%2fplugin-transform-modules-amd cache-miss
698 http fetch GET 200 https://registry.npmjs.org/babel-plugin-polyfill-regenerator 117ms (cache miss)
699 silly packumentCache full:https://registry.npmjs.org/babel-plugin-polyfill-regenerator set size:undefined disposed:false
700 silly fetch manifest @babel/plugin-transform-modules-umd@7.18.6
701 silly packumentCache full:https://registry.npmjs.org/@babel%2fplugin-transform-modules-umd cache-miss
702 http fetch GET 200 https://registry.npmjs.org/@babel%2fplugin-transform-new-target 103ms (cache miss)
703 silly packumentCache full:https://registry.npmjs.org/@babel%2fplugin-transform-new-target set size:undefined disposed:false
704 silly fetch manifest @babel/plugin-transform-regenerator@7.20.5
705 silly packumentCache full:https://registry.npmjs.org/@babel%2fplugin-transform-regenerator cache-miss
706 http fetch GET 200 https://registry.npmjs.org/@babel%2fplugin-transform-parameters 109ms (cache miss)
707 silly packumentCache full:https://registry.npmjs.org/@babel%2fplugin-transform-parameters set size:undefined disposed:false
708 silly fetch manifest @babel/plugin-syntax-top-level-await@7.14.5
709 silly packumentCache full:https://registry.npmjs.org/@babel%2fplugin-syntax-top-level-await cache-miss
710 http fetch GET 200 https://registry.npmjs.org/@babel%2fplugin-syntax-dynamic-import 105ms (cache miss)
711 silly packumentCache full:https://registry.npmjs.org/@babel%2fplugin-syntax-dynamic-import set size:undefined disposed:false
712 silly fetch manifest @babel/plugin-transform-dotall-regex@7.18.6
713 silly packumentCache full:https://registry.npmjs.org/@babel%2fplugin-transform-dotall-regex cache-miss
714 http fetch GET 200 https://registry.npmjs.org/@babel%2fplugin-transform-modules-amd 117ms (cache miss)
715 silly packumentCache full:https://registry.npmjs.org/@babel%2fplugin-transform-modules-amd set size:undefined disposed:false
716 silly fetch manifest @babel/plugin-transform-object-super@7.18.6
717 silly packumentCache full:https://registry.npmjs.org/@babel%2fplugin-transform-object-super cache-miss
718 http fetch GET 200 https://registry.npmjs.org/@babel%2fplugin-transform-modules-umd 120ms (cache miss)
719 silly packumentCache full:https://registry.npmjs.org/@babel%2fplugin-transform-modules-umd set size:undefined disposed:false
720 silly fetch manifest @babel/plugin-transform-sticky-regex@7.18.6
721 silly packumentCache full:https://registry.npmjs.org/@babel%2fplugin-transform-sticky-regex cache-miss
722 http fetch GET 200 https://registry.npmjs.org/@babel%2fplugin-syntax-top-level-await 90ms (cache miss)
723 silly packumentCache full:https://registry.npmjs.org/@babel%2fplugin-syntax-top-level-await set size:undefined disposed:false
724 silly fetch manifest @babel/plugin-proposal-dynamic-import@7.18.6
725 silly packumentCache full:https://registry.npmjs.org/@babel%2fplugin-proposal-dynamic-import cache-miss
726 http fetch GET 200 https://registry.npmjs.org/@babel%2fplugin-transform-regenerator 126ms (cache miss)
727 silly packumentCache full:https://registry.npmjs.org/@babel%2fplugin-transform-regenerator set size:undefined disposed:false
728 silly fetch manifest @babel/plugin-syntax-async-generators@7.8.4
729 silly packumentCache full:https://registry.npmjs.org/@babel%2fplugin-syntax-async-generators cache-miss
730 http fetch GET 200 https://registry.npmjs.org/@babel%2fplugin-transform-object-super 98ms (cache miss)
731 silly packumentCache full:https://registry.npmjs.org/@babel%2fplugin-transform-object-super set size:undefined disposed:false
732 silly fetch manifest @babel/plugin-syntax-class-properties@7.12.13
733 silly packumentCache full:https://registry.npmjs.org/@babel%2fplugin-syntax-class-properties cache-miss
734 http fetch GET 200 https://registry.npmjs.org/@babel%2fplugin-transform-sticky-regex 89ms (cache miss)
735 silly packumentCache full:https://registry.npmjs.org/@babel%2fplugin-transform-sticky-regex set size:undefined disposed:false
736 silly fetch manifest @babel/plugin-transform-block-scoping@7.21.0
737 silly packumentCache full:https://registry.npmjs.org/@babel%2fplugin-transform-block-scoping cache-miss
738 http fetch GET 200 https://registry.npmjs.org/v8-compile-cache 980ms (cache miss)
739 silly packumentCache full:https://registry.npmjs.org/v8-compile-cache set size:undefined disposed:false
740 silly fetch manifest @babel/plugin-transform-destructuring@7.20.7
741 silly packumentCache full:https://registry.npmjs.org/@babel%2fplugin-transform-destructuring cache-miss
742 http fetch GET 200 https://registry.npmjs.org/@babel%2fplugin-syntax-async-generators 99ms (cache miss)
743 silly packumentCache full:https://registry.npmjs.org/@babel%2fplugin-syntax-async-generators set size:undefined disposed:false
744 silly fetch manifest @babel/plugin-transform-function-name@7.18.9
745 silly packumentCache full:https://registry.npmjs.org/@babel%2fplugin-transform-function-name cache-miss
746 http fetch GET 200 https://registry.npmjs.org/@babel%2fplugin-syntax-class-properties 120ms (cache miss)
747 silly packumentCache full:https://registry.npmjs.org/@babel%2fplugin-syntax-class-properties set size:undefined disposed:false
748 silly fetch manifest @babel/plugin-transform-typeof-symbol@7.18.9
749 silly packumentCache full:https://registry.npmjs.org/@babel%2fplugin-transform-typeof-symbol cache-miss
750 http fetch GET 200 https://registry.npmjs.org/@babel%2fplugin-transform-destructuring 113ms (cache miss)
751 silly packumentCache full:https://registry.npmjs.org/@babel%2fplugin-transform-destructuring set size:undefined disposed:false
752 silly fetch manifest @babel/plugin-transform-unicode-regex@7.18.6
753 silly packumentCache full:https://registry.npmjs.org/@babel%2fplugin-transform-unicode-regex cache-miss
754 http fetch GET 200 https://registry.npmjs.org/@babel%2fplugin-transform-block-scoping 146ms (cache miss)
755 silly packumentCache full:https://registry.npmjs.org/@babel%2fplugin-transform-block-scoping set size:undefined disposed:false
756 silly fetch manifest @babel/plugin-proposal-private-methods@7.18.6
757 silly packumentCache full:https://registry.npmjs.org/@babel%2fplugin-proposal-private-methods cache-miss
758 http fetch GET 200 https://registry.npmjs.org/@babel%2fplugin-transform-function-name 122ms (cache miss)
759 silly packumentCache full:https://registry.npmjs.org/@babel%2fplugin-transform-function-name set size:undefined disposed:false
760 silly fetch manifest @babel/plugin-syntax-import-assertions@7.20.0
761 silly packumentCache full:https://registry.npmjs.org/@babel%2fplugin-syntax-import-assertions cache-miss
762 http fetch GET 200 https://registry.npmjs.org/@babel%2fplugin-transform-typeof-symbol 95ms (cache miss)
763 silly packumentCache full:https://registry.npmjs.org/@babel%2fplugin-transform-typeof-symbol set size:undefined disposed:false
764 silly fetch manifest @babel/plugin-syntax-numeric-separator@7.10.4
765 silly packumentCache full:https://registry.npmjs.org/@babel%2fplugin-syntax-numeric-separator cache-miss
766 http fetch GET 200 https://registry.npmjs.org/@babel%2fplugin-transform-unicode-regex 110ms (cache miss)
767 silly packumentCache full:https://registry.npmjs.org/@babel%2fplugin-transform-unicode-regex set size:undefined disposed:false
768 silly fetch manifest @babel/plugin-syntax-optional-chaining@7.8.3
769 silly packumentCache full:https://registry.npmjs.org/@babel%2fplugin-syntax-optional-chaining cache-miss
770 http fetch GET 200 https://registry.npmjs.org/@babel%2fplugin-transform-dotall-regex 401ms (cache miss)
771 silly packumentCache full:https://registry.npmjs.org/@babel%2fplugin-transform-dotall-regex set size:undefined disposed:false
772 silly fetch manifest @babel/plugin-transform-duplicate-keys@7.18.9
773 silly packumentCache full:https://registry.npmjs.org/@babel%2fplugin-transform-duplicate-keys cache-miss
774 http fetch GET 200 https://registry.npmjs.org/@babel%2fplugin-syntax-import-assertions 118ms (cache miss)
775 silly packumentCache full:https://registry.npmjs.org/@babel%2fplugin-syntax-import-assertions set size:undefined disposed:false
776 silly fetch manifest @babel/plugin-transform-reserved-words@7.18.6
777 silly packumentCache full:https://registry.npmjs.org/@babel%2fplugin-transform-reserved-words cache-miss
778 http fetch GET 200 https://registry.npmjs.org/@babel%2fplugin-syntax-numeric-separator 112ms (cache miss)
779 silly packumentCache full:https://registry.npmjs.org/@babel%2fplugin-syntax-numeric-separator set size:undefined disposed:false
780 silly fetch manifest @babel/plugin-syntax-class-static-block@7.14.5
781 silly packumentCache full:https://registry.npmjs.org/@babel%2fplugin-syntax-class-static-block cache-miss
782 http fetch GET 200 https://registry.npmjs.org/@babel%2fplugin-syntax-optional-chaining 161ms (cache miss)
783 silly packumentCache full:https://registry.npmjs.org/@babel%2fplugin-syntax-optional-chaining set size:undefined disposed:false
784 silly fetch manifest @babel/plugin-syntax-object-rest-spread@7.8.3
785 silly packumentCache full:https://registry.npmjs.org/@babel%2fplugin-syntax-object-rest-spread cache-miss
786 http fetch GET 200 https://registry.npmjs.org/@babel%2fplugin-proposal-json-strings 715ms (cache miss)
787 silly packumentCache full:https://registry.npmjs.org/@babel%2fplugin-proposal-json-strings set size:undefined disposed:false
788 silly fetch manifest @babel/plugin-transform-arrow-functions@7.20.7
789 silly packumentCache full:https://registry.npmjs.org/@babel%2fplugin-transform-arrow-functions cache-miss
790 http fetch GET 200 https://registry.npmjs.org/@babel%2fplugin-transform-reserved-words 179ms (cache miss)
791 silly packumentCache full:https://registry.npmjs.org/@babel%2fplugin-transform-reserved-words set size:undefined disposed:false
792 silly fetch manifest @babel/plugin-transform-unicode-escapes@7.18.10
793 silly packumentCache full:https://registry.npmjs.org/@babel%2fplugin-transform-unicode-escapes cache-miss
794 http fetch GET 200 https://registry.npmjs.org/@babel%2fplugin-transform-duplicate-keys 220ms (cache miss)
795 silly packumentCache full:https://registry.npmjs.org/@babel%2fplugin-transform-duplicate-keys set size:undefined disposed:false
796 silly fetch manifest @babel/plugin-proposal-numeric-separator@7.18.6
797 silly packumentCache full:https://registry.npmjs.org/@babel%2fplugin-proposal-numeric-separator cache-miss
798 http fetch GET 200 https://registry.npmjs.org/@babel%2fplugin-syntax-class-static-block 184ms (cache miss)
799 silly packumentCache full:https://registry.npmjs.org/@babel%2fplugin-syntax-class-static-block set size:undefined disposed:false
800 silly fetch manifest @babel/plugin-proposal-optional-chaining@7.21.0
801 silly packumentCache full:https://registry.npmjs.org/@babel%2fplugin-proposal-optional-chaining cache-miss
802 http fetch GET 200 https://registry.npmjs.org/@babel%2fplugin-proposal-private-methods 404ms (cache miss)
803 silly packumentCache full:https://registry.npmjs.org/@babel%2fplugin-proposal-private-methods set size:undefined disposed:false
804 silly fetch manifest @babel/plugin-transform-modules-commonjs@7.20.11
805 silly packumentCache full:https://registry.npmjs.org/@babel%2fplugin-transform-modules-commonjs cache-miss
806 http fetch GET 200 https://registry.npmjs.org/@babel%2fplugin-syntax-object-rest-spread 144ms (cache miss)
807 silly packumentCache full:https://registry.npmjs.org/@babel%2fplugin-syntax-object-rest-spread set size:undefined disposed:false
808 silly fetch manifest @babel/plugin-transform-modules-systemjs@7.20.11
809 silly packumentCache full:https://registry.npmjs.org/@babel%2fplugin-transform-modules-systemjs cache-miss
810 http fetch GET 200 https://registry.npmjs.org/@babel%2fplugin-transform-arrow-functions 116ms (cache miss)
811 silly packumentCache full:https://registry.npmjs.org/@babel%2fplugin-transform-arrow-functions set size:undefined disposed:false
812 silly fetch manifest @babel/plugin-proposal-class-static-block@7.21.0
813 silly packumentCache full:https://registry.npmjs.org/@babel%2fplugin-proposal-class-static-block cache-miss
814 http fetch GET 200 https://registry.npmjs.org/@babel%2fplugin-transform-unicode-escapes 112ms (cache miss)
815 silly packumentCache full:https://registry.npmjs.org/@babel%2fplugin-transform-unicode-escapes set size:undefined disposed:false
816 silly fetch manifest @babel/plugin-proposal-object-rest-spread@7.20.7
817 silly packumentCache full:https://registry.npmjs.org/@babel%2fplugin-proposal-object-rest-spread cache-miss
818 http fetch GET 200 https://registry.npmjs.org/@babel%2fplugin-proposal-optional-chaining 102ms (cache miss)
819 silly packumentCache full:https://registry.npmjs.org/@babel%2fplugin-proposal-optional-chaining set size:undefined disposed:false
820 silly fetch manifest @babel/plugin-transform-property-literals@7.18.6
821 silly packumentCache full:https://registry.npmjs.org/@babel%2fplugin-transform-property-literals cache-miss
822 http fetch GET 200 https://registry.npmjs.org/@babel%2fplugin-transform-modules-commonjs 103ms (cache miss)
823 silly packumentCache full:https://registry.npmjs.org/@babel%2fplugin-transform-modules-commonjs set size:undefined disposed:false
824 silly fetch manifest @babel/plugin-transform-template-literals@7.18.9
825 silly packumentCache full:https://registry.npmjs.org/@babel%2fplugin-transform-template-literals cache-miss
826 http fetch GET 200 https://registry.npmjs.org/@babel%2fplugin-transform-modules-systemjs 114ms (cache miss)
827 silly packumentCache full:https://registry.npmjs.org/@babel%2fplugin-transform-modules-systemjs set size:undefined disposed:false
828 silly fetch manifest @babel/plugin-syntax-export-namespace-from@7.8.3
829 silly packumentCache full:https://registry.npmjs.org/@babel%2fplugin-syntax-export-namespace-from cache-miss
830 http fetch GET 200 https://registry.npmjs.org/@babel%2fplugin-proposal-object-rest-spread 95ms (cache miss)
831 silly packumentCache full:https://registry.npmjs.org/@babel%2fplugin-proposal-object-rest-spread set size:undefined disposed:false
832 silly fetch manifest @babel/plugin-transform-async-to-generator@7.20.7
833 silly packumentCache full:https://registry.npmjs.org/@babel%2fplugin-transform-async-to-generator cache-miss
834 http fetch GET 200 https://registry.npmjs.org/@babel%2fplugin-transform-template-literals 135ms (cache miss)
835 silly packumentCache full:https://registry.npmjs.org/@babel%2fplugin-transform-template-literals set size:undefined disposed:false
836 silly fetch manifest @babel/plugin-syntax-optional-catch-binding@7.8.3
837 silly packumentCache full:https://registry.npmjs.org/@babel%2fplugin-syntax-optional-catch-binding cache-miss
838 http fetch GET 200 https://registry.npmjs.org/@babel%2fplugin-transform-async-to-generator 118ms (cache miss)
839 silly packumentCache full:https://registry.npmjs.org/@babel%2fplugin-transform-async-to-generator set size:undefined disposed:false
840 silly fetch manifest @babel/plugin-transform-computed-properties@7.20.7
841 silly packumentCache full:https://registry.npmjs.org/@babel%2fplugin-transform-computed-properties cache-miss
842 http fetch GET 200 https://registry.npmjs.org/@babel%2fplugin-proposal-numeric-separator 400ms (cache miss)
843 silly packumentCache full:https://registry.npmjs.org/@babel%2fplugin-proposal-numeric-separator set size:undefined disposed:false
844 silly fetch manifest @babel/plugin-proposal-export-namespace-from@7.18.9
845 silly packumentCache full:https://registry.npmjs.org/@babel%2fplugin-proposal-export-namespace-from cache-miss
846 http fetch GET 200 https://registry.npmjs.org/@babel%2fplugin-syntax-optional-catch-binding 150ms (cache miss)
847 silly packumentCache full:https://registry.npmjs.org/@babel%2fplugin-syntax-optional-catch-binding set size:undefined disposed:false
848 silly fetch manifest @babel/plugin-transform-shorthand-properties@7.18.6
849 silly packumentCache full:https://registry.npmjs.org/@babel%2fplugin-transform-shorthand-properties cache-miss
850 http fetch GET 200 https://registry.npmjs.org/@babel%2fplugin-transform-computed-properties 134ms (cache miss)
851 silly packumentCache full:https://registry.npmjs.org/@babel%2fplugin-transform-computed-properties set size:undefined disposed:false
852 silly fetch manifest @babel/plugin-proposal-optional-catch-binding@7.18.6
853 silly packumentCache full:https://registry.npmjs.org/@babel%2fplugin-proposal-optional-catch-binding cache-miss
854 http fetch GET 200 https://registry.npmjs.org/@babel%2fplugin-transform-property-literals 385ms (cache miss)
855 silly packumentCache full:https://registry.npmjs.org/@babel%2fplugin-transform-property-literals set size:undefined disposed:false
856 silly fetch manifest @babel/plugin-proposal-unicode-property-regex@7.18.6
857 silly packumentCache full:https://registry.npmjs.org/@babel%2fplugin-proposal-unicode-property-regex cache-miss
858 http fetch GET 200 https://registry.npmjs.org/@babel%2fplugin-transform-shorthand-properties 80ms (cache miss)
859 silly packumentCache full:https://registry.npmjs.org/@babel%2fplugin-transform-shorthand-properties set size:undefined disposed:false
860 silly fetch manifest @babel/plugin-transform-block-scoped-functions@7.18.6
861 silly packumentCache full:https://registry.npmjs.org/@babel%2fplugin-transform-block-scoped-functions cache-miss
862 http fetch GET 200 https://registry.npmjs.org/@babel%2fplugin-proposal-optional-catch-binding 102ms (cache miss)
863 silly packumentCache full:https://registry.npmjs.org/@babel%2fplugin-proposal-optional-catch-binding set size:undefined disposed:false
864 silly fetch manifest @babel/plugin-syntax-private-property-in-object@7.14.5
865 silly packumentCache full:https://registry.npmjs.org/@babel%2fplugin-syntax-private-property-in-object cache-miss
866 http fetch GET 200 https://registry.npmjs.org/@babel%2fplugin-transform-block-scoped-functions 85ms (cache miss)
867 silly packumentCache full:https://registry.npmjs.org/@babel%2fplugin-transform-block-scoped-functions set size:undefined disposed:false
868 silly fetch manifest @babel/plugin-transform-exponentiation-operator@7.18.6
869 silly packumentCache full:https://registry.npmjs.org/@babel%2fplugin-transform-exponentiation-operator cache-miss
870 http fetch GET 200 https://registry.npmjs.org/@babel%2fplugin-syntax-private-property-in-object 86ms (cache miss)
871 silly packumentCache full:https://registry.npmjs.org/@babel%2fplugin-syntax-private-property-in-object set size:undefined disposed:false
872 silly fetch manifest @babel/plugin-proposal-async-generator-functions@7.20.7
873 silly packumentCache full:https://registry.npmjs.org/@babel%2fplugin-proposal-async-generator-functions cache-miss
874 http fetch GET 200 https://registry.npmjs.org/@babel%2fplugin-proposal-class-static-block 639ms (cache miss)
875 silly packumentCache full:https://registry.npmjs.org/@babel%2fplugin-proposal-class-static-block set size:undefined disposed:false
876 silly fetch manifest @babel/plugin-syntax-nullish-coalescing-operator@7.8.3
877 silly packumentCache full:https://registry.npmjs.org/@babel%2fplugin-syntax-nullish-coalescing-operator cache-miss
878 http fetch GET 200 https://registry.npmjs.org/@babel%2fplugin-transform-exponentiation-operator 88ms (cache miss)
879 silly packumentCache full:https://registry.npmjs.org/@babel%2fplugin-transform-exponentiation-operator set size:undefined disposed:false
880 silly fetch manifest @babel/plugin-proposal-private-property-in-object@7.21.0
881 silly packumentCache full:https://registry.npmjs.org/@babel%2fplugin-proposal-private-property-in-object cache-miss
882 http fetch GET 200 https://registry.npmjs.org/@babel%2fplugin-proposal-async-generator-functions 95ms (cache miss)
883 silly packumentCache full:https://registry.npmjs.org/@babel%2fplugin-proposal-async-generator-functions set size:undefined disposed:false
884 silly fetch manifest @babel/plugin-syntax-logical-assignment-operators@7.10.4
885 silly packumentCache full:https://registry.npmjs.org/@babel%2fplugin-syntax-logical-assignment-operators cache-miss
886 http fetch GET 200 https://registry.npmjs.org/@babel%2fplugin-syntax-nullish-coalescing-operator 91ms (cache miss)
887 silly packumentCache full:https://registry.npmjs.org/@babel%2fplugin-syntax-nullish-coalescing-operator set size:undefined disposed:false
888 silly fetch manifest @babel/plugin-proposal-nullish-coalescing-operator@7.18.6
889 silly packumentCache full:https://registry.npmjs.org/@babel%2fplugin-proposal-nullish-coalescing-operator cache-miss
890 http fetch GET 200 https://registry.npmjs.org/@babel%2fplugin-proposal-private-property-in-object 79ms (cache miss)
891 silly packumentCache full:https://registry.npmjs.org/@babel%2fplugin-proposal-private-property-in-object set size:undefined disposed:false
892 silly fetch manifest @babel/plugin-transform-member-expression-literals@7.18.6
893 silly packumentCache full:https://registry.npmjs.org/@babel%2fplugin-transform-member-expression-literals cache-miss
894 http fetch GET 200 https://registry.npmjs.org/@babel%2fplugin-syntax-logical-assignment-operators 97ms (cache miss)
895 silly packumentCache full:https://registry.npmjs.org/@babel%2fplugin-syntax-logical-assignment-operators set size:undefined disposed:false
896 silly fetch manifest @babel/plugin-proposal-logical-assignment-operators@7.20.7
897 silly packumentCache full:https://registry.npmjs.org/@babel%2fplugin-proposal-logical-assignment-operators cache-miss
898 http fetch GET 200 https://registry.npmjs.org/@babel%2fplugin-proposal-nullish-coalescing-operator 97ms (cache miss)
899 silly packumentCache full:https://registry.npmjs.org/@babel%2fplugin-proposal-nullish-coalescing-operator set size:undefined disposed:false
900 silly fetch manifest @babel/plugin-transform-named-capturing-groups-regex@7.20.5
901 silly packumentCache full:https://registry.npmjs.org/@babel%2fplugin-transform-named-capturing-groups-regex cache-miss
902 http fetch GET 200 https://registry.npmjs.org/@babel%2fplugin-transform-member-expression-literals 101ms (cache miss)
903 silly packumentCache full:https://registry.npmjs.org/@babel%2fplugin-transform-member-expression-literals set size:undefined disposed:false
904 silly fetch manifest @babel/plugin-bugfix-v8-spread-parameters-in-optional-chaining@7.20.7
905 silly packumentCache full:https://registry.npmjs.org/@babel%2fplugin-bugfix-v8-spread-parameters-in-optional-chaining cache-miss
906 http fetch GET 200 https://registry.npmjs.org/@babel%2fplugin-transform-named-capturing-groups-regex 105ms (cache miss)
907 silly packumentCache full:https://registry.npmjs.org/@babel%2fplugin-transform-named-capturing-groups-regex set size:undefined disposed:false
908 silly fetch manifest @babel/plugin-bugfix-safari-id-destructuring-collision-in-function-expression@7.18.6
909 silly packumentCache full:https://registry.npmjs.org/@babel%2fplugin-bugfix-safari-id-destructuring-collision-in-function-expression cache-miss
910 http fetch GET 200 https://registry.npmjs.org/@babel%2fplugin-bugfix-v8-spread-parameters-in-optional-chaining 107ms (cache miss)
911 silly packumentCache full:https://registry.npmjs.org/@babel%2fplugin-bugfix-v8-spread-parameters-in-optional-chaining set size:undefined disposed:false
912 silly fetch manifest @babel/plugin-transform-react-jsx@7.21.0
913 silly packumentCache full:https://registry.npmjs.org/@babel%2fplugin-transform-react-jsx cache-miss
914 http fetch GET 200 https://registry.npmjs.org/@babel%2fplugin-proposal-export-namespace-from 651ms (cache miss)
915 silly packumentCache full:https://registry.npmjs.org/@babel%2fplugin-proposal-export-namespace-from set size:undefined disposed:false
916 silly fetch manifest @babel/plugin-transform-react-display-name@7.18.6
917 silly packumentCache full:https://registry.npmjs.org/@babel%2fplugin-transform-react-display-name cache-miss
918 http fetch GET 200 https://registry.npmjs.org/@babel%2fplugin-bugfix-safari-id-destructuring-collision-in-function-expression 90ms (cache miss)
919 silly packumentCache full:https://registry.npmjs.org/@babel%2fplugin-bugfix-safari-id-destructuring-collision-in-function-expression set size:undefined disposed:false
920 silly fetch manifest @babel/plugin-transform-react-jsx-development@7.18.6
921 silly packumentCache full:https://registry.npmjs.org/@babel%2fplugin-transform-react-jsx-development cache-miss
922 http fetch GET 200 https://registry.npmjs.org/@babel%2fplugin-proposal-dynamic-import 1750ms (cache miss)
923 silly packumentCache full:https://registry.npmjs.org/@babel%2fplugin-proposal-dynamic-import set size:undefined disposed:false
924 silly fetch manifest @babel/plugin-transform-react-pure-annotations@7.18.6
925 silly packumentCache full:https://registry.npmjs.org/@babel%2fplugin-transform-react-pure-annotations cache-miss
926 http fetch GET 200 https://registry.npmjs.org/@babel%2fplugin-transform-react-jsx 129ms (cache miss)
927 silly packumentCache full:https://registry.npmjs.org/@babel%2fplugin-transform-react-jsx set size:undefined disposed:false
928 silly fetch manifest is-nan@1.3.2
929 silly packumentCache full:https://registry.npmjs.org/is-nan cache-miss
930 http fetch GET 200 https://registry.npmjs.org/@babel%2fplugin-transform-react-display-name 131ms (cache miss)
931 silly packumentCache full:https://registry.npmjs.org/@babel%2fplugin-transform-react-display-name set size:undefined disposed:false
932 silly fetch manifest object-is@1.1.5
933 silly packumentCache full:https://registry.npmjs.org/object-is cache-miss
934 http fetch GET 200 https://registry.npmjs.org/@babel%2fplugin-transform-react-jsx-development 99ms (cache miss)
935 silly packumentCache full:https://registry.npmjs.org/@babel%2fplugin-transform-react-jsx-development set size:undefined disposed:false
936 silly fetch manifest es6-object-assign@1.1.0
937 silly packumentCache full:https://registry.npmjs.org/es6-object-assign cache-miss
938 http fetch GET 200 https://registry.npmjs.org/@babel%2fplugin-transform-react-pure-annotations 96ms (cache miss)
939 silly packumentCache full:https://registry.npmjs.org/@babel%2fplugin-transform-react-pure-annotations set size:undefined disposed:false
940 silly fetch manifest make-dir@3.1.0
941 silly packumentCache full:https://registry.npmjs.org/make-dir cache-miss
942 http fetch GET 200 https://registry.npmjs.org/object-is 95ms (cache miss)
943 silly packumentCache full:https://registry.npmjs.org/object-is set size:undefined disposed:false
944 silly fetch manifest loader-utils@2.0.4
945 silly packumentCache full:https://registry.npmjs.org/loader-utils cache-miss
946 http fetch GET 200 https://registry.npmjs.org/make-dir 79ms (cache miss)
947 silly packumentCache full:https://registry.npmjs.org/make-dir set size:undefined disposed:false
948 silly fetch manifest schema-utils@2.7.1
949 silly packumentCache full:https://registry.npmjs.org/schema-utils cache-miss
950 http fetch GET 200 https://registry.npmjs.org/loader-utils 99ms (cache miss)
951 silly packumentCache full:https://registry.npmjs.org/loader-utils set size:undefined disposed:false
952 silly fetch manifest find-cache-dir@3.3.2
953 silly packumentCache full:https://registry.npmjs.org/find-cache-dir cache-miss
954 http fetch GET 200 https://registry.npmjs.org/@babel%2fplugin-syntax-export-namespace-from 1236ms (cache miss)
955 silly packumentCache full:https://registry.npmjs.org/@babel%2fplugin-syntax-export-namespace-from set size:undefined disposed:false
956 silly fetch manifest acorn@8.16.0
957 silly packumentCache full:https://registry.npmjs.org/acorn cache-miss
958 http fetch GET 200 https://registry.npmjs.org/schema-utils 91ms (cache miss)
959 silly packumentCache full:https://registry.npmjs.org/schema-utils set size:undefined disposed:false
960 silly fetch manifest events@3.3.0
961 silly packumentCache full:https://registry.npmjs.org/events cache-miss
962 http fetch GET 200 https://registry.npmjs.org/is-nan 333ms (cache miss)
963 silly packumentCache full:https://registry.npmjs.org/is-nan set size:undefined disposed:false
964 silly fetch manifest tapable@2.3.0
965 silly packumentCache full:https://registry.npmjs.org/tapable cache-miss
966 http fetch GET 200 https://registry.npmjs.org/acorn 103ms (cache miss)
967 silly packumentCache full:https://registry.npmjs.org/acorn set size:undefined disposed:false
968 silly fetch manifest neo-async@2.6.2
969 silly packumentCache full:https://registry.npmjs.org/neo-async cache-miss
970 http fetch GET 200 https://registry.npmjs.org/events 103ms (cache miss)
971 silly packumentCache full:https://registry.npmjs.org/events set size:undefined disposed:false
972 silly fetch manifest watchpack@2.5.1
973 silly packumentCache full:https://registry.npmjs.org/watchpack cache-miss
974 http fetch GET 200 https://registry.npmjs.org/tapable 85ms (cache miss)
975 silly packumentCache full:https://registry.npmjs.org/tapable set size:undefined disposed:false
976 silly fetch manifest mime-types@2.1.35
977 silly packumentCache full:https://registry.npmjs.org/mime-types cache-miss
978 http fetch GET 200 https://registry.npmjs.org/es6-object-assign 395ms (cache miss)
979 silly packumentCache full:https://registry.npmjs.org/es6-object-assign set size:undefined disposed:false
980 silly fetch manifest graceful-fs@4.2.11
981 silly packumentCache full:https://registry.npmjs.org/graceful-fs cache-miss
982 http fetch GET 200 https://registry.npmjs.org/watchpack 92ms (cache miss)
983 silly packumentCache full:https://registry.npmjs.org/watchpack set size:undefined disposed:false
984 silly fetch manifest browserslist@4.28.1
985 silly packumentCache full:https://registry.npmjs.org/browserslist cache-miss
986 http fetch GET 200 https://registry.npmjs.org/mime-types 84ms (cache miss)
987 silly packumentCache full:https://registry.npmjs.org/mime-types set size:undefined disposed:false
988 silly fetch manifest schema-utils@4.3.3
989 silly packumentCache full:https://registry.npmjs.org/schema-utils cache-miss
990 http fetch GET 200 https://registry.npmjs.org/schema-utils 19ms (cache hit)
991 silly packumentCache full:https://registry.npmjs.org/schema-utils set size:166563 disposed:false
992 silly fetch manifest @types/estree@1.0.8
993 silly packumentCache full:https://registry.npmjs.org/@types%2festree cache-miss
994 http fetch GET 200 https://registry.npmjs.org/graceful-fs 115ms (cache miss)
995 silly packumentCache full:https://registry.npmjs.org/graceful-fs set size:undefined disposed:false
996 silly fetch manifest loader-runner@4.3.1
997 silly packumentCache full:https://registry.npmjs.org/loader-runner cache-miss
998 http fetch GET 200 https://registry.npmjs.org/@babel%2fplugin-proposal-unicode-property-regex 1271ms (cache miss)
999 silly packumentCache full:https://registry.npmjs.org/@babel%2fplugin-proposal-unicode-property-regex set size:undefined disposed:false
1000 silly fetch manifest glob-to-regexp@0.4.1
1001 silly packumentCache full:https://registry.npmjs.org/glob-to-regexp cache-miss
1002 http fetch GET 200 https://registry.npmjs.org/find-cache-dir 429ms (cache miss)
1003 silly packumentCache full:https://registry.npmjs.org/find-cache-dir set size:undefined disposed:false
1004 silly fetch manifest es-module-lexer@2.0.0
1005 silly packumentCache full:https://registry.npmjs.org/es-module-lexer cache-miss
1006 http fetch GET 200 https://registry.npmjs.org/@types%2festree 127ms (cache miss)
1007 silly packumentCache full:https://registry.npmjs.org/@types%2festree set size:undefined disposed:false
1008 silly fetch manifest webpack-sources@3.3.4
1009 silly packumentCache full:https://registry.npmjs.org/webpack-sources cache-miss
1010 http fetch GET 200 https://registry.npmjs.org/loader-runner 124ms (cache miss)
1011 silly packumentCache full:https://registry.npmjs.org/loader-runner set size:undefined disposed:false
1012 silly fetch manifest enhanced-resolve@5.19.0
1013 silly packumentCache full:https://registry.npmjs.org/enhanced-resolve cache-miss
1014 http fetch GET 200 https://registry.npmjs.org/browserslist 227ms (cache miss)
1015 silly packumentCache full:https://registry.npmjs.org/browserslist set size:undefined disposed:false
1016 silly fetch manifest @types/json-schema@7.0.15
1017 silly packumentCache full:https://registry.npmjs.org/@types%2fjson-schema cache-miss
1018 http fetch GET 200 https://registry.npmjs.org/glob-to-regexp 100ms (cache miss)
1019 silly packumentCache full:https://registry.npmjs.org/glob-to-regexp set size:undefined disposed:false
1020 silly fetch manifest @webassemblyjs/ast@1.14.1
1021 silly packumentCache full:https://registry.npmjs.org/@webassemblyjs%2fast cache-miss
1022 http fetch GET 200 https://registry.npmjs.org/enhanced-resolve 92ms (cache miss)
1023 silly packumentCache full:https://registry.npmjs.org/enhanced-resolve set size:undefined disposed:false
1024 silly fetch manifest chrome-trace-event@1.0.3
1025 silly packumentCache full:https://registry.npmjs.org/chrome-trace-event cache-miss
1026 http fetch GET 200 https://registry.npmjs.org/@types%2fjson-schema 134ms (cache miss)
1027 silly packumentCache full:https://registry.npmjs.org/@types%2fjson-schema set size:undefined disposed:false
1028 silly fetch manifest @types/eslint-scope@3.7.7
1029 silly packumentCache full:https://registry.npmjs.org/@types%2feslint-scope cache-miss
1030 http fetch GET 200 https://registry.npmjs.org/@webassemblyjs%2fast 131ms (cache miss)
1031 silly packumentCache full:https://registry.npmjs.org/@webassemblyjs%2fast set size:undefined disposed:false
1032 silly fetch manifest acorn-import-phases@1.0.4
1033 silly packumentCache full:https://registry.npmjs.org/acorn-import-phases cache-miss
1034 http fetch GET 200 https://registry.npmjs.org/chrome-trace-event 80ms (cache miss)
1035 silly packumentCache full:https://registry.npmjs.org/chrome-trace-event set size:undefined disposed:false
1036 silly fetch manifest terser-webpack-plugin@5.3.16
1037 silly packumentCache full:https://registry.npmjs.org/terser-webpack-plugin cache-miss
1038 http fetch GET 200 https://registry.npmjs.org/acorn-import-phases 105ms (cache miss)
1039 silly packumentCache full:https://registry.npmjs.org/acorn-import-phases set size:undefined disposed:false
1040 silly fetch manifest @webassemblyjs/wasm-edit@1.14.1
1041 silly packumentCache full:https://registry.npmjs.org/@webassemblyjs%2fwasm-edit cache-miss
1042 http fetch GET 200 https://registry.npmjs.org/@babel%2fplugin-proposal-logical-assignment-operators 1293ms (cache miss)
1043 silly packumentCache full:https://registry.npmjs.org/@babel%2fplugin-proposal-logical-assignment-operators set size:undefined disposed:false
1044 silly fetch manifest @webassemblyjs/wasm-parser@1.14.1
1045 silly packumentCache full:https://registry.npmjs.org/@webassemblyjs%2fwasm-parser cache-miss
1046 http fetch GET 200 https://registry.npmjs.org/terser-webpack-plugin 131ms (cache miss)
1047 silly packumentCache full:https://registry.npmjs.org/terser-webpack-plugin set size:undefined disposed:false
1048 silly fetch manifest json-parse-even-better-errors@2.3.1
1049 silly packumentCache full:https://registry.npmjs.org/json-parse-even-better-errors cache-miss
1050 http fetch GET 200 https://registry.npmjs.org/es-module-lexer 384ms (cache miss)
1051 silly packumentCache full:https://registry.npmjs.org/es-module-lexer set size:undefined disposed:false
1052 silly fetch manifest pako@1.0.11
1053 silly packumentCache full:https://registry.npmjs.org/pako cache-miss
1054 http fetch GET 200 https://registry.npmjs.org/webpack-sources 386ms (cache miss)
1055 silly packumentCache full:https://registry.npmjs.org/webpack-sources set size:undefined disposed:false
1056 silly fetch manifest base64-js@1.5.1
1057 silly packumentCache full:https://registry.npmjs.org/base64-js cache-miss
1058 http fetch GET 200 https://registry.npmjs.org/@webassemblyjs%2fwasm-edit 111ms (cache miss)
1059 silly packumentCache full:https://registry.npmjs.org/@webassemblyjs%2fwasm-edit set size:undefined disposed:false
1060 silly fetch manifest ieee754@1.2.1
1061 silly packumentCache full:https://registry.npmjs.org/ieee754 cache-miss
1062 http fetch GET 200 https://registry.npmjs.org/@webassemblyjs%2fwasm-parser 111ms (cache miss)
1063 silly packumentCache full:https://registry.npmjs.org/@webassemblyjs%2fwasm-parser set size:undefined disposed:false
1064 silly fetch manifest postcss@8.4.31
1065 silly packumentCache full:https://registry.npmjs.org/postcss cache-miss
1066 http fetch GET 200 https://registry.npmjs.org/json-parse-even-better-errors 97ms (cache miss)
1067 silly packumentCache full:https://registry.npmjs.org/json-parse-even-better-errors set size:undefined disposed:false
1068 silly fetch manifest icss-utils@5.1.0
1069 silly packumentCache full:https://registry.npmjs.org/icss-utils cache-miss
1070 http fetch GET 200 https://registry.npmjs.org/pako 93ms (cache miss)
1071 silly packumentCache full:https://registry.npmjs.org/pako set size:undefined disposed:false
1072 silly fetch manifest postcss-value-parser@4.2.0
1073 silly packumentCache full:https://registry.npmjs.org/postcss-value-parser cache-miss
1074 http fetch GET 200 https://registry.npmjs.org/base64-js 86ms (cache miss)
1075 silly packumentCache full:https://registry.npmjs.org/base64-js set size:undefined disposed:false
1076 silly fetch manifest postcss-modules-scope@3.0.0
1077 silly packumentCache full:https://registry.npmjs.org/postcss-modules-scope cache-miss
1078 http fetch GET 200 https://registry.npmjs.org/ieee754 91ms (cache miss)
1079 silly packumentCache full:https://registry.npmjs.org/ieee754 set size:undefined disposed:false
1080 silly fetch manifest postcss-modules-values@4.0.0
1081 silly packumentCache full:https://registry.npmjs.org/postcss-modules-values cache-miss
1082 http fetch GET 200 https://registry.npmjs.org/postcss 121ms (cache miss)
1083 silly packumentCache full:https://registry.npmjs.org/postcss set size:undefined disposed:false
1084 silly fetch manifest postcss-modules-extract-imports@3.0.0
1085 silly packumentCache full:https://registry.npmjs.org/postcss-modules-extract-imports cache-miss
1086 http fetch GET 200 https://registry.npmjs.org/postcss-value-parser 124ms (cache miss)
1087 silly packumentCache full:https://registry.npmjs.org/postcss-value-parser set size:undefined disposed:false
1088 silly fetch manifest postcss-modules-local-by-default@4.0.0
1089 silly packumentCache full:https://registry.npmjs.org/postcss-modules-local-by-default cache-miss
1090 http fetch GET 200 https://registry.npmjs.org/@types%2feslint-scope 424ms (cache miss)
1091 silly packumentCache full:https://registry.npmjs.org/@types%2feslint-scope set size:undefined disposed:false
1092 silly fetch manifest d3-interpolate@1.4.0
1093 silly packumentCache full:https://registry.npmjs.org/d3-interpolate cache-miss
1094 http fetch GET 200 https://registry.npmjs.org/postcss-modules-values 109ms (cache miss)
1095 silly packumentCache full:https://registry.npmjs.org/postcss-modules-values set size:undefined disposed:false
1096 silly fetch manifest d3-transition@1.3.2
1097 silly packumentCache full:https://registry.npmjs.org/d3-transition cache-miss
1098 http fetch GET 200 https://registry.npmjs.org/postcss-modules-extract-imports 126ms (cache miss)
1099 silly packumentCache full:https://registry.npmjs.org/postcss-modules-extract-imports set size:undefined disposed:false
1100 silly fetch manifest globals@11.12.0
1101 silly packumentCache full:https://registry.npmjs.org/globals cache-miss
1102 http fetch GET 200 https://registry.npmjs.org/postcss-modules-local-by-default 128ms (cache miss)
1103 silly packumentCache full:https://registry.npmjs.org/postcss-modules-local-by-default set size:undefined disposed:false
1104 silly fetch manifest has@1.0.3
1105 silly packumentCache full:https://registry.npmjs.org/has cache-miss
1106 http fetch GET 200 https://registry.npmjs.org/neo-async 1073ms (cache miss)
1107 silly packumentCache full:https://registry.npmjs.org/neo-async set size:undefined disposed:false
1108 silly fetch manifest axe-core@4.6.3
1109 silly packumentCache full:https://registry.npmjs.org/axe-core cache-miss
1110 http fetch GET 200 https://registry.npmjs.org/d3-interpolate 161ms (cache miss)
1111 silly packumentCache full:https://registry.npmjs.org/d3-interpolate set size:undefined disposed:false
1112 silly fetch manifest aria-query@5.1.3
1113 silly packumentCache full:https://registry.npmjs.org/aria-query cache-miss
1114 http fetch GET 200 https://registry.npmjs.org/globals 63ms (cache hit)
1115 silly packumentCache full:https://registry.npmjs.org/globals set size:308609 disposed:false
1116 silly fetch manifest emoji-regex@9.2.2
1117 silly packumentCache full:https://registry.npmjs.org/emoji-regex cache-miss
1118 http fetch GET 200 https://registry.npmjs.org/icss-utils 369ms (cache miss)
1119 silly packumentCache full:https://registry.npmjs.org/icss-utils set size:undefined disposed:false
1120 silly fetch manifest jsx-ast-utils@3.3.3
1121 silly packumentCache full:https://registry.npmjs.org/jsx-ast-utils cache-miss
1122 http fetch GET 200 https://registry.npmjs.org/postcss-modules-scope 349ms (cache miss)
1123 silly packumentCache full:https://registry.npmjs.org/postcss-modules-scope set size:undefined disposed:false
1124 silly fetch manifest language-tags@1.0.5
1125 silly packumentCache full:https://registry.npmjs.org/language-tags cache-miss
1126 http fetch GET 200 https://registry.npmjs.org/aria-query 100ms (cache miss)
1127 silly packumentCache full:https://registry.npmjs.org/aria-query set size:undefined disposed:false
1128 silly fetch manifest @babel/runtime@7.21.0
1129 silly packumentCache full:https://registry.npmjs.org/@babel%2fruntime cache-miss
1130 http fetch GET 200 https://registry.npmjs.org/emoji-regex 107ms (cache miss)
1131 silly packumentCache full:https://registry.npmjs.org/emoji-regex set size:undefined disposed:false
1132 silly fetch manifest array-includes@3.1.6
1133 silly packumentCache full:https://registry.npmjs.org/array-includes cache-miss
1134 http fetch GET 200 https://registry.npmjs.org/jsx-ast-utils 109ms (cache miss)
1135 silly packumentCache full:https://registry.npmjs.org/jsx-ast-utils set size:undefined disposed:false
1136 silly fetch manifest ast-types-flow@0.0.7
1137 silly packumentCache full:https://registry.npmjs.org/ast-types-flow cache-miss
1138 http fetch GET 200 https://registry.npmjs.org/language-tags 93ms (cache miss)
1139 silly packumentCache full:https://registry.npmjs.org/language-tags set size:undefined disposed:false
1140 silly fetch manifest axobject-query@3.1.1
1141 silly packumentCache full:https://registry.npmjs.org/axobject-query cache-miss
1142 http fetch GET 200 https://registry.npmjs.org/d3-transition 379ms (cache miss)
1143 silly packumentCache full:https://registry.npmjs.org/d3-transition set size:undefined disposed:false
1144 silly fetch manifest object.entries@1.1.6
1145 silly packumentCache full:https://registry.npmjs.org/object.entries cache-miss
1146 http fetch GET 200 https://registry.npmjs.org/ast-types-flow 101ms (cache miss)
1147 silly packumentCache full:https://registry.npmjs.org/ast-types-flow set size:undefined disposed:false
1148 silly fetch manifest object.fromentries@2.0.6
1149 silly packumentCache full:https://registry.npmjs.org/object.fromentries cache-miss
1150 http fetch GET 200 https://registry.npmjs.org/array-includes 132ms (cache miss)
1151 silly packumentCache full:https://registry.npmjs.org/array-includes set size:undefined disposed:false
1152 silly fetch manifest damerau-levenshtein@1.0.8
1153 silly packumentCache full:https://registry.npmjs.org/damerau-levenshtein cache-miss
1154 http fetch GET 200 https://registry.npmjs.org/object.entries 121ms (cache miss)
1155 silly packumentCache full:https://registry.npmjs.org/object.entries set size:undefined disposed:false
1156 silly fetch manifest array.prototype.flatmap@1.3.1
1157 silly packumentCache full:https://registry.npmjs.org/array.prototype.flatmap cache-miss
1158 http fetch GET 200 https://registry.npmjs.org/@babel%2fruntime 260ms (cache miss)
1159 silly packumentCache full:https://registry.npmjs.org/@babel%2fruntime set size:undefined disposed:false
1160 silly fetch manifest resolve@2.0.0-next.4
1161 silly packumentCache full:https://registry.npmjs.org/resolve cache-miss
1162 http fetch GET 200 https://registry.npmjs.org/object.fromentries 162ms (cache miss)
1163 silly packumentCache full:https://registry.npmjs.org/object.fromentries set size:undefined disposed:false
1164 silly fetch manifest doctrine@2.1.0
1165 silly packumentCache full:https://registry.npmjs.org/doctrine cache-miss
1166 http fetch GET 200 https://registry.npmjs.org/damerau-levenshtein 162ms (cache miss)
1167 silly packumentCache full:https://registry.npmjs.org/damerau-levenshtein set size:undefined disposed:false
1168 silly fetch manifest estraverse@5.3.0
1169 silly packumentCache full:https://registry.npmjs.org/estraverse cache-miss
1170 http fetch GET 200 https://registry.npmjs.org/doctrine 17ms (cache hit)
1171 silly packumentCache full:https://registry.npmjs.org/doctrine set size:64052 disposed:false
1172 silly fetch manifest prop-types@15.8.1
1173 silly packumentCache full:https://registry.npmjs.org/prop-types cache-miss
1174 http fetch GET 200 https://registry.npmjs.org/array.prototype.flatmap 101ms (cache miss)
1175 silly packumentCache full:https://registry.npmjs.org/array.prototype.flatmap set size:undefined disposed:false
1176 silly fetch manifest object.hasown@1.1.2
1177 silly packumentCache full:https://registry.npmjs.org/object.hasown cache-miss
1178 http fetch GET 200 https://registry.npmjs.org/resolve 91ms (cache miss)
1179 silly packumentCache full:https://registry.npmjs.org/resolve set size:undefined disposed:false
1180 silly fetch manifest object.values@1.1.6
1181 silly packumentCache full:https://registry.npmjs.org/object.values cache-miss
1182 http fetch GET 200 https://registry.npmjs.org/estraverse 110ms (cache miss)
1183 silly packumentCache full:https://registry.npmjs.org/estraverse set size:undefined disposed:false
1184 silly fetch manifest array.prototype.tosorted@1.1.1
1185 silly packumentCache full:https://registry.npmjs.org/array.prototype.tosorted cache-miss
1186 http fetch GET 200 https://registry.npmjs.org/axobject-query 390ms (cache miss)
1187 silly packumentCache full:https://registry.npmjs.org/axobject-query set size:undefined disposed:false
1188 silly fetch manifest string.prototype.matchall@4.0.8
1189 silly packumentCache full:https://registry.npmjs.org/string.prototype.matchall cache-miss
1190 http fetch GET 200 https://registry.npmjs.org/prop-types 112ms (cache miss)
1191 silly packumentCache full:https://registry.npmjs.org/prop-types set size:undefined disposed:false
1192 silly fetch manifest cheminfo-types@1.4.0
1193 silly packumentCache full:https://registry.npmjs.org/cheminfo-types cache-miss
1194 http fetch GET 200 https://registry.npmjs.org/axe-core 596ms (cache miss)
1195 silly packumentCache full:https://registry.npmjs.org/axe-core set size:undefined disposed:false
1196 silly fetch manifest is-any-array@2.0.0
1197 silly packumentCache full:https://registry.npmjs.org/is-any-array cache-miss
1198 http fetch GET 200 https://registry.npmjs.org/array.prototype.tosorted 195ms (cache miss)
1199 silly packumentCache full:https://registry.npmjs.org/array.prototype.tosorted set size:undefined disposed:false
1200 silly fetch manifest rc-tree@1.7.12
1201 silly packumentCache full:https://registry.npmjs.org/rc-tree cache-miss
1202 http fetch GET 200 https://registry.npmjs.org/string.prototype.matchall 195ms (cache miss)
1203 silly packumentCache full:https://registry.npmjs.org/string.prototype.matchall set size:undefined disposed:false
1204 silly fetch manifest rc-util@4.21.1
1205 silly packumentCache full:https://registry.npmjs.org/rc-util cache-miss
1206 http fetch GET 200 https://registry.npmjs.org/has 929ms (cache miss)
1207 silly packumentCache full:https://registry.npmjs.org/has set size:undefined disposed:false
1208 silly fetch manifest classnames@2.3.2
1209 silly packumentCache full:https://registry.npmjs.org/classnames cache-miss
1210 http fetch GET 200 https://registry.npmjs.org/object.hasown 425ms (cache miss)
1211 silly packumentCache full:https://registry.npmjs.org/object.hasown set size:undefined disposed:false
1212 silly fetch manifest rc-animate@2.11.1
1213 silly packumentCache full:https://registry.npmjs.org/rc-animate cache-miss
1214 http fetch GET 200 https://registry.npmjs.org/object.values 387ms (cache miss)
1215 silly packumentCache full:https://registry.npmjs.org/object.values set size:undefined disposed:false
1216 silly fetch manifest rc-trigger@2.6.5
1217 silly packumentCache full:https://registry.npmjs.org/rc-trigger cache-miss
1218 http fetch GET 200 https://registry.npmjs.org/cheminfo-types 392ms (cache miss)
1219 silly packumentCache full:https://registry.npmjs.org/cheminfo-types set size:undefined disposed:false
1220 silly fetch manifest babel-runtime@6.26.0
1221 silly packumentCache full:https://registry.npmjs.org/babel-runtime cache-miss
1222 http fetch GET 200 https://registry.npmjs.org/is-any-array 394ms (cache miss)
1223 silly packumentCache full:https://registry.npmjs.org/is-any-array set size:undefined disposed:false
1224 silly fetch manifest loose-envify@1.4.0
1225 silly packumentCache full:https://registry.npmjs.org/loose-envify cache-miss
1226 http fetch GET 200 https://registry.npmjs.org/loose-envify 87ms (cache miss)
1227 silly packumentCache full:https://registry.npmjs.org/loose-envify set size:undefined disposed:false
1228 silly fetch manifest object-assign@4.1.1
1229 silly packumentCache full:https://registry.npmjs.org/object-assign cache-miss
1230 http fetch GET 200 https://registry.npmjs.org/classnames 375ms (cache miss)
1231 silly packumentCache full:https://registry.npmjs.org/classnames set size:undefined disposed:false
1232 silly fetch manifest ip@1.1.8
1233 silly packumentCache full:https://registry.npmjs.org/ip cache-miss
1234 http fetch GET 200 https://registry.npmjs.org/object-assign 133ms (cache miss)
1235 silly packumentCache full:https://registry.npmjs.org/object-assign set size:undefined disposed:false
1236 silly fetch manifest electron@11.5.0
1237 silly packumentCache full:https://registry.npmjs.org/electron cache-miss
1238 http fetch GET 200 https://registry.npmjs.org/rc-animate 475ms (cache miss)
1239 silly packumentCache full:https://registry.npmjs.org/rc-animate set size:undefined disposed:false
1240 silly fetch manifest cross-spawn@5.1.0
1241 silly packumentCache full:https://registry.npmjs.org/cross-spawn cache-miss
1242 http fetch GET 200 https://registry.npmjs.org/cross-spawn 25ms (cache hit)
1243 silly packumentCache full:https://registry.npmjs.org/cross-spawn set size:109066 disposed:false
1244 silly fetch manifest update-notifier@2.5.0
1245 silly packumentCache full:https://registry.npmjs.org/update-notifier cache-miss
1246 http fetch GET 200 https://registry.npmjs.org/rc-trigger 523ms (cache miss)
1247 silly packumentCache full:https://registry.npmjs.org/rc-trigger set size:undefined disposed:false
1248 silly fetch manifest react-devtools-core@4.27.2
1249 silly packumentCache full:https://registry.npmjs.org/react-devtools-core cache-miss
1250 http fetch GET 200 https://registry.npmjs.org/react-devtools-core 93ms (cache miss)
1251 silly packumentCache full:https://registry.npmjs.org/react-devtools-core set size:undefined disposed:false
1252 silly fetch manifest scheduler@0.20.2
1253 silly packumentCache full:https://registry.npmjs.org/scheduler cache-miss
1254 http fetch GET 200 https://registry.npmjs.org/ip 442ms (cache miss)
1255 silly packumentCache full:https://registry.npmjs.org/ip set size:undefined disposed:false
1256 silly fetch manifest lodash.isequal@4.5.0
1257 silly packumentCache full:https://registry.npmjs.org/lodash.isequal cache-miss
1258 http fetch GET 200 https://registry.npmjs.org/rc-util 1001ms (cache miss)
1259 silly packumentCache full:https://registry.npmjs.org/rc-util set size:undefined disposed:false
1260 silly fetch manifest react-draggable@3.3.2
1261 silly packumentCache full:https://registry.npmjs.org/react-draggable cache-miss
1262 http fetch GET 200 https://registry.npmjs.org/lodash.isequal 116ms (cache miss)
1263 silly packumentCache full:https://registry.npmjs.org/lodash.isequal set size:undefined disposed:false
1264 silly fetch manifest react-resizable@1.11.1
1265 silly packumentCache full:https://registry.npmjs.org/react-resizable cache-miss
1266 http fetch GET 200 https://registry.npmjs.org/update-notifier 450ms (cache miss)
1267 silly packumentCache full:https://registry.npmjs.org/update-notifier set size:undefined disposed:false
1268 silly fetch manifest exenv@1.2.2
1269 silly packumentCache full:https://registry.npmjs.org/exenv cache-miss
1270 http fetch GET 200 https://registry.npmjs.org/rc-tree 1163ms (cache miss)
1271 silly packumentCache full:https://registry.npmjs.org/rc-tree set size:undefined disposed:false
1272 silly fetch manifest warning@4.0.3
1273 silly packumentCache full:https://registry.npmjs.org/warning cache-miss
1274 http fetch GET 200 https://registry.npmjs.org/babel-runtime 978ms (cache miss)
1275 silly packumentCache full:https://registry.npmjs.org/babel-runtime set size:undefined disposed:false
1276 silly fetch manifest react-lifecycles-compat@3.0.4
1277 silly packumentCache full:https://registry.npmjs.org/react-lifecycles-compat cache-miss
1278 http fetch GET 200 https://registry.npmjs.org/scheduler 490ms (cache miss)
1279 silly packumentCache full:https://registry.npmjs.org/scheduler set size:undefined disposed:false
1280 silly fetch manifest inherits@2.0.4
1281 silly packumentCache full:https://registry.npmjs.org/inherits cache-miss
1282 http fetch GET 200 https://registry.npmjs.org/inherits 97ms (cache miss)
1283 silly packumentCache full:https://registry.npmjs.org/inherits set size:undefined disposed:false
1284 silly fetch manifest readable-stream@3.6.0
1285 silly packumentCache full:https://registry.npmjs.org/readable-stream cache-miss
1286 http fetch GET 200 https://registry.npmjs.org/exenv 398ms (cache miss)
1287 silly packumentCache full:https://registry.npmjs.org/exenv set size:undefined disposed:false
1288 silly fetch manifest builtin-status-codes@3.0.0
1289 silly packumentCache full:https://registry.npmjs.org/builtin-status-codes cache-miss
1290 http fetch GET 200 https://registry.npmjs.org/react-resizable 458ms (cache miss)
1291 silly packumentCache full:https://registry.npmjs.org/react-resizable set size:undefined disposed:false
1292 silly fetch manifest readable-stream@3.6.0
1293 silly packumentCache full:https://registry.npmjs.org/readable-stream cache-miss
1294 http fetch GET 200 https://registry.npmjs.org/warning 414ms (cache miss)
1295 silly packumentCache full:https://registry.npmjs.org/warning set size:undefined disposed:false
1296 silly fetch manifest xtend@4.0.2
1297 silly packumentCache full:https://registry.npmjs.org/xtend cache-miss
1298 http fetch GET 200 https://registry.npmjs.org/readable-stream 149ms (cache miss)
1299 silly packumentCache full:https://registry.npmjs.org/readable-stream set size:undefined disposed:false
1300 silly fetch manifest punycode@1.3.2
1301 silly packumentCache full:https://registry.npmjs.org/punycode cache-miss
1302 http fetch GET 200 https://registry.npmjs.org/readable-stream 118ms (cache miss)
1303 silly packumentCache full:https://registry.npmjs.org/readable-stream set size:undefined disposed:false
1304 silly fetch manifest querystring@0.2.0
1305 silly packumentCache full:https://registry.npmjs.org/querystring cache-miss
1306 http fetch GET 200 https://registry.npmjs.org/xtend 130ms (cache miss)
1307 silly packumentCache full:https://registry.npmjs.org/xtend set size:undefined disposed:false
1308 silly fetch manifest is-arguments@1.1.1
1309 silly packumentCache full:https://registry.npmjs.org/is-arguments cache-miss
1310 http fetch GET 200 https://registry.npmjs.org/punycode 119ms (cache miss)
1311 silly packumentCache full:https://registry.npmjs.org/punycode set size:undefined disposed:false
1312 silly fetch manifest is-generator-function@1.0.10
1313 silly packumentCache full:https://registry.npmjs.org/is-generator-function cache-miss
1314 http fetch GET 200 https://registry.npmjs.org/electron 1261ms (cache miss)
1315 silly packumentCache full:https://registry.npmjs.org/electron set size:undefined disposed:false
1316 silly fetch manifest is-typed-array@1.1.10
1317 silly packumentCache full:https://registry.npmjs.org/is-typed-array cache-miss
1318 http fetch GET 200 https://registry.npmjs.org/builtin-status-codes 393ms (cache miss)
1319 silly packumentCache full:https://registry.npmjs.org/builtin-status-codes set size:undefined disposed:false
1320 silly fetch manifest which-typed-array@1.1.9
1321 silly packumentCache full:https://registry.npmjs.org/which-typed-array cache-miss
1322 http fetch GET 200 https://registry.npmjs.org/is-generator-function 152ms (cache miss)
1323 silly packumentCache full:https://registry.npmjs.org/is-generator-function set size:undefined disposed:false
1324 silly fetch manifest rechoir@0.7.1
1325 silly packumentCache full:https://registry.npmjs.org/rechoir cache-miss
1326 http fetch GET 200 https://registry.npmjs.org/react-draggable 929ms (cache miss)
1327 silly packumentCache full:https://registry.npmjs.org/react-draggable set size:undefined disposed:false
1328 silly fetch manifest colorette@2.0.19
1329 silly packumentCache full:https://registry.npmjs.org/colorette cache-miss
1330 http fetch GET 200 https://registry.npmjs.org/is-typed-array 68ms (cache miss)
1331 silly packumentCache full:https://registry.npmjs.org/is-typed-array set size:undefined disposed:false
1332 silly fetch manifest commander@7.2.0
1333 silly packumentCache full:https://registry.npmjs.org/commander cache-miss
1334 http fetch GET 200 https://registry.npmjs.org/commander 8ms (cache hit)
1335 silly packumentCache full:https://registry.npmjs.org/commander set size:306325 disposed:false
1336 silly fetch manifest interpret@2.2.0
1337 silly packumentCache full:https://registry.npmjs.org/interpret cache-miss
1338 http fetch GET 200 https://registry.npmjs.org/which-typed-array 98ms (cache miss)
1339 silly packumentCache full:https://registry.npmjs.org/which-typed-array set size:undefined disposed:false
1340 silly fetch manifest import-local@3.1.0
1341 silly packumentCache full:https://registry.npmjs.org/import-local cache-miss
1342 http fetch GET 200 https://registry.npmjs.org/rechoir 104ms (cache miss)
1343 silly packumentCache full:https://registry.npmjs.org/rechoir set size:undefined disposed:false
1344 silly fetch manifest @webpack-cli/info@1.5.0
1345 silly packumentCache full:https://registry.npmjs.org/@webpack-cli%2finfo cache-miss
1346 http fetch GET 200 https://registry.npmjs.org/colorette 91ms (cache miss)
1347 silly packumentCache full:https://registry.npmjs.org/colorette set size:undefined disposed:false
1348 silly fetch manifest @webpack-cli/serve@1.7.0
1349 silly packumentCache full:https://registry.npmjs.org/@webpack-cli%2fserve cache-miss
1350 http fetch GET 200 https://registry.npmjs.org/interpret 70ms (cache miss)
1351 silly packumentCache full:https://registry.npmjs.org/interpret set size:undefined disposed:false
1352 silly fetch manifest fastest-levenshtein@1.0.16
1353 silly packumentCache full:https://registry.npmjs.org/fastest-levenshtein cache-miss
1354 http fetch GET 200 https://registry.npmjs.org/querystring 439ms (cache miss)
1355 silly packumentCache full:https://registry.npmjs.org/querystring set size:undefined disposed:false
1356 silly fetch manifest @discoveryjs/json-ext@0.5.7
1357 silly packumentCache full:https://registry.npmjs.org/@discoveryjs%2fjson-ext cache-miss
1358 http fetch GET 200 https://registry.npmjs.org/import-local 130ms (cache miss)
1359 silly packumentCache full:https://registry.npmjs.org/import-local set size:undefined disposed:false
1360 silly fetch manifest @webpack-cli/configtest@1.2.0
1361 silly packumentCache full:https://registry.npmjs.org/@webpack-cli%2fconfigtest cache-miss
1362 http fetch GET 200 https://registry.npmjs.org/is-arguments 429ms (cache miss)
1363 silly packumentCache full:https://registry.npmjs.org/is-arguments set size:undefined disposed:false
1364 silly fetch manifest wildcard@2.0.0
1365 silly packumentCache full:https://registry.npmjs.org/wildcard cache-miss
1366 http fetch GET 200 https://registry.npmjs.org/react-lifecycles-compat 992ms (cache miss)
1367 silly packumentCache full:https://registry.npmjs.org/react-lifecycles-compat set size:undefined disposed:false
1368 silly fetch manifest clone-deep@4.0.1
1369 silly packumentCache full:https://registry.npmjs.org/clone-deep cache-miss
1370 http fetch GET 200 https://registry.npmjs.org/clone-deep 95ms (cache miss)
1371 silly packumentCache full:https://registry.npmjs.org/clone-deep set size:undefined disposed:false
1372 http fetch GET 200 https://registry.npmjs.org/@discoveryjs%2fjson-ext 433ms (cache miss)
1373 silly packumentCache full:https://registry.npmjs.org/@discoveryjs%2fjson-ext set size:undefined disposed:false
1374 http fetch GET 200 https://registry.npmjs.org/fastest-levenshtein 492ms (cache miss)
1375 silly packumentCache full:https://registry.npmjs.org/fastest-levenshtein set size:undefined disposed:false
1376 http fetch GET 200 https://registry.npmjs.org/@webpack-cli%2fserve 1009ms (cache miss)
1377 silly packumentCache full:https://registry.npmjs.org/@webpack-cli%2fserve set size:undefined disposed:false
1378 http fetch GET 200 https://registry.npmjs.org/@webpack-cli%2finfo 1040ms (cache miss)
1379 silly packumentCache full:https://registry.npmjs.org/@webpack-cli%2finfo set size:undefined disposed:false
1380 http fetch GET 200 https://registry.npmjs.org/@webpack-cli%2fconfigtest 980ms (cache miss)
1381 silly packumentCache full:https://registry.npmjs.org/@webpack-cli%2fconfigtest set size:undefined disposed:false
1382 http fetch GET 200 https://registry.npmjs.org/wildcard 978ms (cache miss)
1383 silly packumentCache full:https://registry.npmjs.org/wildcard set size:undefined disposed:false
1384 silly placeDep ROOT @ampproject/remapping@2.2.0 OK for: @babel/core@7.22.8 want: ^2.2.0
1385 silly placeDep ROOT @babel/code-frame@7.22.5 OK for: @babel/core@7.22.8 want: ^7.22.5
1386 silly placeDep ROOT @babel/generator@7.23.0 OK for: @babel/core@7.22.8 want: ^7.22.7
1387 silly placeDep ROOT @babel/helper-compilation-targets@7.22.6 OK for: @babel/core@7.22.8 want: ^7.22.6
1388 silly placeDep ROOT @babel/helper-module-transforms@7.22.5 OK for: @babel/core@7.22.8 want: ^7.22.5
1389 silly placeDep ROOT @babel/helpers@7.22.6 OK for: @babel/core@7.22.8 want: ^7.22.6
1390 silly placeDep ROOT @babel/parser@7.23.0 OK for: @babel/core@7.22.8 want: ^7.22.7
1391 silly placeDep ROOT @babel/template@7.22.15 OK for: @babel/core@7.22.8 want: ^7.22.5
1392 silly placeDep ROOT @babel/traverse@7.23.2 OK for: @babel/core@7.22.8 want: ^7.22.8
1393 silly placeDep ROOT @babel/types@7.23.0 OK for: @babel/core@7.22.8 want: ^7.22.5
1394 silly placeDep ROOT @nicolo-ribaudo/semver-v6@6.3.3 OK for: @babel/core@7.22.8 want: ^6.3.3
1395 silly placeDep ROOT convert-source-map@1.9.0 OK for: @babel/core@7.22.8 want: ^1.7.0
1396 silly placeDep ROOT debug@4.3.4 OK for: @babel/core@7.22.8 want: ^4.1.0
1397 silly placeDep ROOT gensync@1.0.0-beta.2 OK for: @babel/core@7.22.8 want: ^1.0.0-beta.2
1398 silly placeDep ROOT json5@2.2.3 OK for: @babel/core@7.22.8 want: ^2.2.2
1399 silly fetch manifest @jridgewell/gen-mapping@0.1.1
1400 silly packumentCache full:https://registry.npmjs.org/@jridgewell%2fgen-mapping cache-miss
1401 silly fetch manifest @jridgewell/trace-mapping@0.3.31
1402 silly packumentCache full:https://registry.npmjs.org/@jridgewell%2ftrace-mapping cache-miss
1403 silly fetch manifest @babel/highlight@7.22.20
1404 silly packumentCache full:https://registry.npmjs.org/@babel%2fhighlight cache-miss
1405 silly fetch manifest jsesc@2.5.2
1406 silly packumentCache full:https://registry.npmjs.org/jsesc cache-miss
1407 silly fetch manifest @jridgewell/gen-mapping@0.3.2
1408 silly packumentCache full:https://registry.npmjs.org/@jridgewell%2fgen-mapping cache-miss
1409 silly fetch manifest @jridgewell/trace-mapping@0.3.31
1410 silly packumentCache full:https://registry.npmjs.org/@jridgewell%2ftrace-mapping cache-miss
1411 silly fetch manifest lru-cache@5.1.1
1412 silly packumentCache full:https://registry.npmjs.org/lru-cache cache-miss
1413 http fetch GET 200 https://registry.npmjs.org/@jridgewell%2ftrace-mapping 135ms (cache miss)
1414 silly packumentCache full:https://registry.npmjs.org/@jridgewell%2ftrace-mapping set size:undefined disposed:false
1415 silly fetch manifest @babel/helper-simple-access@7.22.5
1416 silly packumentCache full:https://registry.npmjs.org/@babel%2fhelper-simple-access cache-miss
1417 http fetch GET 200 https://registry.npmjs.org/jsesc 166ms (cache miss)
1418 silly packumentCache full:https://registry.npmjs.org/jsesc set size:undefined disposed:false
1419 silly fetch manifest @babel/helper-module-imports@7.22.5
1420 silly packumentCache full:https://registry.npmjs.org/@babel%2fhelper-module-imports cache-miss
1421 http fetch GET 200 https://registry.npmjs.org/@jridgewell%2fgen-mapping 205ms (cache miss)
1422 silly packumentCache full:https://registry.npmjs.org/@jridgewell%2fgen-mapping set size:undefined disposed:false
1423 silly fetch manifest @babel/helper-environment-visitor@7.22.20
1424 silly packumentCache full:https://registry.npmjs.org/@babel%2fhelper-environment-visitor cache-miss
1425 http fetch GET 200 https://registry.npmjs.org/@jridgewell%2fgen-mapping 242ms (cache miss)
1426 silly packumentCache full:https://registry.npmjs.org/@jridgewell%2fgen-mapping set size:undefined disposed:false
1427 silly fetch manifest @babel/helper-validator-identifier@7.22.20
1428 silly packumentCache full:https://registry.npmjs.org/@babel%2fhelper-validator-identifier cache-miss
1429 http fetch GET 200 https://registry.npmjs.org/@babel%2fhighlight 258ms (cache miss)
1430 silly packumentCache full:https://registry.npmjs.org/@babel%2fhighlight set size:undefined disposed:false
1431 silly fetch manifest @babel/helper-split-export-declaration@7.22.6
1432 silly packumentCache full:https://registry.npmjs.org/@babel%2fhelper-split-export-declaration cache-miss
1433 http fetch GET 200 https://registry.npmjs.org/@jridgewell%2ftrace-mapping 257ms (cache miss)
1434 silly packumentCache full:https://registry.npmjs.org/@jridgewell%2ftrace-mapping set size:undefined disposed:false
1435 silly fetch manifest @babel/code-frame@7.22.13
1436 silly packumentCache full:https://registry.npmjs.org/@babel%2fcode-frame cache-hit
1437 silly fetch manifest @babel/helper-function-name@7.23.0
1438 silly packumentCache full:https://registry.npmjs.org/@babel%2fhelper-function-name cache-miss
1439 http fetch GET 200 https://registry.npmjs.org/lru-cache 268ms (cache miss)
1440 silly packumentCache full:https://registry.npmjs.org/lru-cache set size:undefined disposed:false
1441 silly fetch manifest @babel/helper-hoist-variables@7.22.5
1442 silly packumentCache full:https://registry.npmjs.org/@babel%2fhelper-hoist-variables cache-miss
1443 http fetch GET 200 https://registry.npmjs.org/@babel%2fhelper-module-imports 137ms (cache miss)
1444 silly packumentCache full:https://registry.npmjs.org/@babel%2fhelper-module-imports set size:undefined disposed:false
1445 silly fetch manifest @babel/helper-environment-visitor@7.22.20
1446 silly packumentCache full:https://registry.npmjs.org/@babel%2fhelper-environment-visitor cache-miss
1447 http fetch GET 200 https://registry.npmjs.org/@babel%2fhelper-environment-visitor 99ms (cache miss)
1448 silly packumentCache full:https://registry.npmjs.org/@babel%2fhelper-environment-visitor set size:undefined disposed:false
1449 silly fetch manifest @babel/helper-split-export-declaration@7.22.6
1450 silly packumentCache full:https://registry.npmjs.org/@babel%2fhelper-split-export-declaration cache-miss
1451 http fetch GET 200 https://registry.npmjs.org/@babel%2fhelper-validator-identifier 99ms (cache miss)
1452 silly packumentCache full:https://registry.npmjs.org/@babel%2fhelper-validator-identifier set size:undefined disposed:false
1453 silly fetch manifest to-fast-properties@2.0.0
1454 silly packumentCache full:https://registry.npmjs.org/to-fast-properties cache-miss
1455 http fetch GET 200 https://registry.npmjs.org/@babel%2fhelper-environment-visitor 82ms (cache miss)
1456 silly packumentCache full:https://registry.npmjs.org/@babel%2fhelper-environment-visitor set size:undefined disposed:false
1457 silly fetch manifest @babel/helper-string-parser@7.22.5
1458 silly packumentCache full:https://registry.npmjs.org/@babel%2fhelper-string-parser cache-miss
1459 http fetch GET 200 https://registry.npmjs.org/@babel%2fhelper-string-parser 79ms (cache miss)
1460 silly packumentCache full:https://registry.npmjs.org/@babel%2fhelper-string-parser set size:undefined disposed:false
1461 silly fetch manifest ms@2.1.2
1462 silly packumentCache full:https://registry.npmjs.org/ms cache-miss
1463 http fetch GET 200 https://registry.npmjs.org/ms 71ms (cache miss)
1464 silly packumentCache full:https://registry.npmjs.org/ms set size:undefined disposed:false
1465 http fetch GET 200 https://registry.npmjs.org/to-fast-properties 476ms (cache miss)
1466 silly packumentCache full:https://registry.npmjs.org/to-fast-properties set size:undefined disposed:false
1467 http fetch GET 200 https://registry.npmjs.org/@babel%2fhelper-hoist-variables 731ms (cache miss)
1468 silly packumentCache full:https://registry.npmjs.org/@babel%2fhelper-hoist-variables set size:undefined disposed:false
1469 http fetch GET 200 https://registry.npmjs.org/@babel%2fhelper-simple-access 1167ms (cache miss)
1470 silly packumentCache full:https://registry.npmjs.org/@babel%2fhelper-simple-access set size:undefined disposed:false
1471 http fetch GET 200 https://registry.npmjs.org/@babel%2fhelper-split-export-declaration 1170ms (cache miss)
1472 silly packumentCache full:https://registry.npmjs.org/@babel%2fhelper-split-export-declaration set size:undefined disposed:false
1473 http fetch GET 200 https://registry.npmjs.org/@babel%2fhelper-split-export-declaration 1132ms (cache miss)
1474 silly packumentCache full:https://registry.npmjs.org/@babel%2fhelper-split-export-declaration set size:undefined disposed:false
1475 http fetch GET 200 https://registry.npmjs.org/@babel%2fhelper-function-name 1714ms (cache miss)
1476 silly packumentCache full:https://registry.npmjs.org/@babel%2fhelper-function-name set size:undefined disposed:false
1477 silly placeDep ROOT @jridgewell/gen-mapping@0.1.1 OK for: @ampproject/remapping@2.2.0 want: ^0.1.0
1478 silly placeDep ROOT @jridgewell/trace-mapping@0.3.31 OK for: @ampproject/remapping@2.2.0 want: ^0.3.9
1479 silly fetch manifest @jridgewell/set-array@1.1.2
1480 silly packumentCache full:https://registry.npmjs.org/@jridgewell%2fset-array cache-miss
1481 silly fetch manifest @jridgewell/sourcemap-codec@1.4.14
1482 silly packumentCache full:https://registry.npmjs.org/@jridgewell%2fsourcemap-codec cache-miss
1483 silly fetch manifest @jridgewell/resolve-uri@3.1.0
1484 silly packumentCache full:https://registry.npmjs.org/@jridgewell%2fresolve-uri cache-miss
1485 silly fetch manifest @jridgewell/sourcemap-codec@1.4.14
1486 silly packumentCache full:https://registry.npmjs.org/@jridgewell%2fsourcemap-codec cache-miss
1487 http fetch GET 200 https://registry.npmjs.org/@jridgewell%2fsourcemap-codec 130ms (cache miss)
1488 silly packumentCache full:https://registry.npmjs.org/@jridgewell%2fsourcemap-codec set size:undefined disposed:false
1489 http fetch GET 200 https://registry.npmjs.org/@jridgewell%2fresolve-uri 131ms (cache miss)
1490 silly packumentCache full:https://registry.npmjs.org/@jridgewell%2fresolve-uri set size:undefined disposed:false
1491 http fetch GET 200 https://registry.npmjs.org/@jridgewell%2fsourcemap-codec 132ms (cache miss)
1492 silly packumentCache full:https://registry.npmjs.org/@jridgewell%2fsourcemap-codec set size:undefined disposed:false
1493 http fetch GET 200 https://registry.npmjs.org/@jridgewell%2fset-array 985ms (cache miss)
1494 silly packumentCache full:https://registry.npmjs.org/@jridgewell%2fset-array set size:undefined disposed:false
1495 silly placeDep ROOT @babel/highlight@7.22.20 OK for: @babel/code-frame@7.22.5 want: ^7.22.5
1496 silly fetch manifest chalk@2.4.2
1497 silly packumentCache full:https://registry.npmjs.org/chalk cache-miss
1498 silly fetch manifest js-tokens@4.0.0
1499 silly packumentCache full:https://registry.npmjs.org/js-tokens cache-miss
1500 http fetch GET 200 https://registry.npmjs.org/chalk 26ms (cache hit)
1501 silly packumentCache full:https://registry.npmjs.org/chalk set size:117861 disposed:false
1502 http fetch GET 200 https://registry.npmjs.org/js-tokens 100ms (cache miss)
1503 silly packumentCache full:https://registry.npmjs.org/js-tokens set size:undefined disposed:false
1504 silly placeDep ROOT @nicolo-ribaudo/eslint-scope-5-internals@5.1.1-v1 OK for: @babel/eslint-parser@7.19.1 want: 5.1.1-v1
1505 silly placeDep ROOT eslint-visitor-keys@2.1.0 OK for: @babel/eslint-parser@7.19.1 want: ^2.1.0
1506 silly placeDep ROOT semver@6.3.1 OK for: @babel/eslint-parser@7.19.1 want: ^6.3.0
1507 silly placeDep node_modules/@babel/generator @jridgewell/gen-mapping@0.3.2 OK for: @babel/generator@7.23.0 want: ^0.3.2
1508 silly placeDep ROOT jsesc@2.5.2 OK for: @babel/generator@7.23.0 want: ^2.5.1
1509 silly placeDep ROOT @babel/compat-data@7.22.6 OK for: @babel/helper-compilation-targets@7.22.6 want: ^7.22.6
1510 silly placeDep ROOT @babel/helper-validator-option@7.22.5 OK for: @babel/helper-compilation-targets@7.22.6 want: ^7.22.5
1511 silly placeDep ROOT browserslist@4.28.1 OK for: @babel/helper-compilation-targets@7.22.6 want: ^4.21.9
1512 silly placeDep ROOT lru-cache@5.1.1 OK for: @babel/helper-compilation-targets@7.22.6 want: ^5.1.1
1513 silly fetch manifest baseline-browser-mapping@2.10.0
1514 silly packumentCache full:https://registry.npmjs.org/baseline-browser-mapping cache-miss
1515 silly fetch manifest caniuse-lite@1.0.30001774
1516 silly packumentCache full:https://registry.npmjs.org/caniuse-lite cache-miss
1517 silly fetch manifest electron-to-chromium@1.5.302
1518 silly packumentCache full:https://registry.npmjs.org/electron-to-chromium cache-miss
1519 silly fetch manifest node-releases@2.0.27
1520 silly packumentCache full:https://registry.npmjs.org/node-releases cache-miss
1521 silly fetch manifest update-browserslist-db@1.2.3
1522 silly packumentCache full:https://registry.npmjs.org/update-browserslist-db cache-miss
1523 silly fetch manifest yallist@3.1.1
1524 silly packumentCache full:https://registry.npmjs.org/yallist cache-miss
1525 http fetch GET 200 https://registry.npmjs.org/update-browserslist-db 125ms (cache miss)
1526 silly packumentCache full:https://registry.npmjs.org/update-browserslist-db set size:undefined disposed:false
1527 http fetch GET 200 https://registry.npmjs.org/yallist 137ms (cache miss)
1528 silly packumentCache full:https://registry.npmjs.org/yallist set size:undefined disposed:false
1529 http fetch GET 200 https://registry.npmjs.org/node-releases 149ms (cache miss)
1530 silly packumentCache full:https://registry.npmjs.org/node-releases set size:undefined disposed:false
1531 http fetch GET 200 https://registry.npmjs.org/baseline-browser-mapping 170ms (cache miss)
1532 silly packumentCache full:https://registry.npmjs.org/baseline-browser-mapping set size:undefined disposed:false
1533 http fetch GET 200 https://registry.npmjs.org/caniuse-lite 380ms (cache miss)
1534 silly packumentCache full:https://registry.npmjs.org/caniuse-lite set size:undefined disposed:false
1535 http fetch GET 200 https://registry.npmjs.org/electron-to-chromium 556ms (cache miss)
1536 silly packumentCache full:https://registry.npmjs.org/electron-to-chromium set size:undefined disposed:false
1537 silly placeDep ROOT @babel/helper-environment-visitor@7.22.20 OK for: @babel/helper-module-transforms@7.22.5 want: ^7.22.5
1538 silly placeDep ROOT @babel/helper-module-imports@7.22.5 OK for: @babel/helper-module-transforms@7.22.5 want: ^7.22.5
1539 silly placeDep ROOT @babel/helper-simple-access@7.22.5 OK for: @babel/helper-module-transforms@7.22.5 want: ^7.22.5
1540 silly placeDep ROOT @babel/helper-split-export-declaration@7.22.6 OK for: @babel/helper-module-transforms@7.22.5 want: ^7.22.5
1541 silly placeDep ROOT @babel/helper-validator-identifier@7.22.20 OK for: @babel/helper-module-transforms@7.22.5 want: ^7.22.5
1542 silly placeDep ROOT chalk@2.4.2 OK for: @babel/highlight@7.22.20 want: ^2.4.2
1543 silly placeDep ROOT js-tokens@4.0.0 OK for: @babel/highlight@7.22.20 want: ^4.0.0
1544 silly fetch manifest ansi-styles@3.2.1
1545 silly packumentCache full:https://registry.npmjs.org/ansi-styles cache-miss
1546 silly fetch manifest supports-color@5.5.0
1547 silly packumentCache full:https://registry.npmjs.org/supports-color cache-miss
1548 silly fetch manifest escape-string-regexp@1.0.5
1549 silly packumentCache full:https://registry.npmjs.org/escape-string-regexp cache-miss
1550 http fetch GET 200 https://registry.npmjs.org/supports-color 9ms (cache hit)
1551 silly packumentCache full:https://registry.npmjs.org/supports-color set size:118680 disposed:false
1552 http fetch GET 200 https://registry.npmjs.org/escape-string-regexp 12ms (cache hit)
1553 silly packumentCache full:https://registry.npmjs.org/escape-string-regexp set size:22244 disposed:false
1554 http fetch GET 200 https://registry.npmjs.org/ansi-styles 88ms (cache miss)
1555 silly packumentCache full:https://registry.npmjs.org/ansi-styles set size:undefined disposed:false
1556 silly placeDep ROOT @babel/helper-create-class-features-plugin@7.21.0 OK for: @babel/plugin-proposal-class-properties@7.18.6 want: ^7.18.6
1557 silly placeDep ROOT @babel/helper-plugin-utils@7.20.2 OK for: @babel/plugin-proposal-class-properties@7.18.6 want: ^7.18.6
1558 silly fetch manifest @babel/helper-replace-supers@7.20.7
1559 silly packumentCache full:https://registry.npmjs.org/@babel%2fhelper-replace-supers cache-miss
1560 silly fetch manifest @babel/helper-annotate-as-pure@7.18.6
1561 silly packumentCache full:https://registry.npmjs.org/@babel%2fhelper-annotate-as-pure cache-miss
1562 silly fetch manifest @babel/helper-optimise-call-expression@7.18.6
1563 silly packumentCache full:https://registry.npmjs.org/@babel%2fhelper-optimise-call-expression cache-miss
1564 silly fetch manifest @babel/helper-member-expression-to-functions@7.21.0
1565 silly packumentCache full:https://registry.npmjs.org/@babel%2fhelper-member-expression-to-functions cache-miss
1566 silly fetch manifest @babel/helper-skip-transparent-expression-wrappers@7.20.0
1567 silly packumentCache full:https://registry.npmjs.org/@babel%2fhelper-skip-transparent-expression-wrappers cache-miss
1568 http fetch GET 200 https://registry.npmjs.org/@babel%2fhelper-skip-transparent-expression-wrappers 183ms (cache miss)
1569 silly packumentCache full:https://registry.npmjs.org/@babel%2fhelper-skip-transparent-expression-wrappers set size:undefined disposed:false
1570 http fetch GET 200 https://registry.npmjs.org/@babel%2fhelper-optimise-call-expression 227ms (cache miss)
1571 silly packumentCache full:https://registry.npmjs.org/@babel%2fhelper-optimise-call-expression set size:undefined disposed:false
1572 http fetch GET 200 https://registry.npmjs.org/@babel%2fhelper-member-expression-to-functions 231ms (cache miss)
1573 silly packumentCache full:https://registry.npmjs.org/@babel%2fhelper-member-expression-to-functions set size:undefined disposed:false
1574 http fetch GET 200 https://registry.npmjs.org/@babel%2fhelper-annotate-as-pure 246ms (cache miss)
1575 silly packumentCache full:https://registry.npmjs.org/@babel%2fhelper-annotate-as-pure set size:undefined disposed:false
1576 http fetch GET 200 https://registry.npmjs.org/@babel%2fhelper-replace-supers 254ms (cache miss)
1577 silly packumentCache full:https://registry.npmjs.org/@babel%2fhelper-replace-supers set size:undefined disposed:false
1578 silly placeDep ROOT @babel/helper-annotate-as-pure@7.18.6 OK for: @babel/helper-create-class-features-plugin@7.21.0 want: ^7.18.6
1579 silly placeDep ROOT @babel/helper-function-name@7.23.0 OK for: @babel/helper-create-class-features-plugin@7.21.0 want: ^7.21.0
1580 silly placeDep ROOT @babel/helper-member-expression-to-functions@7.21.0 OK for: @babel/helper-create-class-features-plugin@7.21.0 want: ^7.21.0
1581 silly placeDep ROOT @babel/helper-optimise-call-expression@7.18.6 OK for: @babel/helper-create-class-features-plugin@7.21.0 want: ^7.18.6
1582 silly placeDep ROOT @babel/helper-replace-supers@7.20.7 OK for: @babel/helper-create-class-features-plugin@7.21.0 want: ^7.20.7
1583 silly placeDep ROOT @babel/helper-skip-transparent-expression-wrappers@7.20.0 OK for: @babel/helper-create-class-features-plugin@7.21.0 want: ^7.20.0
1584 silly placeDep ROOT @babel/plugin-bugfix-safari-id-destructuring-collision-in-function-expression@7.18.6 OK for: @babel/preset-env@7.20.2 want: ^7.18.6
1585 silly placeDep ROOT @babel/plugin-bugfix-v8-spread-parameters-in-optional-chaining@7.20.7 OK for: @babel/preset-env@7.20.2 want: ^7.18.9
1586 silly placeDep ROOT @babel/plugin-proposal-async-generator-functions@7.20.7 OK for: @babel/preset-env@7.20.2 want: ^7.20.1
1587 silly placeDep ROOT @babel/plugin-proposal-class-static-block@7.21.0 OK for: @babel/preset-env@7.20.2 want: ^7.18.6
1588 silly placeDep ROOT @babel/plugin-proposal-dynamic-import@7.18.6 OK for: @babel/preset-env@7.20.2 want: ^7.18.6
1589 silly placeDep ROOT @babel/plugin-proposal-export-namespace-from@7.18.9 OK for: @babel/preset-env@7.20.2 want: ^7.18.9
1590 silly placeDep ROOT @babel/plugin-proposal-json-strings@7.18.6 OK for: @babel/preset-env@7.20.2 want: ^7.18.6
1591 silly placeDep ROOT @babel/plugin-proposal-logical-assignment-operators@7.20.7 OK for: @babel/preset-env@7.20.2 want: ^7.18.9
1592 silly placeDep ROOT @babel/plugin-proposal-nullish-coalescing-operator@7.18.6 OK for: @babel/preset-env@7.20.2 want: ^7.18.6
1593 silly placeDep ROOT @babel/plugin-proposal-numeric-separator@7.18.6 OK for: @babel/preset-env@7.20.2 want: ^7.18.6
1594 silly placeDep ROOT @babel/plugin-proposal-object-rest-spread@7.20.7 OK for: @babel/preset-env@7.20.2 want: ^7.20.2
1595 silly placeDep ROOT @babel/plugin-proposal-optional-catch-binding@7.18.6 OK for: @babel/preset-env@7.20.2 want: ^7.18.6
1596 silly placeDep ROOT @babel/plugin-proposal-optional-chaining@7.21.0 OK for: @babel/preset-env@7.20.2 want: ^7.18.9
1597 silly placeDep ROOT @babel/plugin-proposal-private-methods@7.18.6 OK for: @babel/preset-env@7.20.2 want: ^7.18.6
1598 silly placeDep ROOT @babel/plugin-proposal-private-property-in-object@7.21.0 OK for: @babel/preset-env@7.20.2 want: ^7.18.6
1599 silly placeDep ROOT @babel/plugin-proposal-unicode-property-regex@7.18.6 OK for: @babel/preset-env@7.20.2 want: ^7.18.6
1600 silly placeDep ROOT @babel/plugin-syntax-async-generators@7.8.4 OK for: @babel/preset-env@7.20.2 want: ^7.8.4
1601 silly placeDep ROOT @babel/plugin-syntax-class-properties@7.12.13 OK for: @babel/preset-env@7.20.2 want: ^7.12.13
1602 silly placeDep ROOT @babel/plugin-syntax-class-static-block@7.14.5 OK for: @babel/preset-env@7.20.2 want: ^7.14.5
1603 silly placeDep ROOT @babel/plugin-syntax-dynamic-import@7.8.3 OK for: @babel/preset-env@7.20.2 want: ^7.8.3
1604 silly placeDep ROOT @babel/plugin-syntax-export-namespace-from@7.8.3 OK for: @babel/preset-env@7.20.2 want: ^7.8.3
1605 silly placeDep ROOT @babel/plugin-syntax-import-assertions@7.20.0 OK for: @babel/preset-env@7.20.2 want: ^7.20.0
1606 silly placeDep ROOT @babel/plugin-syntax-json-strings@7.8.3 OK for: @babel/preset-env@7.20.2 want: ^7.8.3
1607 silly placeDep ROOT @babel/plugin-syntax-logical-assignment-operators@7.10.4 OK for: @babel/preset-env@7.20.2 want: ^7.10.4
1608 silly placeDep ROOT @babel/plugin-syntax-nullish-coalescing-operator@7.8.3 OK for: @babel/preset-env@7.20.2 want: ^7.8.3
1609 silly placeDep ROOT @babel/plugin-syntax-numeric-separator@7.10.4 OK for: @babel/preset-env@7.20.2 want: ^7.10.4
1610 silly placeDep ROOT @babel/plugin-syntax-object-rest-spread@7.8.3 OK for: @babel/preset-env@7.20.2 want: ^7.8.3
1611 silly placeDep ROOT @babel/plugin-syntax-optional-catch-binding@7.8.3 OK for: @babel/preset-env@7.20.2 want: ^7.8.3
1612 silly placeDep ROOT @babel/plugin-syntax-optional-chaining@7.8.3 OK for: @babel/preset-env@7.20.2 want: ^7.8.3
1613 silly placeDep ROOT @babel/plugin-syntax-private-property-in-object@7.14.5 OK for: @babel/preset-env@7.20.2 want: ^7.14.5
1614 silly placeDep ROOT @babel/plugin-syntax-top-level-await@7.14.5 OK for: @babel/preset-env@7.20.2 want: ^7.14.5
1615 silly placeDep ROOT @babel/plugin-transform-arrow-functions@7.20.7 OK for: @babel/preset-env@7.20.2 want: ^7.18.6
1616 silly placeDep ROOT @babel/plugin-transform-async-to-generator@7.20.7 OK for: @babel/preset-env@7.20.2 want: ^7.18.6
1617 silly placeDep ROOT @babel/plugin-transform-block-scoped-functions@7.18.6 OK for: @babel/preset-env@7.20.2 want: ^7.18.6
1618 silly placeDep ROOT @babel/plugin-transform-block-scoping@7.21.0 OK for: @babel/preset-env@7.20.2 want: ^7.20.2
1619 silly placeDep ROOT @babel/plugin-transform-classes@7.21.0 OK for: @babel/preset-env@7.20.2 want: ^7.20.2
1620 silly placeDep ROOT @babel/plugin-transform-computed-properties@7.20.7 OK for: @babel/preset-env@7.20.2 want: ^7.18.9
1621 silly placeDep ROOT @babel/plugin-transform-destructuring@7.20.7 OK for: @babel/preset-env@7.20.2 want: ^7.20.2
1622 silly placeDep ROOT @babel/plugin-transform-dotall-regex@7.18.6 OK for: @babel/preset-env@7.20.2 want: ^7.18.6
1623 silly placeDep ROOT @babel/plugin-transform-duplicate-keys@7.18.9 OK for: @babel/preset-env@7.20.2 want: ^7.18.9
1624 silly placeDep ROOT @babel/plugin-transform-exponentiation-operator@7.18.6 OK for: @babel/preset-env@7.20.2 want: ^7.18.6
1625 silly placeDep ROOT @babel/plugin-transform-for-of@7.21.0 OK for: @babel/preset-env@7.20.2 want: ^7.18.8
1626 silly placeDep ROOT @babel/plugin-transform-function-name@7.18.9 OK for: @babel/preset-env@7.20.2 want: ^7.18.9
1627 silly placeDep ROOT @babel/plugin-transform-literals@7.18.9 OK for: @babel/preset-env@7.20.2 want: ^7.18.9
1628 silly placeDep ROOT @babel/plugin-transform-member-expression-literals@7.18.6 OK for: @babel/preset-env@7.20.2 want: ^7.18.6
1629 silly placeDep ROOT @babel/plugin-transform-modules-amd@7.20.11 OK for: @babel/preset-env@7.20.2 want: ^7.19.6
1630 silly placeDep ROOT @babel/plugin-transform-modules-commonjs@7.20.11 OK for: @babel/preset-env@7.20.2 want: ^7.19.6
1631 silly placeDep ROOT @babel/plugin-transform-modules-systemjs@7.20.11 OK for: @babel/preset-env@7.20.2 want: ^7.19.6
1632 silly placeDep ROOT @babel/plugin-transform-modules-umd@7.18.6 OK for: @babel/preset-env@7.20.2 want: ^7.18.6
1633 silly placeDep ROOT @babel/plugin-transform-named-capturing-groups-regex@7.20.5 OK for: @babel/preset-env@7.20.2 want: ^7.19.1
1634 silly placeDep ROOT @babel/plugin-transform-new-target@7.18.6 OK for: @babel/preset-env@7.20.2 want: ^7.18.6
1635 silly placeDep ROOT @babel/plugin-transform-object-super@7.18.6 OK for: @babel/preset-env@7.20.2 want: ^7.18.6
1636 silly placeDep ROOT @babel/plugin-transform-parameters@7.20.7 OK for: @babel/preset-env@7.20.2 want: ^7.20.1
1637 silly placeDep ROOT @babel/plugin-transform-property-literals@7.18.6 OK for: @babel/preset-env@7.20.2 want: ^7.18.6
1638 silly placeDep ROOT @babel/plugin-transform-regenerator@7.20.5 OK for: @babel/preset-env@7.20.2 want: ^7.18.6
1639 silly placeDep ROOT @babel/plugin-transform-reserved-words@7.18.6 OK for: @babel/preset-env@7.20.2 want: ^7.18.6
1640 silly placeDep ROOT @babel/plugin-transform-shorthand-properties@7.18.6 OK for: @babel/preset-env@7.20.2 want: ^7.18.6
1641 silly placeDep ROOT @babel/plugin-transform-spread@7.20.7 OK for: @babel/preset-env@7.20.2 want: ^7.19.0
1642 silly placeDep ROOT @babel/plugin-transform-sticky-regex@7.18.6 OK for: @babel/preset-env@7.20.2 want: ^7.18.6
1643 silly placeDep ROOT @babel/plugin-transform-template-literals@7.18.9 OK for: @babel/preset-env@7.20.2 want: ^7.18.9
1644 silly placeDep ROOT @babel/plugin-transform-typeof-symbol@7.18.9 OK for: @babel/preset-env@7.20.2 want: ^7.18.9
1645 silly placeDep ROOT @babel/plugin-transform-unicode-escapes@7.18.10 OK for: @babel/preset-env@7.20.2 want: ^7.18.10
1646 silly placeDep ROOT @babel/plugin-transform-unicode-regex@7.18.6 OK for: @babel/preset-env@7.20.2 want: ^7.18.6
1647 silly placeDep ROOT @babel/preset-modules@0.1.5 OK for: @babel/preset-env@7.20.2 want: ^0.1.5
1648 silly placeDep ROOT babel-plugin-polyfill-corejs2@0.3.3 OK for: @babel/preset-env@7.20.2 want: ^0.3.3
1649 silly placeDep ROOT babel-plugin-polyfill-corejs3@0.6.0 OK for: @babel/preset-env@7.20.2 want: ^0.6.0
1650 silly placeDep ROOT babel-plugin-polyfill-regenerator@0.4.1 OK for: @babel/preset-env@7.20.2 want: ^0.4.1
1651 silly placeDep ROOT core-js-compat@3.31.1 OK for: @babel/preset-env@7.20.2 want: ^3.25.1
1652 silly fetch manifest @babel/helper-remap-async-to-generator@7.18.9
1653 silly packumentCache full:https://registry.npmjs.org/@babel%2fhelper-remap-async-to-generator cache-miss
1654 silly fetch manifest @babel/helper-create-regexp-features-plugin@7.21.0
1655 silly packumentCache full:https://registry.npmjs.org/@babel%2fhelper-create-regexp-features-plugin cache-miss
1656 silly fetch manifest @babel/helper-remap-async-to-generator@7.18.9
1657 silly packumentCache full:https://registry.npmjs.org/@babel%2fhelper-remap-async-to-generator cache-miss
1658 silly fetch manifest @babel/helper-create-regexp-features-plugin@7.21.0
1659 silly packumentCache full:https://registry.npmjs.org/@babel%2fhelper-create-regexp-features-plugin cache-miss
1660 silly fetch manifest @babel/helper-builder-binary-assignment-operator-visitor@7.18.9
1661 silly packumentCache full:https://registry.npmjs.org/@babel%2fhelper-builder-binary-assignment-operator-visitor cache-miss
1662 silly fetch manifest @babel/helper-create-regexp-features-plugin@7.21.0
1663 silly packumentCache full:https://registry.npmjs.org/@babel%2fhelper-create-regexp-features-plugin cache-miss
1664 silly fetch manifest regenerator-transform@0.15.1
1665 silly packumentCache full:https://registry.npmjs.org/regenerator-transform cache-miss
1666 http fetch GET 200 https://registry.npmjs.org/@babel%2fhelper-create-regexp-features-plugin 177ms (cache miss)
1667 silly packumentCache full:https://registry.npmjs.org/@babel%2fhelper-create-regexp-features-plugin set size:undefined disposed:false
1668 silly fetch manifest @babel/helper-define-polyfill-provider@0.3.3
1669 silly packumentCache full:https://registry.npmjs.org/@babel%2fhelper-define-polyfill-provider cache-miss
1670 http fetch GET 200 https://registry.npmjs.org/@babel%2fhelper-remap-async-to-generator 209ms (cache miss)
1671 silly packumentCache full:https://registry.npmjs.org/@babel%2fhelper-remap-async-to-generator set size:undefined disposed:false
1672 silly fetch manifest @babel/helper-define-polyfill-provider@0.3.3
1673 silly packumentCache full:https://registry.npmjs.org/@babel%2fhelper-define-polyfill-provider cache-miss
1674 http fetch GET 200 https://registry.npmjs.org/@babel%2fhelper-create-regexp-features-plugin 217ms (cache miss)
1675 silly packumentCache full:https://registry.npmjs.org/@babel%2fhelper-create-regexp-features-plugin set size:undefined disposed:false
1676 silly fetch manifest @babel/helper-define-polyfill-provider@0.3.3
1677 silly packumentCache full:https://registry.npmjs.org/@babel%2fhelper-define-polyfill-provider cache-miss
1678 http fetch GET 200 https://registry.npmjs.org/@babel%2fhelper-create-regexp-features-plugin 224ms (cache miss)
1679 silly packumentCache full:https://registry.npmjs.org/@babel%2fhelper-create-regexp-features-plugin set size:undefined disposed:false
1680 http fetch GET 200 https://registry.npmjs.org/@babel%2fhelper-remap-async-to-generator 240ms (cache miss)
1681 silly packumentCache full:https://registry.npmjs.org/@babel%2fhelper-remap-async-to-generator set size:undefined disposed:false
1682 http fetch GET 200 https://registry.npmjs.org/@babel%2fhelper-define-polyfill-provider 143ms (cache miss)
1683 silly packumentCache full:https://registry.npmjs.org/@babel%2fhelper-define-polyfill-provider set size:undefined disposed:false
1684 http fetch GET 200 https://registry.npmjs.org/@babel%2fhelper-define-polyfill-provider 123ms (cache miss)
1685 silly packumentCache full:https://registry.npmjs.org/@babel%2fhelper-define-polyfill-provider set size:undefined disposed:false
1686 http fetch GET 200 https://registry.npmjs.org/@babel%2fhelper-define-polyfill-provider 137ms (cache miss)
1687 silly packumentCache full:https://registry.npmjs.org/@babel%2fhelper-define-polyfill-provider set size:undefined disposed:false
1688 http fetch GET 200 https://registry.npmjs.org/regenerator-transform 984ms (cache miss)
1689 silly packumentCache full:https://registry.npmjs.org/regenerator-transform set size:undefined disposed:false
1690 http fetch GET 200 https://registry.npmjs.org/@babel%2fhelper-builder-binary-assignment-operator-visitor 1295ms (cache miss)
1691 silly packumentCache full:https://registry.npmjs.org/@babel%2fhelper-builder-binary-assignment-operator-visitor set size:undefined disposed:false
1692 silly placeDep ROOT @babel/helper-remap-async-to-generator@7.18.9 OK for: @babel/plugin-proposal-async-generator-functions@7.20.7 want: ^7.18.9
1693 silly fetch manifest @babel/helper-wrap-function@7.20.5
1694 silly packumentCache full:https://registry.npmjs.org/@babel%2fhelper-wrap-function cache-miss
1695 http fetch GET 200 https://registry.npmjs.org/@babel%2fhelper-wrap-function 121ms (cache miss)
1696 silly packumentCache full:https://registry.npmjs.org/@babel%2fhelper-wrap-function set size:undefined disposed:false
1697 silly placeDep ROOT @babel/helper-wrap-function@7.20.5 OK for: @babel/helper-remap-async-to-generator@7.18.9 want: ^7.18.9
1698 silly placeDep ROOT @babel/helper-create-regexp-features-plugin@7.21.0 OK for: @babel/plugin-proposal-unicode-property-regex@7.18.6 want: ^7.18.6
1699 silly fetch manifest regexpu-core@5.3.2
1700 silly packumentCache full:https://registry.npmjs.org/regexpu-core cache-miss
1701 http fetch GET 200 https://registry.npmjs.org/regexpu-core 88ms (cache miss)
1702 silly packumentCache full:https://registry.npmjs.org/regexpu-core set size:undefined disposed:false
1703 silly placeDep ROOT regexpu-core@5.3.2 OK for: @babel/helper-create-regexp-features-plugin@7.21.0 want: ^5.3.1
1704 silly fetch manifest regenerate@1.4.2
1705 silly packumentCache full:https://registry.npmjs.org/regenerate cache-miss
1706 silly fetch manifest regjsparser@0.9.1
1707 silly packumentCache full:https://registry.npmjs.org/regjsparser cache-miss
1708 silly fetch manifest @babel/regjsgen@0.8.0
1709 silly packumentCache full:https://registry.npmjs.org/@babel%2fregjsgen cache-miss
1710 silly fetch manifest regenerate-unicode-properties@10.1.0
1711 silly packumentCache full:https://registry.npmjs.org/regenerate-unicode-properties cache-miss
1712 silly fetch manifest unicode-match-property-ecmascript@2.0.0
1713 silly packumentCache full:https://registry.npmjs.org/unicode-match-property-ecmascript cache-miss
1714 silly fetch manifest unicode-match-property-value-ecmascript@2.1.0
1715 silly packumentCache full:https://registry.npmjs.org/unicode-match-property-value-ecmascript cache-miss
1716 http fetch GET 200 https://registry.npmjs.org/unicode-match-property-ecmascript 134ms (cache miss)
1717 silly packumentCache full:https://registry.npmjs.org/unicode-match-property-ecmascript set size:undefined disposed:false
1718 http fetch GET 200 https://registry.npmjs.org/regenerate 154ms (cache miss)
1719 silly packumentCache full:https://registry.npmjs.org/regenerate set size:undefined disposed:false
1720 http fetch GET 200 https://registry.npmjs.org/regenerate-unicode-properties 143ms (cache miss)
1721 silly packumentCache full:https://registry.npmjs.org/regenerate-unicode-properties set size:undefined disposed:false
1722 http fetch GET 200 https://registry.npmjs.org/unicode-match-property-value-ecmascript 137ms (cache miss)
1723 silly packumentCache full:https://registry.npmjs.org/unicode-match-property-value-ecmascript set size:undefined disposed:false
1724 http fetch GET 200 https://registry.npmjs.org/regjsparser 156ms (cache miss)
1725 silly packumentCache full:https://registry.npmjs.org/regjsparser set size:undefined disposed:false
1726 http fetch GET 200 https://registry.npmjs.org/@babel%2fregjsgen 1180ms (cache miss)
1727 silly packumentCache full:https://registry.npmjs.org/@babel%2fregjsgen set size:undefined disposed:false
1728 silly placeDep ROOT globals@11.12.0 OK for: @babel/plugin-transform-classes@7.21.0 want: ^11.1.0
1729 silly placeDep ROOT @babel/helper-builder-binary-assignment-operator-visitor@7.18.9 OK for: @babel/plugin-transform-exponentiation-operator@7.18.6 want: ^7.18.6
1730 silly fetch manifest @babel/helper-explode-assignable-expression@7.18.6
1731 silly packumentCache full:https://registry.npmjs.org/@babel%2fhelper-explode-assignable-expression cache-miss
1732 http fetch GET 200 https://registry.npmjs.org/@babel%2fhelper-explode-assignable-expression 724ms (cache miss)
1733 silly packumentCache full:https://registry.npmjs.org/@babel%2fhelper-explode-assignable-expression set size:undefined disposed:false
1734 silly placeDep ROOT @babel/helper-explode-assignable-expression@7.18.6 OK for: @babel/helper-builder-binary-assignment-operator-visitor@7.18.9 want: ^7.18.6
1735 silly placeDep ROOT @babel/helper-hoist-variables@7.22.5 OK for: @babel/plugin-transform-modules-systemjs@7.20.11 want: ^7.18.6
1736 silly placeDep ROOT regenerator-transform@0.15.1 OK for: @babel/plugin-transform-regenerator@7.20.5 want: ^0.15.1
1737 silly placeDep ROOT esutils@2.0.3 OK for: @babel/preset-modules@0.1.5 want: ^2.0.2
1738 silly placeDep ROOT @babel/plugin-transform-react-display-name@7.18.6 OK for: @babel/preset-react@7.18.6 want: ^7.18.6
1739 silly placeDep ROOT @babel/plugin-transform-react-jsx@7.21.0 OK for: @babel/preset-react@7.18.6 want: ^7.18.6
1740 silly placeDep ROOT @babel/plugin-transform-react-jsx-development@7.18.6 OK for: @babel/preset-react@7.18.6 want: ^7.18.6
1741 silly placeDep ROOT @babel/plugin-transform-react-pure-annotations@7.18.6 OK for: @babel/preset-react@7.18.6 want: ^7.18.6
1742 silly fetch manifest @babel/plugin-syntax-jsx@7.18.6
1743 silly packumentCache full:https://registry.npmjs.org/@babel%2fplugin-syntax-jsx cache-miss
1744 http fetch GET 200 https://registry.npmjs.org/@babel%2fplugin-syntax-jsx 116ms (cache miss)
1745 silly packumentCache full:https://registry.npmjs.org/@babel%2fplugin-syntax-jsx set size:undefined disposed:false
1746 silly placeDep ROOT @babel/plugin-syntax-jsx@7.18.6 OK for: @babel/plugin-transform-react-jsx@7.21.0 want: ^7.18.6
1747 silly placeDep node_modules/@babel/template @babel/code-frame@7.22.13 OK for: @babel/template@7.22.15 want: ^7.22.13
1748 silly placeDep node_modules/@babel/traverse @babel/code-frame@7.22.13 OK for: @babel/traverse@7.23.2 want: ^7.22.13
1749 silly placeDep ROOT @babel/helper-string-parser@7.22.5 OK for: @babel/types@7.23.0 want: ^7.22.5
1750 silly placeDep ROOT to-fast-properties@2.0.0 OK for: @babel/types@7.23.0 want: ^2.0.0
1751 silly placeDep ROOT @jridgewell/set-array@1.1.2 OK for: @jridgewell/gen-mapping@0.1.1 want: ^1.0.0
1752 silly placeDep ROOT @jridgewell/sourcemap-codec@1.4.14 OK for: @jridgewell/gen-mapping@0.1.1 want: ^1.4.10
1753 silly placeDep ROOT @jridgewell/resolve-uri@3.1.0 OK for: @jridgewell/trace-mapping@0.3.31 want: ^3.1.0
1754 silly placeDep ROOT eslint-scope@5.1.1 OK for: @nicolo-ribaudo/eslint-scope-5-internals@5.1.1-v1 want: 5.1.1
1755 silly fetch manifest esrecurse@4.3.0
1756 silly packumentCache full:https://registry.npmjs.org/esrecurse cache-miss
1757 silly fetch manifest estraverse@4.3.0
1758 silly packumentCache full:https://registry.npmjs.org/estraverse cache-miss
1759 http fetch GET 200 https://registry.npmjs.org/estraverse 14ms (cache hit)
1760 silly packumentCache full:https://registry.npmjs.org/estraverse set size:62412 disposed:false
1761 http fetch GET 200 https://registry.npmjs.org/esrecurse 80ms (cache miss)
1762 silly packumentCache full:https://registry.npmjs.org/esrecurse set size:undefined disposed:false
1763 silly placeDep ROOT es6-object-assign@1.1.0 OK for: assert@2.0.0 want: ^1.1.0
1764 silly placeDep ROOT is-nan@1.3.2 OK for: assert@2.0.0 want: ^1.2.1
1765 silly placeDep ROOT object-is@1.1.5 OK for: assert@2.0.0 want: ^1.0.1
1766 silly fetch manifest call-bind@1.0.2
1767 silly packumentCache full:https://registry.npmjs.org/call-bind cache-miss
1768 silly fetch manifest define-properties@1.2.0
1769 silly packumentCache full:https://registry.npmjs.org/define-properties cache-miss
1770 silly fetch manifest call-bind@1.0.2
1771 silly packumentCache full:https://registry.npmjs.org/call-bind cache-miss
1772 silly fetch manifest define-properties@1.2.0
1773 silly packumentCache full:https://registry.npmjs.org/define-properties cache-miss
1774 http fetch GET 200 https://registry.npmjs.org/call-bind 89ms (cache miss)
1775 silly packumentCache full:https://registry.npmjs.org/call-bind set size:undefined disposed:false
1776 http fetch GET 200 https://registry.npmjs.org/call-bind 89ms (cache miss)
1777 silly packumentCache full:https://registry.npmjs.org/call-bind set size:undefined disposed:false
1778 http fetch GET 200 https://registry.npmjs.org/define-properties 90ms (cache miss)
1779 silly packumentCache full:https://registry.npmjs.org/define-properties set size:undefined disposed:false
1780 http fetch GET 200 https://registry.npmjs.org/define-properties 96ms (cache miss)
1781 silly packumentCache full:https://registry.npmjs.org/define-properties set size:undefined disposed:false
1782 silly placeDep ROOT find-cache-dir@3.3.2 OK for: babel-loader@8.3.0 want: ^3.3.1
1783 silly placeDep ROOT loader-utils@2.0.4 OK for: babel-loader@8.3.0 want: ^2.0.0
1784 silly placeDep ROOT make-dir@3.1.0 OK for: babel-loader@8.3.0 want: ^3.1.0
1785 silly placeDep ROOT schema-utils@2.7.1 OK for: babel-loader@8.3.0 want: ^2.6.5
1786 silly fetch manifest pkg-dir@4.2.0
1787 silly packumentCache full:https://registry.npmjs.org/pkg-dir cache-miss
1788 silly fetch manifest commondir@1.0.1
1789 silly packumentCache full:https://registry.npmjs.org/commondir cache-miss
1790 silly fetch manifest big.js@5.2.2
1791 silly packumentCache full:https://registry.npmjs.org/big.js cache-miss
1792 silly fetch manifest emojis-list@3.0.0
1793 silly packumentCache full:https://registry.npmjs.org/emojis-list cache-miss
1794 silly fetch manifest ajv-keywords@3.5.2
1795 silly packumentCache full:https://registry.npmjs.org/ajv-keywords cache-miss
1796 http fetch GET 200 https://registry.npmjs.org/emojis-list 121ms (cache miss)
1797 silly packumentCache full:https://registry.npmjs.org/emojis-list set size:undefined disposed:false
1798 http fetch GET 200 https://registry.npmjs.org/pkg-dir 134ms (cache miss)
1799 silly packumentCache full:https://registry.npmjs.org/pkg-dir set size:undefined disposed:false
1800 http fetch GET 200 https://registry.npmjs.org/big.js 138ms (cache miss)
1801 silly packumentCache full:https://registry.npmjs.org/big.js set size:undefined disposed:false
1802 http fetch GET 200 https://registry.npmjs.org/ajv-keywords 424ms (cache miss)
1803 silly packumentCache full:https://registry.npmjs.org/ajv-keywords set size:undefined disposed:false
1804 http fetch GET 200 https://registry.npmjs.org/commondir 981ms (cache miss)
1805 silly packumentCache full:https://registry.npmjs.org/commondir set size:undefined disposed:false
1806 silly placeDep ROOT @babel/helper-define-polyfill-provider@0.3.3 OK for: babel-plugin-polyfill-corejs2@0.3.3 want: ^0.3.3
1807 silly fetch manifest resolve@1.22.1
1808 silly packumentCache full:https://registry.npmjs.org/resolve cache-miss
1809 silly fetch manifest lodash.debounce@4.0.8
1810 silly packumentCache full:https://registry.npmjs.org/lodash.debounce cache-miss
1811 http fetch GET 200 https://registry.npmjs.org/resolve 39ms (cache hit)
1812 silly packumentCache full:https://registry.npmjs.org/resolve set size:238156 disposed:false
1813 http fetch GET 200 https://registry.npmjs.org/lodash.debounce 83ms (cache miss)
1814 silly packumentCache full:https://registry.npmjs.org/lodash.debounce set size:undefined disposed:false
1815 silly placeDep ROOT lodash.debounce@4.0.8 OK for: @babel/helper-define-polyfill-provider@0.3.3 want: ^4.0.8
1816 silly placeDep ROOT resolve@1.22.1 OK for: @babel/helper-define-polyfill-provider@0.3.3 want: ^1.14.2
1817 silly fetch manifest path-parse@1.0.7
1818 silly packumentCache full:https://registry.npmjs.org/path-parse cache-miss
1819 silly fetch manifest is-core-module@2.11.0
1820 silly packumentCache full:https://registry.npmjs.org/is-core-module cache-miss
1821 silly fetch manifest supports-preserve-symlinks-flag@1.0.0
1822 silly packumentCache full:https://registry.npmjs.org/supports-preserve-symlinks-flag cache-miss
1823 http fetch GET 200 https://registry.npmjs.org/path-parse 105ms (cache miss)
1824 silly packumentCache full:https://registry.npmjs.org/path-parse set size:undefined disposed:false
1825 http fetch GET 200 https://registry.npmjs.org/supports-preserve-symlinks-flag 102ms (cache miss)
1826 silly packumentCache full:https://registry.npmjs.org/supports-preserve-symlinks-flag set size:undefined disposed:false
1827 http fetch GET 200 https://registry.npmjs.org/is-core-module 106ms (cache miss)
1828 silly packumentCache full:https://registry.npmjs.org/is-core-module set size:undefined disposed:false
1829 silly placeDep ROOT pako@1.0.11 OK for: browserify-zlib@0.2.0 want: ~1.0.5
1830 silly placeDep ROOT baseline-browser-mapping@2.10.0 OK for: browserslist@4.28.1 want: ^2.9.0
1831 silly placeDep ROOT caniuse-lite@1.0.30001774 OK for: browserslist@4.28.1 want: ^1.0.30001759
1832 silly placeDep ROOT electron-to-chromium@1.5.302 OK for: browserslist@4.28.1 want: ^1.5.263
1833 silly placeDep ROOT node-releases@2.0.27 OK for: browserslist@4.28.1 want: ^2.0.27
1834 silly placeDep ROOT update-browserslist-db@1.2.3 OK for: browserslist@4.28.1 want: ^1.2.0
1835 silly fetch manifest escalade@3.2.0
1836 silly packumentCache full:https://registry.npmjs.org/escalade cache-miss
1837 silly fetch manifest picocolors@1.1.1
1838 silly packumentCache full:https://registry.npmjs.org/picocolors cache-miss
1839 http fetch GET 200 https://registry.npmjs.org/escalade 103ms (cache miss)
1840 silly packumentCache full:https://registry.npmjs.org/escalade set size:undefined disposed:false
1841 http fetch GET 200 https://registry.npmjs.org/picocolors 106ms (cache miss)
1842 silly packumentCache full:https://registry.npmjs.org/picocolors set size:undefined disposed:false
1843 silly placeDep ROOT base64-js@1.5.1 OK for: buffer@6.0.3 want: ^1.3.1
1844 silly placeDep ROOT ieee754@1.2.1 OK for: buffer@6.0.3 want: ^1.2.1
1845 silly placeDep ROOT ansi-styles@3.2.1 OK for: chalk@2.4.2 want: ^3.2.1
1846 silly placeDep ROOT escape-string-regexp@1.0.5 OK for: chalk@2.4.2 want: ^1.0.5
1847 silly placeDep ROOT supports-color@5.5.0 OK for: chalk@2.4.2 want: ^5.3.0
1848 silly fetch manifest color-convert@1.9.3
1849 silly packumentCache full:https://registry.npmjs.org/color-convert cache-miss
1850 silly fetch manifest has-flag@3.0.0
1851 silly packumentCache full:https://registry.npmjs.org/has-flag cache-miss
1852 http fetch GET 200 https://registry.npmjs.org/has-flag 93ms (cache miss)
1853 silly packumentCache full:https://registry.npmjs.org/has-flag set size:undefined disposed:false
1854 http fetch GET 200 https://registry.npmjs.org/color-convert 102ms (cache miss)
1855 silly packumentCache full:https://registry.npmjs.org/color-convert set size:undefined disposed:false
1856 silly placeDep ROOT color-convert@1.9.3 OK for: ansi-styles@3.2.1 want: ^1.9.0
1857 silly fetch manifest color-name@1.1.3
1858 silly packumentCache full:https://registry.npmjs.org/color-name cache-miss
1859 http fetch GET 200 https://registry.npmjs.org/color-name 79ms (cache miss)
1860 silly packumentCache full:https://registry.npmjs.org/color-name set size:undefined disposed:false
1861 silly placeDep ROOT color-name@1.1.3 OK for: color-convert@1.9.3 want: 1.1.3
1862 silly placeDep ROOT icss-utils@5.1.0 OK for: css-loader@6.7.3 want: ^5.1.0
1863 silly placeDep ROOT postcss@8.4.31 OK for: icss-utils@5.1.0 want: ^8.1.0
1864 silly placeDep ROOT postcss-modules-extract-imports@3.0.0 OK for: css-loader@6.7.3 want: ^3.0.0
1865 silly placeDep ROOT postcss-modules-local-by-default@4.0.0 OK for: css-loader@6.7.3 want: ^4.0.0
1866 silly placeDep ROOT postcss-modules-scope@3.0.0 OK for: css-loader@6.7.3 want: ^3.0.0
1867 silly placeDep ROOT postcss-modules-values@4.0.0 OK for: css-loader@6.7.3 want: ^4.0.0
1868 silly placeDep ROOT postcss-value-parser@4.2.0 OK for: css-loader@6.7.3 want: ^4.2.0
1869 silly placeDep node_modules/css-loader semver@7.5.4 OK for: css-loader@6.7.3 want: ^7.3.8
1870 silly fetch manifest nanoid@3.3.11
1871 silly packumentCache full:https://registry.npmjs.org/nanoid cache-miss
1872 silly fetch manifest source-map-js@1.0.2
1873 silly packumentCache full:https://registry.npmjs.org/source-map-js cache-miss
1874 silly fetch manifest postcss-selector-parser@6.0.11
1875 silly packumentCache full:https://registry.npmjs.org/postcss-selector-parser cache-miss
1876 silly fetch manifest postcss-selector-parser@6.0.11
1877 silly packumentCache full:https://registry.npmjs.org/postcss-selector-parser cache-miss
1878 silly fetch manifest lru-cache@6.0.0
1879 silly packumentCache full:https://registry.npmjs.org/lru-cache cache-miss
1880 http fetch GET 200 https://registry.npmjs.org/lru-cache 49ms (cache hit)
1881 silly packumentCache full:https://registry.npmjs.org/lru-cache set size:416454 disposed:false
1882 http fetch GET 200 https://registry.npmjs.org/source-map-js 136ms (cache miss)
1883 silly packumentCache full:https://registry.npmjs.org/source-map-js set size:undefined disposed:false
1884 http fetch GET 200 https://registry.npmjs.org/nanoid 151ms (cache miss)
1885 silly packumentCache full:https://registry.npmjs.org/nanoid set size:undefined disposed:false
1886 http fetch GET 200 https://registry.npmjs.org/postcss-selector-parser 427ms (cache miss)
1887 silly packumentCache full:https://registry.npmjs.org/postcss-selector-parser set size:undefined disposed:false
1888 http fetch GET 200 https://registry.npmjs.org/postcss-selector-parser 879ms (cache miss)
1889 silly packumentCache full:https://registry.npmjs.org/postcss-selector-parser set size:undefined disposed:false
1890 silly placeDep ROOT @cypress/request@2.88.11 OK for: cypress@9.7.0 want: ^2.88.10
1891 silly placeDep ROOT @cypress/xvfb@1.2.4 OK for: cypress@9.7.0 want: ^1.2.4
1892 silly placeDep ROOT @types/node@14.18.36 OK for: cypress@9.7.0 want: ^14.14.31
1893 silly placeDep ROOT @types/sinonjs__fake-timers@8.1.1 OK for: cypress@9.7.0 want: 8.1.1
1894 silly placeDep ROOT @types/sizzle@2.3.3 OK for: cypress@9.7.0 want: ^2.3.2
1895 silly placeDep ROOT arch@2.2.0 OK for: cypress@9.7.0 want: ^2.2.0
1896 silly placeDep ROOT blob-util@2.0.2 OK for: cypress@9.7.0 want: ^2.0.2
1897 silly placeDep ROOT bluebird@3.7.2 OK for: cypress@9.7.0 want: ^3.7.2
1898 silly placeDep node_modules/cypress buffer@5.7.1 OK for: cypress@9.7.0 want: ^5.6.0
1899 silly placeDep ROOT cachedir@2.3.0 OK for: cypress@9.7.0 want: ^2.3.0
1900 silly placeDep node_modules/cypress chalk@4.1.2 OK for: cypress@9.7.0 want: ^4.1.0
1901 silly placeDep ROOT check-more-types@2.24.0 OK for: cypress@9.7.0 want: ^2.24.0
1902 silly placeDep ROOT cli-cursor@3.1.0 OK for: cypress@9.7.0 want: ^3.1.0
1903 silly placeDep ROOT cli-table3@0.6.3 OK for: cypress@9.7.0 want: ~0.6.1
1904 silly placeDep ROOT commander@5.1.0 OK for: cypress@9.7.0 want: ^5.1.0
1905 silly placeDep ROOT common-tags@1.8.2 OK for: cypress@9.7.0 want: ^1.8.0
1906 silly placeDep ROOT dayjs@1.11.7 OK for: cypress@9.7.0 want: ^1.10.4
1907 silly placeDep ROOT enquirer@2.3.6 OK for: cypress@9.7.0 want: ^2.3.6
1908 silly placeDep ROOT eventemitter2@6.4.9 OK for: cypress@9.7.0 want: ^6.4.3
1909 silly placeDep ROOT execa@4.1.0 OK for: cypress@9.7.0 want: 4.1.0
1910 silly placeDep ROOT executable@4.1.1 OK for: cypress@9.7.0 want: ^4.1.1
1911 silly placeDep ROOT extract-zip@2.0.1 OK for: cypress@9.7.0 want: 2.0.1
1912 silly placeDep ROOT figures@3.2.0 OK for: cypress@9.7.0 want: ^3.2.0
1913 silly placeDep ROOT fs-extra@9.1.0 OK for: cypress@9.7.0 want: ^9.1.0
1914 silly placeDep ROOT getos@3.2.1 OK for: cypress@9.7.0 want: ^3.2.1
1915 silly placeDep ROOT is-ci@3.0.1 OK for: cypress@9.7.0 want: ^3.0.0
1916 silly placeDep ROOT is-installed-globally@0.4.0 OK for: cypress@9.7.0 want: ~0.4.0
1917 silly placeDep ROOT lazy-ass@1.6.0 OK for: cypress@9.7.0 want: ^1.6.0
1918 silly placeDep ROOT listr2@3.14.0 OK for: cypress@9.7.0 want: ^3.8.3
1919 silly placeDep ROOT lodash@4.17.23 OK for: cypress@9.7.0 want: ^4.17.21
1920 silly placeDep ROOT log-symbols@4.1.0 OK for: cypress@9.7.0 want: ^4.0.0
1921 silly placeDep ROOT minimist@1.2.8 OK for: cypress@9.7.0 want: ^1.2.6
1922 silly placeDep ROOT ospath@1.2.2 OK for: cypress@9.7.0 want: ^1.2.2
1923 silly placeDep ROOT pretty-bytes@5.6.0 OK for: cypress@9.7.0 want: ^5.6.0
1924 silly placeDep ROOT proxy-from-env@1.0.0 OK for: cypress@9.7.0 want: 1.0.0
1925 silly placeDep ROOT request-progress@3.0.0 OK for: cypress@9.7.0 want: ^3.0.0
1926 silly placeDep node_modules/cypress semver@7.5.4 OK for: cypress@9.7.0 want: ^7.3.2
1927 silly placeDep node_modules/cypress supports-color@8.1.1 OK for: cypress@9.7.0 want: ^8.1.1
1928 silly placeDep ROOT tmp@0.2.5 OK for: cypress@9.7.0 want: ~0.2.1
1929 silly placeDep ROOT untildify@4.0.0 OK for: cypress@9.7.0 want: ^4.0.0
1930 silly placeDep ROOT yauzl@2.10.0 OK for: cypress@9.7.0 want: ^2.10.0
1931 silly fetch manifest qs@6.10.4
1932 silly packumentCache full:https://registry.npmjs.org/qs cache-miss
1933 silly fetch manifest aws4@1.12.0
1934 silly packumentCache full:https://registry.npmjs.org/aws4 cache-miss
1935 silly fetch manifest uuid@8.3.2
1936 silly packumentCache full:https://registry.npmjs.org/uuid cache-miss
1937 silly fetch manifest extend@3.0.2
1938 silly packumentCache full:https://registry.npmjs.org/extend cache-miss
1939 silly fetch manifest caseless@0.12.0
1940 silly packumentCache full:https://registry.npmjs.org/caseless cache-miss
1941 silly fetch manifest isstream@0.1.2
1942 silly packumentCache full:https://registry.npmjs.org/isstream cache-miss
1943 silly fetch manifest aws-sign2@0.7.0
1944 silly packumentCache full:https://registry.npmjs.org/aws-sign2 cache-miss
1945 http fetch GET 200 https://registry.npmjs.org/extend 152ms (cache miss)
1946 silly packumentCache full:https://registry.npmjs.org/extend set size:undefined disposed:false
1947 silly fetch manifest form-data@2.3.3
1948 silly packumentCache full:https://registry.npmjs.org/form-data cache-miss
1949 http fetch GET 200 https://registry.npmjs.org/caseless 167ms (cache miss)
1950 silly packumentCache full:https://registry.npmjs.org/caseless set size:undefined disposed:false
1951 silly fetch manifest safe-buffer@5.2.1
1952 silly packumentCache full:https://registry.npmjs.org/safe-buffer cache-miss
1953 http fetch GET 200 https://registry.npmjs.org/isstream 179ms (cache miss)
1954 silly packumentCache full:https://registry.npmjs.org/isstream set size:undefined disposed:false
1955 silly fetch manifest tough-cookie@2.5.0
1956 silly packumentCache full:https://registry.npmjs.org/tough-cookie cache-miss
1957 http fetch GET 200 https://registry.npmjs.org/uuid 201ms (cache miss)
1958 silly packumentCache full:https://registry.npmjs.org/uuid set size:undefined disposed:false
1959 silly fetch manifest tunnel-agent@0.6.0
1960 silly packumentCache full:https://registry.npmjs.org/tunnel-agent cache-miss
1961 http fetch GET 200 https://registry.npmjs.org/qs 228ms (cache miss)
1962 silly packumentCache full:https://registry.npmjs.org/qs set size:undefined disposed:false
1963 silly fetch manifest forever-agent@0.6.1
1964 silly packumentCache full:https://registry.npmjs.org/forever-agent cache-miss
1965 http fetch GET 200 https://registry.npmjs.org/safe-buffer 107ms (cache miss)
1966 silly packumentCache full:https://registry.npmjs.org/safe-buffer set size:undefined disposed:false
1967 silly fetch manifest is-typedarray@1.0.0
1968 silly packumentCache full:https://registry.npmjs.org/is-typedarray cache-miss
1969 http fetch GET 200 https://registry.npmjs.org/form-data 149ms (cache miss)
1970 silly packumentCache full:https://registry.npmjs.org/form-data set size:undefined disposed:false
1971 silly fetch manifest http-signature@1.3.6
1972 silly packumentCache full:https://registry.npmjs.org/http-signature cache-miss
1973 http fetch GET 200 https://registry.npmjs.org/tunnel-agent 134ms (cache miss)
1974 silly packumentCache full:https://registry.npmjs.org/tunnel-agent set size:undefined disposed:false
1975 silly fetch manifest combined-stream@1.0.8
1976 silly packumentCache full:https://registry.npmjs.org/combined-stream cache-miss
1977 http fetch GET 200 https://registry.npmjs.org/aws4 376ms (cache miss)
1978 silly packumentCache full:https://registry.npmjs.org/aws4 set size:undefined disposed:false
1979 silly fetch manifest performance-now@2.1.0
1980 silly packumentCache full:https://registry.npmjs.org/performance-now cache-miss
1981 http fetch GET 200 https://registry.npmjs.org/is-typedarray 99ms (cache miss)
1982 silly packumentCache full:https://registry.npmjs.org/is-typedarray set size:undefined disposed:false
1983 silly fetch manifest json-stringify-safe@5.0.1
1984 silly packumentCache full:https://registry.npmjs.org/json-stringify-safe cache-miss
1985 http fetch GET 200 https://registry.npmjs.org/combined-stream 107ms (cache miss)
1986 silly packumentCache full:https://registry.npmjs.org/combined-stream set size:undefined disposed:false
1987 silly fetch manifest debug@3.2.7
1988 silly packumentCache full:https://registry.npmjs.org/debug cache-miss
1989 http fetch GET 200 https://registry.npmjs.org/json-stringify-safe 79ms (cache miss)
1990 silly packumentCache full:https://registry.npmjs.org/json-stringify-safe set size:undefined disposed:false
1991 silly fetch manifest lodash.once@4.1.1
1992 silly packumentCache full:https://registry.npmjs.org/lodash.once cache-miss
1993 http fetch GET 200 https://registry.npmjs.org/debug 17ms (cache hit)
1994 silly packumentCache full:https://registry.npmjs.org/debug set size:195840 disposed:false
1995 silly fetch manifest ansi-styles@4.3.0
1996 silly packumentCache full:https://registry.npmjs.org/ansi-styles cache-miss
1997 http fetch GET 200 https://registry.npmjs.org/ansi-styles 6ms (cache hit)
1998 silly packumentCache full:https://registry.npmjs.org/ansi-styles set size:63233 disposed:false
1999 silly fetch manifest supports-color@7.2.0
2000 silly packumentCache full:https://registry.npmjs.org/supports-color cache-hit
2001 silly fetch manifest restore-cursor@3.1.0
2002 silly packumentCache full:https://registry.npmjs.org/restore-cursor cache-miss
2003 http fetch GET 200 https://registry.npmjs.org/lodash.once 70ms (cache miss)
2004 silly packumentCache full:https://registry.npmjs.org/lodash.once set size:undefined disposed:false
2005 silly fetch manifest string-width@4.2.3
2006 silly packumentCache full:https://registry.npmjs.org/string-width cache-miss
2007 http fetch GET 200 https://registry.npmjs.org/restore-cursor 83ms (cache miss)
2008 silly packumentCache full:https://registry.npmjs.org/restore-cursor set size:undefined disposed:false
2009 silly fetch manifest @colors/colors@1.5.0
2010 silly packumentCache full:https://registry.npmjs.org/@colors%2fcolors cache-miss
2011 http fetch GET 200 https://registry.npmjs.org/tough-cookie 412ms (cache miss)
2012 silly packumentCache full:https://registry.npmjs.org/tough-cookie set size:undefined disposed:false
2013 silly fetch manifest ansi-colors@4.1.3
2014 silly packumentCache full:https://registry.npmjs.org/ansi-colors cache-miss
2015 http fetch GET 200 https://registry.npmjs.org/forever-agent 360ms (cache miss)
2016 silly packumentCache full:https://registry.npmjs.org/forever-agent set size:undefined disposed:false
2017 silly fetch manifest onetime@5.1.2
2018 silly packumentCache full:https://registry.npmjs.org/onetime cache-miss
2019 http fetch GET 200 https://registry.npmjs.org/@colors%2fcolors 76ms (cache miss)
2020 silly packumentCache full:https://registry.npmjs.org/@colors%2fcolors set size:undefined disposed:false
2021 silly fetch manifest is-stream@2.0.1
2022 silly packumentCache full:https://registry.npmjs.org/is-stream cache-miss
2023 http fetch GET 200 https://registry.npmjs.org/http-signature 392ms (cache miss)
2024 silly packumentCache full:https://registry.npmjs.org/http-signature set size:undefined disposed:false
2025 silly fetch manifest get-stream@5.2.0
2026 silly packumentCache full:https://registry.npmjs.org/get-stream cache-miss
2027 http fetch GET 200 https://registry.npmjs.org/onetime 110ms (cache miss)
2028 silly packumentCache full:https://registry.npmjs.org/onetime set size:undefined disposed:false
2029 silly fetch manifest signal-exit@3.0.7
2030 silly packumentCache full:https://registry.npmjs.org/signal-exit cache-miss
2031 http fetch GET 200 https://registry.npmjs.org/ansi-colors 126ms (cache miss)
2032 silly packumentCache full:https://registry.npmjs.org/ansi-colors set size:undefined disposed:false
2033 silly fetch manifest merge-stream@2.0.0
2034 silly packumentCache full:https://registry.npmjs.org/merge-stream cache-miss
2035 http fetch GET 200 https://registry.npmjs.org/is-stream 71ms (cache miss)
2036 silly packumentCache full:https://registry.npmjs.org/is-stream set size:undefined disposed:false
2037 silly fetch manifest npm-run-path@4.0.1
2038 silly packumentCache full:https://registry.npmjs.org/npm-run-path cache-miss
2039 http fetch GET 200 https://registry.npmjs.org/signal-exit 84ms (cache miss)
2040 silly packumentCache full:https://registry.npmjs.org/signal-exit set size:undefined disposed:false
2041 silly fetch manifest human-signals@1.1.1
2042 silly packumentCache full:https://registry.npmjs.org/human-signals cache-miss
2043 http fetch GET 200 https://registry.npmjs.org/get-stream 99ms (cache miss)
2044 silly packumentCache full:https://registry.npmjs.org/get-stream set size:undefined disposed:false
2045 silly fetch manifest strip-final-newline@2.0.0
2046 silly packumentCache full:https://registry.npmjs.org/strip-final-newline cache-miss
2047 http fetch GET 200 https://registry.npmjs.org/npm-run-path 89ms (cache miss)
2048 silly packumentCache full:https://registry.npmjs.org/npm-run-path set size:undefined disposed:false
2049 silly fetch manifest pify@2.3.0
2050 silly packumentCache full:https://registry.npmjs.org/pify cache-miss
2051 http fetch GET 200 https://registry.npmjs.org/merge-stream 121ms (cache miss)
2052 silly packumentCache full:https://registry.npmjs.org/merge-stream set size:undefined disposed:false
2053 silly fetch manifest @types/yauzl@2.10.0
2054 silly packumentCache full:https://registry.npmjs.org/@types%2fyauzl cache-miss
2055 http fetch GET 200 https://registry.npmjs.org/human-signals 84ms (cache miss)
2056 silly packumentCache full:https://registry.npmjs.org/human-signals set size:undefined disposed:false
2057 silly fetch manifest jsonfile@6.1.0
2058 silly packumentCache full:https://registry.npmjs.org/jsonfile cache-miss
2059 http fetch GET 200 https://registry.npmjs.org/strip-final-newline 83ms (cache miss)
2060 silly packumentCache full:https://registry.npmjs.org/strip-final-newline set size:undefined disposed:false
2061 silly fetch manifest universalify@2.0.0
2062 silly packumentCache full:https://registry.npmjs.org/universalify cache-miss
2063 http fetch GET 200 https://registry.npmjs.org/pify 77ms (cache miss)
2064 silly packumentCache full:https://registry.npmjs.org/pify set size:undefined disposed:false
2065 silly fetch manifest at-least-node@1.0.0
2066 silly packumentCache full:https://registry.npmjs.org/at-least-node cache-miss
2067 http fetch GET 200 https://registry.npmjs.org/aws-sign2 936ms (cache miss)
2068 silly packumentCache full:https://registry.npmjs.org/aws-sign2 set size:undefined disposed:false
2069 silly fetch manifest async@3.2.4
2070 silly packumentCache full:https://registry.npmjs.org/async cache-miss
2071 http fetch GET 200 https://registry.npmjs.org/@types%2fyauzl 92ms (cache miss)
2072 silly packumentCache full:https://registry.npmjs.org/@types%2fyauzl set size:undefined disposed:false
2073 silly fetch manifest ci-info@3.8.0
2074 silly packumentCache full:https://registry.npmjs.org/ci-info cache-miss
2075 http fetch GET 200 https://registry.npmjs.org/at-least-node 66ms (cache miss)
2076 silly packumentCache full:https://registry.npmjs.org/at-least-node set size:undefined disposed:false
2077 silly fetch manifest global-dirs@3.0.1
2078 silly packumentCache full:https://registry.npmjs.org/global-dirs cache-miss
2079 http fetch GET 200 https://registry.npmjs.org/jsonfile 88ms (cache miss)
2080 silly packumentCache full:https://registry.npmjs.org/jsonfile set size:undefined disposed:false
2081 silly fetch manifest is-path-inside@3.0.3
2082 silly packumentCache full:https://registry.npmjs.org/is-path-inside cache-miss
2083 http fetch GET 200 https://registry.npmjs.org/async 77ms (cache miss)
2084 silly packumentCache full:https://registry.npmjs.org/async set size:undefined disposed:false
2085 silly fetch manifest rfdc@1.3.0
2086 silly packumentCache full:https://registry.npmjs.org/rfdc cache-miss
2087 http fetch GET 200 https://registry.npmjs.org/ci-info 92ms (cache miss)
2088 silly packumentCache full:https://registry.npmjs.org/ci-info set size:undefined disposed:false
2089 silly fetch manifest rxjs@7.8.0
2090 silly packumentCache full:https://registry.npmjs.org/rxjs cache-miss
2091 http fetch GET 200 https://registry.npmjs.org/is-path-inside 74ms (cache miss)
2092 silly packumentCache full:https://registry.npmjs.org/is-path-inside set size:undefined disposed:false
2093 silly fetch manifest p-map@4.0.0
2094 silly packumentCache full:https://registry.npmjs.org/p-map cache-miss
2095 http fetch GET 200 https://registry.npmjs.org/performance-now 946ms (cache miss)
2096 silly packumentCache full:https://registry.npmjs.org/performance-now set size:undefined disposed:false
2097 silly fetch manifest through@2.3.8
2098 silly packumentCache full:https://registry.npmjs.org/through cache-miss
2099 http fetch GET 200 https://registry.npmjs.org/global-dirs 403ms (cache miss)
2100 silly packumentCache full:https://registry.npmjs.org/global-dirs set size:undefined disposed:false
2101 silly fetch manifest wrap-ansi@7.0.0
2102 silly packumentCache full:https://registry.npmjs.org/wrap-ansi cache-miss
2103 http fetch GET 200 https://registry.npmjs.org/string-width 899ms (cache miss)
2104 silly packumentCache full:https://registry.npmjs.org/string-width set size:undefined disposed:false
2105 silly fetch manifest log-update@4.0.0
2106 silly packumentCache full:https://registry.npmjs.org/log-update cache-miss
2107 http fetch GET 200 https://registry.npmjs.org/rxjs 411ms (cache miss)
2108 silly packumentCache full:https://registry.npmjs.org/rxjs set size:undefined disposed:false
2109 silly fetch manifest cli-truncate@2.1.0
2110 silly packumentCache full:https://registry.npmjs.org/cli-truncate cache-miss
2111 http fetch GET 200 https://registry.npmjs.org/wrap-ansi 108ms (cache miss)
2112 silly packumentCache full:https://registry.npmjs.org/wrap-ansi set size:undefined disposed:false
2113 silly fetch manifest is-unicode-supported@0.1.0
2114 silly packumentCache full:https://registry.npmjs.org/is-unicode-supported cache-miss
2115 http fetch GET 200 https://registry.npmjs.org/log-update 72ms (cache miss)
2116 silly packumentCache full:https://registry.npmjs.org/log-update set size:undefined disposed:false
2117 silly fetch manifest throttleit@1.0.0
2118 silly packumentCache full:https://registry.npmjs.org/throttleit cache-miss
2119 http fetch GET 200 https://registry.npmjs.org/cli-truncate 88ms (cache miss)
2120 silly packumentCache full:https://registry.npmjs.org/cli-truncate set size:undefined disposed:false
2121 silly fetch manifest has-flag@4.0.0
2122 silly packumentCache full:https://registry.npmjs.org/has-flag cache-miss
2123 http fetch GET 200 https://registry.npmjs.org/is-unicode-supported 84ms (cache miss)
2124 silly packumentCache full:https://registry.npmjs.org/is-unicode-supported set size:undefined disposed:false
2125 silly fetch manifest fd-slicer@1.1.0
2126 silly packumentCache full:https://registry.npmjs.org/fd-slicer cache-miss
2127 http fetch GET 200 https://registry.npmjs.org/has-flag 20ms (cache hit)
2128 silly packumentCache full:https://registry.npmjs.org/has-flag set size:15180 disposed:false
2129 silly fetch manifest buffer-crc32@0.2.13
2130 silly packumentCache full:https://registry.npmjs.org/buffer-crc32 cache-miss
2131 http fetch GET 200 https://registry.npmjs.org/throttleit 96ms (cache miss)
2132 silly packumentCache full:https://registry.npmjs.org/throttleit set size:undefined disposed:false
2133 http fetch GET 200 https://registry.npmjs.org/fd-slicer 108ms (cache miss)
2134 silly packumentCache full:https://registry.npmjs.org/fd-slicer set size:undefined disposed:false
2135 http fetch GET 200 https://registry.npmjs.org/through 381ms (cache miss)
2136 silly packumentCache full:https://registry.npmjs.org/through set size:undefined disposed:false
2137 http fetch GET 200 https://registry.npmjs.org/buffer-crc32 110ms (cache miss)
2138 silly packumentCache full:https://registry.npmjs.org/buffer-crc32 set size:undefined disposed:false
2139 http fetch GET 200 https://registry.npmjs.org/universalify 880ms (cache miss)
2140 silly packumentCache full:https://registry.npmjs.org/universalify set size:undefined disposed:false
2141 http fetch GET 200 https://registry.npmjs.org/p-map 869ms (cache miss)
2142 silly packumentCache full:https://registry.npmjs.org/p-map set size:undefined disposed:false
2143 http fetch GET 200 https://registry.npmjs.org/rfdc 925ms (cache miss)
2144 silly packumentCache full:https://registry.npmjs.org/rfdc set size:undefined disposed:false
2145 silly placeDep ROOT aws-sign2@0.7.0 OK for: @cypress/request@2.88.11 want: ~0.7.0
2146 silly placeDep ROOT aws4@1.12.0 OK for: @cypress/request@2.88.11 want: ^1.8.0
2147 silly placeDep ROOT caseless@0.12.0 OK for: @cypress/request@2.88.11 want: ~0.12.0
2148 silly placeDep ROOT combined-stream@1.0.8 OK for: @cypress/request@2.88.11 want: ~1.0.6
2149 silly placeDep ROOT extend@3.0.2 OK for: @cypress/request@2.88.11 want: ~3.0.2
2150 silly placeDep ROOT forever-agent@0.6.1 OK for: @cypress/request@2.88.11 want: ~0.6.1
2151 silly placeDep ROOT form-data@2.3.3 OK for: @cypress/request@2.88.11 want: ~2.3.2
2152 silly placeDep ROOT http-signature@1.3.6 OK for: @cypress/request@2.88.11 want: ~1.3.6
2153 silly placeDep ROOT is-typedarray@1.0.0 OK for: @cypress/request@2.88.11 want: ~1.0.0
2154 silly placeDep ROOT isstream@0.1.2 OK for: @cypress/request@2.88.11 want: ~0.1.2
2155 silly placeDep ROOT json-stringify-safe@5.0.1 OK for: @cypress/request@2.88.11 want: ~5.0.1
2156 silly placeDep ROOT mime-types@2.1.35 OK for: @cypress/request@2.88.11 want: ~2.1.19
2157 silly placeDep ROOT performance-now@2.1.0 OK for: @cypress/request@2.88.11 want: ^2.1.0
2158 silly placeDep ROOT qs@6.10.4 OK for: @cypress/request@2.88.11 want: ~6.10.3
2159 silly placeDep ROOT safe-buffer@5.2.1 OK for: @cypress/request@2.88.11 want: ^5.1.2
2160 silly placeDep ROOT tough-cookie@2.5.0 OK for: @cypress/request@2.88.11 want: ~2.5.0
2161 silly placeDep ROOT tunnel-agent@0.6.0 OK for: @cypress/request@2.88.11 want: ^0.6.0
2162 silly placeDep ROOT uuid@8.3.2 OK for: @cypress/request@2.88.11 want: ^8.3.2
2163 silly fetch manifest delayed-stream@1.0.0
2164 silly packumentCache full:https://registry.npmjs.org/delayed-stream cache-miss
2165 silly fetch manifest asynckit@0.4.0
2166 silly packumentCache full:https://registry.npmjs.org/asynckit cache-miss
2167 silly fetch manifest sshpk@1.17.0
2168 silly packumentCache full:https://registry.npmjs.org/sshpk cache-miss
2169 silly fetch manifest jsprim@2.0.2
2170 silly packumentCache full:https://registry.npmjs.org/jsprim cache-miss
2171 silly fetch manifest assert-plus@1.0.0
2172 silly packumentCache full:https://registry.npmjs.org/assert-plus cache-miss
2173 silly fetch manifest mime-db@1.52.0
2174 silly packumentCache full:https://registry.npmjs.org/mime-db cache-miss
2175 silly fetch manifest side-channel@1.0.4
2176 silly packumentCache full:https://registry.npmjs.org/side-channel cache-miss
2177 http fetch GET 200 https://registry.npmjs.org/asynckit 315ms (cache miss)
2178 silly packumentCache full:https://registry.npmjs.org/asynckit set size:undefined disposed:false
2179 silly fetch manifest psl@1.9.0
2180 silly packumentCache full:https://registry.npmjs.org/psl cache-miss
2181 http fetch GET 200 https://registry.npmjs.org/delayed-stream 325ms (cache miss)
2182 silly packumentCache full:https://registry.npmjs.org/delayed-stream set size:undefined disposed:false
2183 silly fetch manifest punycode@2.3.0
2184 silly packumentCache full:https://registry.npmjs.org/punycode cache-miss
2185 http fetch GET 200 https://registry.npmjs.org/side-channel 316ms (cache miss)
2186 silly packumentCache full:https://registry.npmjs.org/side-channel set size:undefined disposed:false
2187 http fetch GET 200 https://registry.npmjs.org/mime-db 328ms (cache miss)
2188 silly packumentCache full:https://registry.npmjs.org/mime-db set size:undefined disposed:false
2189 http fetch GET 200 https://registry.npmjs.org/punycode 38ms (cache hit)
2190 silly packumentCache full:https://registry.npmjs.org/punycode set size:61302 disposed:false
2191 http fetch GET 200 https://registry.npmjs.org/jsprim 690ms (cache miss)
2192 silly packumentCache full:https://registry.npmjs.org/jsprim set size:undefined disposed:false
2193 http fetch GET 200 https://registry.npmjs.org/psl 391ms (cache miss)
2194 silly packumentCache full:https://registry.npmjs.org/psl set size:undefined disposed:false
2195 http fetch GET 200 https://registry.npmjs.org/sshpk 717ms (cache miss)
2196 silly packumentCache full:https://registry.npmjs.org/sshpk set size:undefined disposed:false
2197 http fetch GET 200 https://registry.npmjs.org/assert-plus 1198ms (cache miss)
2198 silly packumentCache full:https://registry.npmjs.org/assert-plus set size:undefined disposed:false
2199 silly placeDep node_modules/@cypress/xvfb debug@3.2.7 OK for: @cypress/xvfb@1.2.4 want: ^3.1.0
2200 silly placeDep ROOT lodash.once@4.1.1 OK for: @cypress/xvfb@1.2.4 want: ^4.1.1
2201 silly placeDep ROOT restore-cursor@3.1.0 OK for: cli-cursor@3.1.0 want: ^3.1.0
2202 silly placeDep ROOT @colors/colors@1.5.0 OK for: cli-table3@0.6.3 want: 1.5.0
2203 silly placeDep ROOT string-width@4.2.3 OK for: cli-table3@0.6.3 want: ^4.2.0
2204 silly fetch manifest emoji-regex@8.0.0
2205 silly packumentCache full:https://registry.npmjs.org/emoji-regex cache-miss
2206 silly fetch manifest is-fullwidth-code-point@3.0.0
2207 silly packumentCache full:https://registry.npmjs.org/is-fullwidth-code-point cache-miss
2208 http fetch GET 200 https://registry.npmjs.org/emoji-regex 34ms (cache hit)
2209 silly packumentCache full:https://registry.npmjs.org/emoji-regex set size:89088 disposed:false
2210 http fetch GET 200 https://registry.npmjs.org/is-fullwidth-code-point 105ms (cache miss)
2211 silly packumentCache full:https://registry.npmjs.org/is-fullwidth-code-point set size:undefined disposed:false
2212 silly placeDep ROOT delayed-stream@1.0.0 OK for: combined-stream@1.0.8 want: ~1.0.0
2213 silly placeDep ROOT d3-interpolate@1.4.0 OK for: d3-zoom@1.8.3 want: 1
2214 silly placeDep ROOT d3-transition@1.3.2 OK for: d3-zoom@1.8.3 want: 1
2215 silly fetch manifest d3-color@1.4.1
2216 silly packumentCache full:https://registry.npmjs.org/d3-color cache-miss
2217 silly fetch manifest d3-color@1.4.1
2218 silly packumentCache full:https://registry.npmjs.org/d3-color cache-miss
2219 silly fetch manifest d3-ease@1.0.7
2220 silly packumentCache full:https://registry.npmjs.org/d3-ease cache-miss
2221 silly fetch manifest d3-timer@1.0.10
2222 silly packumentCache full:https://registry.npmjs.org/d3-timer cache-miss
2223 http fetch GET 200 https://registry.npmjs.org/d3-ease 136ms (cache miss)
2224 silly packumentCache full:https://registry.npmjs.org/d3-ease set size:undefined disposed:false
2225 http fetch GET 200 https://registry.npmjs.org/d3-timer 140ms (cache miss)
2226 silly packumentCache full:https://registry.npmjs.org/d3-timer set size:undefined disposed:false
2227 http fetch GET 200 https://registry.npmjs.org/d3-color 159ms (cache miss)
2228 silly packumentCache full:https://registry.npmjs.org/d3-color set size:undefined disposed:false
2229 http fetch GET 200 https://registry.npmjs.org/d3-color 169ms (cache miss)
2230 silly packumentCache full:https://registry.npmjs.org/d3-color set size:undefined disposed:false
2231 silly placeDep ROOT d3-color@1.4.1 OK for: d3-interpolate@1.4.0 want: 1
2232 silly placeDep ROOT d3-ease@1.0.7 OK for: d3-transition@1.3.2 want: 1
2233 silly placeDep ROOT d3-timer@1.0.10 OK for: d3-transition@1.3.2 want: 1
2234 silly placeDep ROOT ms@2.1.2 OK for: debug@4.3.4 want: 2.1.2
2235 silly placeDep ROOT ansi-colors@4.1.3 OK for: enquirer@2.3.6 want: ^4.1.1
2236 silly placeDep node_modules/eslint @babel/code-frame@7.12.11 OK for: eslint@7.32.0 want: 7.12.11
2237 silly placeDep ROOT @eslint/eslintrc@0.4.3 OK for: eslint@7.32.0 want: ^0.4.3
2238 silly placeDep ROOT @humanwhocodes/config-array@0.5.0 OK for: eslint@7.32.0 want: ^0.5.0
2239 silly placeDep ROOT ajv@6.12.6 OK for: eslint@7.32.0 want: ^6.10.0
2240 silly placeDep node_modules/eslint chalk@4.1.2 OK for: eslint@7.32.0 want: ^4.0.0
2241 silly placeDep ROOT cross-spawn@7.0.3 OK for: eslint@7.32.0 want: ^7.0.2
2242 silly placeDep ROOT doctrine@3.0.0 OK for: eslint@7.32.0 want: ^3.0.0
2243 silly placeDep node_modules/eslint escape-string-regexp@4.0.0 OK for: eslint@7.32.0 want: ^4.0.0
2244 silly placeDep ROOT eslint-utils@2.1.0 OK for: eslint@7.32.0 want: ^2.1.0
2245 silly placeDep ROOT espree@7.3.1 OK for: eslint@7.32.0 want: ^7.3.1
2246 silly placeDep ROOT esquery@1.5.0 OK for: eslint@7.32.0 want: ^1.4.0
2247 silly placeDep ROOT fast-deep-equal@3.1.3 OK for: eslint@7.32.0 want: ^3.1.3
2248 silly placeDep ROOT file-entry-cache@6.0.1 OK for: eslint@7.32.0 want: ^6.0.1
2249 silly placeDep ROOT functional-red-black-tree@1.0.1 OK for: eslint@7.32.0 want: ^1.0.1
2250 silly placeDep ROOT glob-parent@5.1.2 OK for: eslint@7.32.0 want: ^5.1.2
2251 silly placeDep node_modules/eslint globals@13.20.0 OK for: eslint@7.32.0 want: ^13.6.0
2252 silly placeDep ROOT ignore@4.0.6 OK for: eslint@7.32.0 want: ^4.0.6
2253 silly placeDep ROOT import-fresh@3.3.0 OK for: eslint@7.32.0 want: ^3.0.0
2254 silly placeDep ROOT imurmurhash@0.1.4 OK for: eslint@7.32.0 want: ^0.1.4
2255 silly placeDep ROOT is-glob@4.0.3 OK for: eslint@7.32.0 want: ^4.0.0
2256 silly placeDep ROOT js-yaml@3.14.2 OK for: eslint@7.32.0 want: ^3.13.1
2257 silly placeDep ROOT json-stable-stringify-without-jsonify@1.0.1 OK for: eslint@7.32.0 want: ^1.0.1
2258 silly placeDep ROOT levn@0.4.1 OK for: eslint@7.32.0 want: ^0.4.1
2259 silly placeDep ROOT lodash.merge@4.6.2 OK for: eslint@7.32.0 want: ^4.6.2
2260 silly placeDep ROOT minimatch@3.1.2 OK for: eslint@7.32.0 want: ^3.0.4
2261 silly placeDep ROOT natural-compare@1.4.0 OK for: eslint@7.32.0 want: ^1.4.0
2262 silly placeDep ROOT optionator@0.9.1 OK for: eslint@7.32.0 want: ^0.9.1
2263 silly placeDep ROOT progress@2.0.3 OK for: eslint@7.32.0 want: ^2.0.0
2264 silly placeDep ROOT regexpp@3.2.0 OK for: eslint@7.32.0 want: ^3.1.0
2265 silly placeDep node_modules/eslint semver@7.5.4 OK for: eslint@7.32.0 want: ^7.2.1
2266 silly placeDep ROOT strip-ansi@6.0.1 OK for: eslint@7.32.0 want: ^6.0.0
2267 silly placeDep ROOT strip-json-comments@3.1.1 OK for: eslint@7.32.0 want: ^3.1.0
2268 silly placeDep ROOT table@6.8.1 OK for: eslint@7.32.0 want: ^6.0.9
2269 silly placeDep ROOT text-table@0.2.0 OK for: eslint@7.32.0 want: ^0.2.0
2270 silly placeDep ROOT v8-compile-cache@2.3.0 OK for: eslint@7.32.0 want: ^2.0.3
2271 silly fetch manifest @humanwhocodes/object-schema@1.2.1
2272 silly packumentCache full:https://registry.npmjs.org/@humanwhocodes%2fobject-schema cache-miss
2273 silly fetch manifest uri-js@4.4.1
2274 silly packumentCache full:https://registry.npmjs.org/uri-js cache-miss
2275 silly fetch manifest json-schema-traverse@0.4.1
2276 silly packumentCache full:https://registry.npmjs.org/json-schema-traverse cache-miss
2277 silly fetch manifest fast-json-stable-stringify@2.1.0
2278 silly packumentCache full:https://registry.npmjs.org/fast-json-stable-stringify cache-miss
2279 silly fetch manifest which@2.0.2
2280 silly packumentCache full:https://registry.npmjs.org/which cache-miss
2281 silly fetch manifest path-key@3.1.1
2282 silly packumentCache full:https://registry.npmjs.org/path-key cache-miss
2283 silly fetch manifest shebang-command@2.0.0
2284 silly packumentCache full:https://registry.npmjs.org/shebang-command cache-miss
2285 http fetch GET 200 https://registry.npmjs.org/json-schema-traverse 139ms (cache miss)
2286 silly packumentCache full:https://registry.npmjs.org/json-schema-traverse set size:undefined disposed:false
2287 silly fetch manifest eslint-visitor-keys@1.3.0
2288 silly packumentCache full:https://registry.npmjs.org/eslint-visitor-keys cache-miss
2289 http fetch GET 200 https://registry.npmjs.org/fast-json-stable-stringify 155ms (cache miss)
2290 silly packumentCache full:https://registry.npmjs.org/fast-json-stable-stringify set size:undefined disposed:false
2291 silly fetch manifest acorn@7.4.1
2292 silly packumentCache full:https://registry.npmjs.org/acorn cache-miss
2293 http fetch GET 200 https://registry.npmjs.org/shebang-command 164ms (cache miss)
2294 silly packumentCache full:https://registry.npmjs.org/shebang-command set size:undefined disposed:false
2295 silly fetch manifest acorn-jsx@5.3.2
2296 silly packumentCache full:https://registry.npmjs.org/acorn-jsx cache-miss
2297 http fetch GET 200 https://registry.npmjs.org/path-key 186ms (cache miss)
2298 silly packumentCache full:https://registry.npmjs.org/path-key set size:undefined disposed:false
2299 silly fetch manifest eslint-visitor-keys@1.3.0
2300 silly packumentCache full:https://registry.npmjs.org/eslint-visitor-keys cache-miss
2301 http fetch GET 200 https://registry.npmjs.org/uri-js 210ms (cache miss)
2302 silly packumentCache full:https://registry.npmjs.org/uri-js set size:undefined disposed:false
2303 silly fetch manifest flat-cache@3.0.4
2304 silly packumentCache full:https://registry.npmjs.org/flat-cache cache-miss
2305 http fetch GET 200 https://registry.npmjs.org/which 213ms (cache miss)
2306 silly packumentCache full:https://registry.npmjs.org/which set size:undefined disposed:false
2307 silly fetch manifest type-fest@0.20.2
2308 silly packumentCache full:https://registry.npmjs.org/type-fest cache-miss
2309 http fetch GET 200 https://registry.npmjs.org/@humanwhocodes%2fobject-schema 240ms (cache miss)
2310 silly packumentCache full:https://registry.npmjs.org/@humanwhocodes%2fobject-schema set size:undefined disposed:false
2311 silly fetch manifest resolve-from@4.0.0
2312 silly packumentCache full:https://registry.npmjs.org/resolve-from cache-miss
2313 http fetch GET 200 https://registry.npmjs.org/eslint-visitor-keys 124ms (cache hit)
2314 silly packumentCache full:https://registry.npmjs.org/eslint-visitor-keys set size:69949 disposed:false
2315 silly fetch manifest parent-module@1.0.1
2316 silly packumentCache full:https://registry.npmjs.org/parent-module cache-miss
2317 http fetch GET 200 https://registry.npmjs.org/acorn 129ms (cache hit)
2318 silly packumentCache full:https://registry.npmjs.org/acorn set size:379626 disposed:false
2319 silly fetch manifest is-extglob@2.1.1
2320 silly packumentCache full:https://registry.npmjs.org/is-extglob cache-miss
2321 http fetch GET 200 https://registry.npmjs.org/eslint-visitor-keys 135ms (cache hit)
2322 silly packumentCache full:https://registry.npmjs.org/eslint-visitor-keys set size:69949 disposed:false
2323 silly packumentCache full:https://registry.npmjs.org/eslint-visitor-keys dispose
2324 silly fetch manifest esprima@4.0.1
2325 silly packumentCache full:https://registry.npmjs.org/esprima cache-miss
2326 http fetch GET 200 https://registry.npmjs.org/acorn-jsx 203ms (cache miss)
2327 silly packumentCache full:https://registry.npmjs.org/acorn-jsx set size:undefined disposed:false
2328 silly fetch manifest argparse@1.0.10
2329 silly packumentCache full:https://registry.npmjs.org/argparse cache-miss
2330 http fetch GET 200 https://registry.npmjs.org/resolve-from 153ms (cache miss)
2331 silly packumentCache full:https://registry.npmjs.org/resolve-from set size:undefined disposed:false
2332 silly fetch manifest prelude-ls@1.2.1
2333 silly packumentCache full:https://registry.npmjs.org/prelude-ls cache-miss
2334 http fetch GET 200 https://registry.npmjs.org/flat-cache 200ms (cache miss)
2335 silly packumentCache full:https://registry.npmjs.org/flat-cache set size:undefined disposed:false
2336 silly fetch manifest type-check@0.4.0
2337 silly packumentCache full:https://registry.npmjs.org/type-check cache-miss
2338 http fetch GET 200 https://registry.npmjs.org/is-extglob 102ms (cache miss)
2339 silly packumentCache full:https://registry.npmjs.org/is-extglob set size:undefined disposed:false
2340 silly fetch manifest brace-expansion@1.1.11
2341 silly packumentCache full:https://registry.npmjs.org/brace-expansion cache-miss
2342 http fetch GET 200 https://registry.npmjs.org/parent-module 152ms (cache miss)
2343 silly packumentCache full:https://registry.npmjs.org/parent-module set size:undefined disposed:false
2344 silly fetch manifest prelude-ls@1.2.1
2345 silly packumentCache full:https://registry.npmjs.org/prelude-ls cache-miss
2346 http fetch GET 200 https://registry.npmjs.org/type-fest 226ms (cache miss)
2347 silly packumentCache full:https://registry.npmjs.org/type-fest set size:undefined disposed:false
2348 silly fetch manifest deep-is@0.1.4
2349 silly packumentCache full:https://registry.npmjs.org/deep-is cache-miss
2350 http fetch GET 200 https://registry.npmjs.org/esprima 133ms (cache miss)
2351 silly packumentCache full:https://registry.npmjs.org/esprima set size:undefined disposed:false
2352 silly fetch manifest word-wrap@1.2.4
2353 silly packumentCache full:https://registry.npmjs.org/word-wrap cache-miss
2354 http fetch GET 200 https://registry.npmjs.org/argparse 98ms (cache miss)
2355 silly packumentCache full:https://registry.npmjs.org/argparse set size:undefined disposed:false
2356 silly fetch manifest type-check@0.4.0
2357 silly packumentCache full:https://registry.npmjs.org/type-check cache-miss
2358 http fetch GET 200 https://registry.npmjs.org/prelude-ls 100ms (cache miss)
2359 silly packumentCache full:https://registry.npmjs.org/prelude-ls set size:undefined disposed:false
2360 silly fetch manifest fast-levenshtein@2.0.6
2361 silly packumentCache full:https://registry.npmjs.org/fast-levenshtein cache-miss
2362 http fetch GET 200 https://registry.npmjs.org/type-check 85ms (cache miss)
2363 silly packumentCache full:https://registry.npmjs.org/type-check set size:undefined disposed:false
2364 silly fetch manifest ansi-regex@5.0.1
2365 silly packumentCache full:https://registry.npmjs.org/ansi-regex cache-miss
2366 http fetch GET 200 https://registry.npmjs.org/brace-expansion 89ms (cache miss)
2367 silly packumentCache full:https://registry.npmjs.org/brace-expansion set size:undefined disposed:false
2368 silly fetch manifest ajv@8.12.0
2369 silly packumentCache full:https://registry.npmjs.org/ajv cache-miss
2370 http fetch GET 200 https://registry.npmjs.org/prelude-ls 87ms (cache miss)
2371 silly packumentCache full:https://registry.npmjs.org/prelude-ls set size:undefined disposed:false
2372 silly fetch manifest slice-ansi@4.0.0
2373 silly packumentCache full:https://registry.npmjs.org/slice-ansi cache-miss
2374 http fetch GET 200 https://registry.npmjs.org/ajv 25ms (cache hit)
2375 silly packumentCache full:https://registry.npmjs.org/ajv set size:1120197 disposed:false
2376 silly fetch manifest lodash.truncate@4.4.2
2377 silly packumentCache full:https://registry.npmjs.org/lodash.truncate cache-miss
2378 http fetch GET 200 https://registry.npmjs.org/type-check 107ms (cache miss)
2379 silly packumentCache full:https://registry.npmjs.org/type-check set size:undefined disposed:false
2380 http fetch GET 200 https://registry.npmjs.org/word-wrap 121ms (cache miss)
2381 silly packumentCache full:https://registry.npmjs.org/word-wrap set size:undefined disposed:false
2382 http fetch GET 200 https://registry.npmjs.org/deep-is 133ms (cache miss)
2383 silly packumentCache full:https://registry.npmjs.org/deep-is set size:undefined disposed:false
2384 http fetch GET 200 https://registry.npmjs.org/fast-levenshtein 100ms (cache miss)
2385 silly packumentCache full:https://registry.npmjs.org/fast-levenshtein set size:undefined disposed:false
2386 http fetch GET 200 https://registry.npmjs.org/ansi-regex 109ms (cache miss)
2387 silly packumentCache full:https://registry.npmjs.org/ansi-regex set size:undefined disposed:false
2388 http fetch GET 200 https://registry.npmjs.org/slice-ansi 87ms (cache miss)
2389 silly packumentCache full:https://registry.npmjs.org/slice-ansi set size:undefined disposed:false
2390 http fetch GET 200 https://registry.npmjs.org/lodash.truncate 84ms (cache miss)
2391 silly packumentCache full:https://registry.npmjs.org/lodash.truncate set size:undefined disposed:false
2392 silly placeDep node_modules/@eslint/eslintrc globals@13.20.0 OK for: @eslint/eslintrc@0.4.3 want: ^13.9.0
2393 silly placeDep ROOT @humanwhocodes/object-schema@1.2.1 OK for: @humanwhocodes/config-array@0.5.0 want: ^1.2.0
2394 silly placeDep ROOT fast-json-stable-stringify@2.1.0 OK for: ajv@6.12.6 want: ^2.0.0
2395 silly placeDep ROOT json-schema-traverse@0.4.1 OK for: ajv@6.12.6 want: ^0.4.1
2396 silly placeDep ROOT uri-js@4.4.1 OK for: ajv@6.12.6 want: ^4.2.2
2397 silly placeDep ROOT path-key@3.1.1 OK for: cross-spawn@7.0.3 want: ^3.1.0
2398 silly placeDep ROOT shebang-command@2.0.0 OK for: cross-spawn@7.0.3 want: ^2.0.0
2399 silly placeDep ROOT which@2.0.2 OK for: cross-spawn@7.0.3 want: ^2.0.1
2400 silly fetch manifest shebang-regex@3.0.0
2401 silly packumentCache full:https://registry.npmjs.org/shebang-regex cache-miss
2402 silly fetch manifest isexe@2.0.0
2403 silly packumentCache full:https://registry.npmjs.org/isexe cache-miss
2404 http fetch GET 200 https://registry.npmjs.org/shebang-regex 109ms (cache miss)
2405 silly packumentCache full:https://registry.npmjs.org/shebang-regex set size:undefined disposed:false
2406 http fetch GET 200 https://registry.npmjs.org/isexe 111ms (cache miss)
2407 silly packumentCache full:https://registry.npmjs.org/isexe set size:undefined disposed:false
2408 silly placeDep ROOT @babel/runtime@7.21.0 OK for: eslint-plugin-jsx-a11y@6.7.1 want: ^7.20.7
2409 silly placeDep ROOT aria-query@5.1.3 OK for: eslint-plugin-jsx-a11y@6.7.1 want: ^5.1.3
2410 silly placeDep ROOT array-includes@3.1.6 OK for: eslint-plugin-jsx-a11y@6.7.1 want: ^3.1.6
2411 silly placeDep ROOT array.prototype.flatmap@1.3.1 OK for: eslint-plugin-jsx-a11y@6.7.1 want: ^1.3.1
2412 silly placeDep ROOT ast-types-flow@0.0.7 OK for: eslint-plugin-jsx-a11y@6.7.1 want: ^0.0.7
2413 silly placeDep ROOT axe-core@4.6.3 OK for: eslint-plugin-jsx-a11y@6.7.1 want: ^4.6.2
2414 silly placeDep ROOT axobject-query@3.1.1 OK for: eslint-plugin-jsx-a11y@6.7.1 want: ^3.1.1
2415 silly placeDep ROOT damerau-levenshtein@1.0.8 OK for: eslint-plugin-jsx-a11y@6.7.1 want: ^1.0.8
2416 silly placeDep ROOT emoji-regex@9.2.2 OK for: eslint-plugin-jsx-a11y@6.7.1 want: ^9.2.2
2417 silly placeDep ROOT has@1.0.3 OK for: eslint-plugin-jsx-a11y@6.7.1 want: ^1.0.3
2418 silly placeDep ROOT jsx-ast-utils@3.3.3 OK for: eslint-plugin-jsx-a11y@6.7.1 want: ^3.3.3
2419 silly placeDep ROOT language-tags@1.0.5 OK for: eslint-plugin-jsx-a11y@6.7.1 want: =1.0.5
2420 silly placeDep ROOT object.entries@1.1.6 OK for: eslint-plugin-jsx-a11y@6.7.1 want: ^1.1.6
2421 silly placeDep ROOT object.fromentries@2.0.6 OK for: eslint-plugin-jsx-a11y@6.7.1 want: ^2.0.6
2422 silly fetch manifest regenerator-runtime@0.13.11
2423 silly packumentCache full:https://registry.npmjs.org/regenerator-runtime cache-miss
2424 silly fetch manifest deep-equal@2.2.0
2425 silly packumentCache full:https://registry.npmjs.org/deep-equal cache-miss
2426 silly fetch manifest is-string@1.0.7
2427 silly packumentCache full:https://registry.npmjs.org/is-string cache-miss
2428 silly fetch manifest es-abstract@1.21.1
2429 silly packumentCache full:https://registry.npmjs.org/es-abstract cache-miss
2430 silly fetch manifest get-intrinsic@1.2.0
2431 silly packumentCache full:https://registry.npmjs.org/get-intrinsic cache-miss
2432 silly fetch manifest es-abstract@1.21.1
2433 silly packumentCache full:https://registry.npmjs.org/es-abstract cache-miss
2434 silly fetch manifest es-shim-unscopables@1.0.0
2435 silly packumentCache full:https://registry.npmjs.org/es-shim-unscopables cache-miss
2436 http fetch GET 200 https://registry.npmjs.org/regenerator-runtime 100ms (cache miss)
2437 silly packumentCache full:https://registry.npmjs.org/regenerator-runtime set size:undefined disposed:false
2438 silly fetch manifest deep-equal@2.2.0
2439 silly packumentCache full:https://registry.npmjs.org/deep-equal cache-miss
2440 http fetch GET 200 https://registry.npmjs.org/deep-equal 115ms (cache miss)
2441 silly packumentCache full:https://registry.npmjs.org/deep-equal set size:undefined disposed:false
2442 silly fetch manifest function-bind@1.1.1
2443 silly packumentCache full:https://registry.npmjs.org/function-bind cache-miss
2444 http fetch GET 200 https://registry.npmjs.org/is-string 122ms (cache miss)
2445 silly packumentCache full:https://registry.npmjs.org/is-string set size:undefined disposed:false
2446 silly fetch manifest object.assign@4.1.4
2447 silly packumentCache full:https://registry.npmjs.org/object.assign cache-miss
2448 http fetch GET 200 https://registry.npmjs.org/get-intrinsic 136ms (cache miss)
2449 silly packumentCache full:https://registry.npmjs.org/get-intrinsic set size:undefined disposed:false
2450 silly fetch manifest language-subtag-registry@0.3.22
2451 silly packumentCache full:https://registry.npmjs.org/language-subtag-registry cache-miss
2452 http fetch GET 200 https://registry.npmjs.org/es-abstract 146ms (cache miss)
2453 silly packumentCache full:https://registry.npmjs.org/es-abstract set size:undefined disposed:false
2454 http fetch GET 200 https://registry.npmjs.org/es-abstract 154ms (cache miss)
2455 silly packumentCache full:https://registry.npmjs.org/es-abstract set size:undefined disposed:false
2456 http fetch GET 200 https://registry.npmjs.org/deep-equal 91ms (cache miss)
2457 silly packumentCache full:https://registry.npmjs.org/deep-equal set size:undefined disposed:false
2458 http fetch GET 200 https://registry.npmjs.org/function-bind 96ms (cache miss)
2459 silly packumentCache full:https://registry.npmjs.org/function-bind set size:undefined disposed:false
2460 http fetch GET 200 https://registry.npmjs.org/object.assign 91ms (cache miss)
2461 silly packumentCache full:https://registry.npmjs.org/object.assign set size:undefined disposed:false
2462 http fetch GET 200 https://registry.npmjs.org/language-subtag-registry 83ms (cache miss)
2463 silly packumentCache full:https://registry.npmjs.org/language-subtag-registry set size:undefined disposed:false
2464 http fetch GET 200 https://registry.npmjs.org/es-shim-unscopables 476ms (cache miss)
2465 silly packumentCache full:https://registry.npmjs.org/es-shim-unscopables set size:undefined disposed:false
2466 silly placeDep ROOT regenerator-runtime@0.13.11 OK for: @babel/runtime@7.21.0 want: ^0.13.11
2467 silly placeDep ROOT deep-equal@2.2.0 OK for: aria-query@5.1.3 want: ^2.0.5
2468 silly fetch manifest es-get-iterator@1.1.3
2469 silly packumentCache full:https://registry.npmjs.org/es-get-iterator cache-miss
2470 silly fetch manifest is-array-buffer@3.0.1
2471 silly packumentCache full:https://registry.npmjs.org/is-array-buffer cache-miss
2472 silly fetch manifest is-date-object@1.0.5
2473 silly packumentCache full:https://registry.npmjs.org/is-date-object cache-miss
2474 silly fetch manifest is-regex@1.1.4
2475 silly packumentCache full:https://registry.npmjs.org/is-regex cache-miss
2476 silly fetch manifest is-shared-array-buffer@1.0.2
2477 silly packumentCache full:https://registry.npmjs.org/is-shared-array-buffer cache-miss
2478 silly fetch manifest isarray@2.0.5
2479 silly packumentCache full:https://registry.npmjs.org/isarray cache-miss
2480 silly fetch manifest object-keys@1.1.1
2481 silly packumentCache full:https://registry.npmjs.org/object-keys cache-miss
2482 http fetch GET 200 https://registry.npmjs.org/isarray 190ms (cache miss)
2483 silly packumentCache full:https://registry.npmjs.org/isarray set size:undefined disposed:false
2484 silly fetch manifest regexp.prototype.flags@1.4.3
2485 silly packumentCache full:https://registry.npmjs.org/regexp.prototype.flags cache-miss
2486 http fetch GET 200 https://registry.npmjs.org/is-regex 214ms (cache miss)
2487 silly packumentCache full:https://registry.npmjs.org/is-regex set size:undefined disposed:false
2488 silly fetch manifest which-boxed-primitive@1.0.2
2489 silly packumentCache full:https://registry.npmjs.org/which-boxed-primitive cache-miss
2490 http fetch GET 200 https://registry.npmjs.org/is-array-buffer 237ms (cache miss)
2491 silly packumentCache full:https://registry.npmjs.org/is-array-buffer set size:undefined disposed:false
2492 silly fetch manifest which-collection@1.0.1
2493 silly packumentCache full:https://registry.npmjs.org/which-collection cache-miss
2494 http fetch GET 200 https://registry.npmjs.org/es-get-iterator 253ms (cache miss)
2495 silly packumentCache full:https://registry.npmjs.org/es-get-iterator set size:undefined disposed:false
2496 http fetch GET 200 https://registry.npmjs.org/is-shared-array-buffer 241ms (cache miss)
2497 silly packumentCache full:https://registry.npmjs.org/is-shared-array-buffer set size:undefined disposed:false
2498 http fetch GET 200 https://registry.npmjs.org/is-date-object 262ms (cache miss)
2499 silly packumentCache full:https://registry.npmjs.org/is-date-object set size:undefined disposed:false
2500 http fetch GET 200 https://registry.npmjs.org/object-keys 246ms (cache miss)
2501 silly packumentCache full:https://registry.npmjs.org/object-keys set size:undefined disposed:false
2502 http fetch GET 200 https://registry.npmjs.org/which-boxed-primitive 124ms (cache miss)
2503 silly packumentCache full:https://registry.npmjs.org/which-boxed-primitive set size:undefined disposed:false
2504 http fetch GET 200 https://registry.npmjs.org/which-collection 122ms (cache miss)
2505 silly packumentCache full:https://registry.npmjs.org/which-collection set size:undefined disposed:false
2506 http fetch GET 200 https://registry.npmjs.org/regexp.prototype.flags 157ms (cache miss)
2507 silly packumentCache full:https://registry.npmjs.org/regexp.prototype.flags set size:undefined disposed:false
2508 silly placeDep ROOT call-bind@1.0.2 OK for: array-includes@3.1.6 want: ^1.0.2
2509 silly placeDep ROOT define-properties@1.2.0 OK for: array-includes@3.1.6 want: ^1.1.4
2510 silly placeDep ROOT es-abstract@1.21.1 OK for: array-includes@3.1.6 want: ^1.20.4
2511 silly placeDep ROOT get-intrinsic@1.2.0 OK for: array-includes@3.1.6 want: ^1.1.3
2512 silly placeDep ROOT is-string@1.0.7 OK for: array-includes@3.1.6 want: ^1.0.7
2513 silly fetch manifest has-property-descriptors@1.0.0
2514 silly packumentCache full:https://registry.npmjs.org/has-property-descriptors cache-miss
2515 silly fetch manifest gopd@1.0.1
2516 silly packumentCache full:https://registry.npmjs.org/gopd cache-miss
2517 silly fetch manifest has-proto@1.0.1
2518 silly packumentCache full:https://registry.npmjs.org/has-proto cache-miss
2519 silly fetch manifest globalthis@1.0.3
2520 silly packumentCache full:https://registry.npmjs.org/globalthis cache-miss
2521 silly fetch manifest is-weakref@1.0.2
2522 silly packumentCache full:https://registry.npmjs.org/is-weakref cache-miss
2523 silly fetch manifest has-symbols@1.0.3
2524 silly packumentCache full:https://registry.npmjs.org/has-symbols cache-miss
2525 silly fetch manifest is-callable@1.2.7
2526 silly packumentCache full:https://registry.npmjs.org/is-callable cache-miss
2527 http fetch GET 200 https://registry.npmjs.org/has-property-descriptors 169ms (cache miss)
2528 silly packumentCache full:https://registry.npmjs.org/has-property-descriptors set size:undefined disposed:false
2529 silly fetch manifest internal-slot@1.0.5
2530 silly packumentCache full:https://registry.npmjs.org/internal-slot cache-miss
2531 http fetch GET 200 https://registry.npmjs.org/gopd 173ms (cache miss)
2532 silly packumentCache full:https://registry.npmjs.org/gopd set size:undefined disposed:false
2533 silly fetch manifest object-inspect@1.12.3
2534 silly packumentCache full:https://registry.npmjs.org/object-inspect cache-miss
2535 http fetch GET 200 https://registry.npmjs.org/globalthis 173ms (cache miss)
2536 silly packumentCache full:https://registry.npmjs.org/globalthis set size:undefined disposed:false
2537 silly fetch manifest es-to-primitive@1.2.1
2538 silly packumentCache full:https://registry.npmjs.org/es-to-primitive cache-miss
2539 http fetch GET 200 https://registry.npmjs.org/has-proto 185ms (cache miss)
2540 silly packumentCache full:https://registry.npmjs.org/has-proto set size:undefined disposed:false
2541 silly fetch manifest safe-regex-test@1.0.0
2542 silly packumentCache full:https://registry.npmjs.org/safe-regex-test cache-miss
2543 http fetch GET 200 https://registry.npmjs.org/is-weakref 182ms (cache miss)
2544 silly packumentCache full:https://registry.npmjs.org/is-weakref set size:undefined disposed:false
2545 silly fetch manifest unbox-primitive@1.0.2
2546 silly packumentCache full:https://registry.npmjs.org/unbox-primitive cache-miss
2547 http fetch GET 200 https://registry.npmjs.org/is-callable 163ms (cache miss)
2548 silly packumentCache full:https://registry.npmjs.org/is-callable set size:undefined disposed:false
2549 silly fetch manifest is-negative-zero@2.0.2
2550 silly packumentCache full:https://registry.npmjs.org/is-negative-zero cache-miss
2551 http fetch GET 200 https://registry.npmjs.org/has-symbols 193ms (cache miss)
2552 silly packumentCache full:https://registry.npmjs.org/has-symbols set size:undefined disposed:false
2553 silly fetch manifest es-set-tostringtag@2.0.1
2554 silly packumentCache full:https://registry.npmjs.org/es-set-tostringtag cache-miss
2555 http fetch GET 200 https://registry.npmjs.org/object-inspect 112ms (cache miss)
2556 silly packumentCache full:https://registry.npmjs.org/object-inspect set size:undefined disposed:false
2557 silly fetch manifest typed-array-length@1.0.4
2558 silly packumentCache full:https://registry.npmjs.org/typed-array-length cache-miss
2559 http fetch GET 200 https://registry.npmjs.org/unbox-primitive 94ms (cache miss)
2560 silly packumentCache full:https://registry.npmjs.org/unbox-primitive set size:undefined disposed:false
2561 silly fetch manifest available-typed-arrays@1.0.5
2562 silly packumentCache full:https://registry.npmjs.org/available-typed-arrays cache-miss
2563 http fetch GET 200 https://registry.npmjs.org/internal-slot 128ms (cache miss)
2564 silly packumentCache full:https://registry.npmjs.org/internal-slot set size:undefined disposed:false
2565 silly fetch manifest get-symbol-description@1.0.0
2566 silly packumentCache full:https://registry.npmjs.org/get-symbol-description cache-miss
2567 http fetch GET 200 https://registry.npmjs.org/safe-regex-test 110ms (cache miss)
2568 silly packumentCache full:https://registry.npmjs.org/safe-regex-test set size:undefined disposed:false
2569 silly fetch manifest function.prototype.name@1.1.5
2570 silly packumentCache full:https://registry.npmjs.org/function.prototype.name cache-miss
2571 http fetch GET 200 https://registry.npmjs.org/es-set-tostringtag 92ms (cache miss)
2572 silly packumentCache full:https://registry.npmjs.org/es-set-tostringtag set size:undefined disposed:false
2573 silly fetch manifest string.prototype.trimend@1.0.6
2574 silly packumentCache full:https://registry.npmjs.org/string.prototype.trimend cache-miss
2575 http fetch GET 200 https://registry.npmjs.org/es-to-primitive 126ms (cache miss)
2576 silly packumentCache full:https://registry.npmjs.org/es-to-primitive set size:undefined disposed:false
2577 silly fetch manifest string.prototype.trimstart@1.0.6
2578 silly packumentCache full:https://registry.npmjs.org/string.prototype.trimstart cache-miss
2579 http fetch GET 200 https://registry.npmjs.org/is-negative-zero 116ms (cache miss)
2580 silly packumentCache full:https://registry.npmjs.org/is-negative-zero set size:undefined disposed:false
2581 silly fetch manifest has-tostringtag@1.0.0
2582 silly packumentCache full:https://registry.npmjs.org/has-tostringtag cache-miss
2583 http fetch GET 200 https://registry.npmjs.org/typed-array-length 80ms (cache miss)
2584 silly packumentCache full:https://registry.npmjs.org/typed-array-length set size:undefined disposed:false
2585 http fetch GET 200 https://registry.npmjs.org/available-typed-arrays 110ms (cache miss)
2586 silly packumentCache full:https://registry.npmjs.org/available-typed-arrays set size:undefined disposed:false
2587 http fetch GET 200 https://registry.npmjs.org/function.prototype.name 115ms (cache miss)
2588 silly packumentCache full:https://registry.npmjs.org/function.prototype.name set size:undefined disposed:false
2589 http fetch GET 200 https://registry.npmjs.org/get-symbol-description 122ms (cache miss)
2590 silly packumentCache full:https://registry.npmjs.org/get-symbol-description set size:undefined disposed:false
2591 http fetch GET 200 https://registry.npmjs.org/string.prototype.trimstart 110ms (cache miss)
2592 silly packumentCache full:https://registry.npmjs.org/string.prototype.trimstart set size:undefined disposed:false
2593 http fetch GET 200 https://registry.npmjs.org/string.prototype.trimend 117ms (cache miss)
2594 silly packumentCache full:https://registry.npmjs.org/string.prototype.trimend set size:undefined disposed:false
2595 http fetch GET 200 https://registry.npmjs.org/has-tostringtag 103ms (cache miss)
2596 silly packumentCache full:https://registry.npmjs.org/has-tostringtag set size:undefined disposed:false
2597 silly placeDep ROOT es-shim-unscopables@1.0.0 OK for: array.prototype.flatmap@1.3.1 want: ^1.0.0
2598 silly placeDep ROOT function-bind@1.1.1 OK for: call-bind@1.0.2 want: ^1.1.1
2599 silly placeDep ROOT es-get-iterator@1.1.3 OK for: deep-equal@2.2.0 want: ^1.1.2
2600 silly placeDep ROOT is-arguments@1.1.1 OK for: deep-equal@2.2.0 want: ^1.1.1
2601 silly placeDep ROOT is-array-buffer@3.0.1 OK for: deep-equal@2.2.0 want: ^3.0.1
2602 silly placeDep ROOT is-date-object@1.0.5 OK for: deep-equal@2.2.0 want: ^1.0.5
2603 silly placeDep ROOT is-regex@1.1.4 OK for: deep-equal@2.2.0 want: ^1.1.4
2604 silly placeDep ROOT is-shared-array-buffer@1.0.2 OK for: deep-equal@2.2.0 want: ^1.0.2
2605 silly placeDep ROOT isarray@2.0.5 OK for: deep-equal@2.2.0 want: ^2.0.5
2606 silly placeDep ROOT object-keys@1.1.1 OK for: deep-equal@2.2.0 want: ^1.1.1
2607 silly placeDep ROOT object.assign@4.1.4 OK for: deep-equal@2.2.0 want: ^4.1.4
2608 silly placeDep ROOT regexp.prototype.flags@1.4.3 OK for: deep-equal@2.2.0 want: ^1.4.3
2609 silly placeDep ROOT side-channel@1.0.4 OK for: deep-equal@2.2.0 want: ^1.0.4
2610 silly placeDep ROOT which-boxed-primitive@1.0.2 OK for: deep-equal@2.2.0 want: ^1.0.2
2611 silly placeDep ROOT which-collection@1.0.1 OK for: deep-equal@2.2.0 want: ^1.0.1
2612 silly placeDep ROOT which-typed-array@1.1.9 OK for: deep-equal@2.2.0 want: ^1.1.9
2613 silly fetch manifest is-map@2.0.2
2614 silly packumentCache full:https://registry.npmjs.org/is-map cache-miss
2615 silly fetch manifest is-set@2.0.2
2616 silly packumentCache full:https://registry.npmjs.org/is-set cache-miss
2617 silly fetch manifest stop-iteration-iterator@1.0.0
2618 silly packumentCache full:https://registry.npmjs.org/stop-iteration-iterator cache-miss
2619 silly fetch manifest functions-have-names@1.2.3
2620 silly packumentCache full:https://registry.npmjs.org/functions-have-names cache-miss
2621 silly fetch manifest is-bigint@1.0.4
2622 silly packumentCache full:https://registry.npmjs.org/is-bigint cache-miss
2623 silly fetch manifest is-symbol@1.0.4
2624 silly packumentCache full:https://registry.npmjs.org/is-symbol cache-miss
2625 silly fetch manifest is-number-object@1.0.7
2626 silly packumentCache full:https://registry.npmjs.org/is-number-object cache-miss
2627 http fetch GET 200 https://registry.npmjs.org/stop-iteration-iterator 124ms (cache miss)
2628 silly packumentCache full:https://registry.npmjs.org/stop-iteration-iterator set size:undefined disposed:false
2629 silly fetch manifest is-boolean-object@1.1.2
2630 silly packumentCache full:https://registry.npmjs.org/is-boolean-object cache-miss
2631 http fetch GET 200 https://registry.npmjs.org/is-map 137ms (cache miss)
2632 silly packumentCache full:https://registry.npmjs.org/is-map set size:undefined disposed:false
2633 silly fetch manifest is-set@2.0.2
2634 silly packumentCache full:https://registry.npmjs.org/is-set cache-miss
2635 http fetch GET 200 https://registry.npmjs.org/is-set 148ms (cache miss)
2636 silly packumentCache full:https://registry.npmjs.org/is-set set size:undefined disposed:false
2637 silly fetch manifest is-weakmap@2.0.1
2638 silly packumentCache full:https://registry.npmjs.org/is-weakmap cache-miss
2639 http fetch GET 200 https://registry.npmjs.org/functions-have-names 152ms (cache miss)
2640 silly packumentCache full:https://registry.npmjs.org/functions-have-names set size:undefined disposed:false
2641 silly fetch manifest is-weakset@2.0.2
2642 silly packumentCache full:https://registry.npmjs.org/is-weakset cache-miss
2643 http fetch GET 200 https://registry.npmjs.org/is-bigint 155ms (cache miss)
2644 silly packumentCache full:https://registry.npmjs.org/is-bigint set size:undefined disposed:false
2645 silly fetch manifest for-each@0.3.3
2646 silly packumentCache full:https://registry.npmjs.org/for-each cache-miss
2647 http fetch GET 200 https://registry.npmjs.org/is-symbol 161ms (cache miss)
2648 silly packumentCache full:https://registry.npmjs.org/is-symbol set size:undefined disposed:false
2649 http fetch GET 200 https://registry.npmjs.org/is-number-object 163ms (cache miss)
2650 silly packumentCache full:https://registry.npmjs.org/is-number-object set size:undefined disposed:false
2651 http fetch GET 200 https://registry.npmjs.org/is-set 33ms (cache hit)
2652 silly packumentCache full:https://registry.npmjs.org/is-set set size:16614 disposed:false
2653 http fetch GET 200 https://registry.npmjs.org/is-boolean-object 111ms (cache miss)
2654 silly packumentCache full:https://registry.npmjs.org/is-boolean-object set size:undefined disposed:false
2655 http fetch GET 200 https://registry.npmjs.org/is-weakmap 97ms (cache miss)
2656 silly packumentCache full:https://registry.npmjs.org/is-weakmap set size:undefined disposed:false
2657 http fetch GET 200 https://registry.npmjs.org/is-weakset 96ms (cache miss)
2658 silly packumentCache full:https://registry.npmjs.org/is-weakset set size:undefined disposed:false
2659 http fetch GET 200 https://registry.npmjs.org/for-each 127ms (cache miss)
2660 silly packumentCache full:https://registry.npmjs.org/for-each set size:undefined disposed:false
2661 silly placeDep ROOT has-property-descriptors@1.0.0 OK for: define-properties@1.2.0 want: ^1.0.0
2662 silly placeDep ROOT available-typed-arrays@1.0.5 OK for: es-abstract@1.21.1 want: ^1.0.5
2663 silly placeDep ROOT es-set-tostringtag@2.0.1 OK for: es-abstract@1.21.1 want: ^2.0.1
2664 silly placeDep ROOT es-to-primitive@1.2.1 OK for: es-abstract@1.21.1 want: ^1.2.1
2665 silly placeDep ROOT function.prototype.name@1.1.5 OK for: es-abstract@1.21.1 want: ^1.1.5
2666 silly placeDep ROOT get-symbol-description@1.0.0 OK for: es-abstract@1.21.1 want: ^1.0.0
2667 silly placeDep ROOT globalthis@1.0.3 OK for: es-abstract@1.21.1 want: ^1.0.3
2668 silly placeDep ROOT gopd@1.0.1 OK for: es-abstract@1.21.1 want: ^1.0.1
2669 silly placeDep ROOT has-proto@1.0.1 OK for: es-abstract@1.21.1 want: ^1.0.1
2670 silly placeDep ROOT has-symbols@1.0.3 OK for: es-abstract@1.21.1 want: ^1.0.3
2671 silly placeDep ROOT internal-slot@1.0.5 OK for: es-abstract@1.21.1 want: ^1.0.4
2672 silly placeDep ROOT is-callable@1.2.7 OK for: es-abstract@1.21.1 want: ^1.2.7
2673 silly placeDep ROOT is-negative-zero@2.0.2 OK for: es-abstract@1.21.1 want: ^2.0.2
2674 silly placeDep ROOT is-typed-array@1.1.10 OK for: es-abstract@1.21.1 want: ^1.1.10
2675 silly placeDep ROOT is-weakref@1.0.2 OK for: es-abstract@1.21.1 want: ^1.0.2
2676 silly placeDep ROOT object-inspect@1.12.3 OK for: es-abstract@1.21.1 want: ^1.12.2
2677 silly placeDep ROOT safe-regex-test@1.0.0 OK for: es-abstract@1.21.1 want: ^1.0.0
2678 silly placeDep ROOT string.prototype.trimend@1.0.6 OK for: es-abstract@1.21.1 want: ^1.0.6
2679 silly placeDep ROOT string.prototype.trimstart@1.0.6 OK for: es-abstract@1.21.1 want: ^1.0.6
2680 silly placeDep ROOT typed-array-length@1.0.4 OK for: es-abstract@1.21.1 want: ^1.0.4
2681 silly placeDep ROOT unbox-primitive@1.0.2 OK for: es-abstract@1.21.1 want: ^1.0.2
2682 silly fetch manifest has-bigints@1.0.2
2683 silly packumentCache full:https://registry.npmjs.org/has-bigints cache-miss
2684 http fetch GET 200 https://registry.npmjs.org/has-bigints 99ms (cache miss)
2685 silly packumentCache full:https://registry.npmjs.org/has-bigints set size:undefined disposed:false
2686 silly placeDep ROOT is-map@2.0.2 OK for: es-get-iterator@1.1.3 want: ^2.0.2
2687 silly placeDep ROOT is-set@2.0.2 OK for: es-get-iterator@1.1.3 want: ^2.0.2
2688 silly placeDep ROOT stop-iteration-iterator@1.0.0 OK for: es-get-iterator@1.1.3 want: ^1.0.0
2689 silly placeDep ROOT has-tostringtag@1.0.0 OK for: es-set-tostringtag@2.0.1 want: ^1.0.0
2690 silly placeDep ROOT is-symbol@1.0.4 OK for: es-to-primitive@1.2.1 want: ^1.0.2
2691 silly placeDep ROOT array.prototype.tosorted@1.1.1 OK for: eslint-plugin-react@7.32.2 want: ^1.1.1
2692 silly placeDep node_modules/eslint-plugin-react doctrine@2.1.0 OK for: eslint-plugin-react@7.32.2 want: ^2.1.0
2693 silly placeDep ROOT estraverse@5.3.0 OK for: eslint-plugin-react@7.32.2 want: ^5.3.0
2694 silly placeDep ROOT object.hasown@1.1.2 OK for: eslint-plugin-react@7.32.2 want: ^1.1.2
2695 silly placeDep ROOT object.values@1.1.6 OK for: eslint-plugin-react@7.32.2 want: ^1.1.6
2696 silly placeDep ROOT prop-types@15.8.1 OK for: eslint-plugin-react@7.32.2 want: ^15.8.1
2697 silly placeDep node_modules/eslint-plugin-react resolve@2.0.0-next.4 OK for: eslint-plugin-react@7.32.2 want: ^2.0.0-next.4
2698 silly placeDep ROOT string.prototype.matchall@4.0.8 OK for: eslint-plugin-react@7.32.2 want: ^4.0.8
2699 silly fetch manifest react-is@16.13.1
2700 silly packumentCache full:https://registry.npmjs.org/react-is cache-miss
2701 http fetch GET 200 https://registry.npmjs.org/react-is 360ms (cache miss)
2702 silly packumentCache full:https://registry.npmjs.org/react-is set size:undefined disposed:false
2703 silly placeDep ROOT esrecurse@4.3.0 OK for: eslint-scope@5.1.1 want: ^4.3.0
2704 silly placeDep node_modules/eslint-scope estraverse@4.3.0 OK for: eslint-scope@5.1.1 want: ^4.1.1
2705 silly placeDep node_modules/eslint-utils eslint-visitor-keys@1.3.0 OK for: eslint-utils@2.1.0 want: ^1.1.0
2706 silly placeDep ROOT acorn@7.4.1 OK for: espree@7.3.1 want: ^7.4.0
2707 silly placeDep ROOT acorn-jsx@5.3.2 OK for: espree@7.3.1 want: ^5.3.1
2708 silly placeDep node_modules/espree eslint-visitor-keys@1.3.0 OK for: espree@7.3.1 want: ^1.3.0
2709 silly placeDep ROOT get-stream@5.2.0 OK for: execa@4.1.0 want: ^5.0.0
2710 silly placeDep ROOT human-signals@1.1.1 OK for: execa@4.1.0 want: ^1.1.1
2711 silly placeDep ROOT is-stream@2.0.1 OK for: execa@4.1.0 want: ^2.0.0
2712 silly placeDep ROOT merge-stream@2.0.0 OK for: execa@4.1.0 want: ^2.0.0
2713 silly placeDep ROOT npm-run-path@4.0.1 OK for: execa@4.1.0 want: ^4.0.0
2714 silly placeDep ROOT onetime@5.1.2 OK for: execa@4.1.0 want: ^5.1.0
2715 silly placeDep ROOT signal-exit@3.0.7 OK for: execa@4.1.0 want: ^3.0.2
2716 silly placeDep ROOT strip-final-newline@2.0.0 OK for: execa@4.1.0 want: ^2.0.0
2717 silly fetch manifest pump@3.0.0
2718 silly packumentCache full:https://registry.npmjs.org/pump cache-miss
2719 silly fetch manifest mimic-fn@2.1.0
2720 silly packumentCache full:https://registry.npmjs.org/mimic-fn cache-miss
2721 http fetch GET 200 https://registry.npmjs.org/mimic-fn 83ms (cache miss)
2722 silly packumentCache full:https://registry.npmjs.org/mimic-fn set size:undefined disposed:false
2723 http fetch GET 200 https://registry.npmjs.org/pump 121ms (cache miss)
2724 silly packumentCache full:https://registry.npmjs.org/pump set size:undefined disposed:false
2725 silly placeDep ROOT pify@2.3.0 OK for: executable@4.1.1 want: ^2.2.0
2726 silly placeDep ROOT @types/yauzl@2.10.0 OK for: extract-zip@2.0.1 want: ^2.9.1
2727 silly placeDep ROOT flat-cache@3.0.4 OK for: file-entry-cache@6.0.1 want: ^3.0.4
2728 silly fetch manifest rimraf@3.0.2
2729 silly packumentCache full:https://registry.npmjs.org/rimraf cache-miss
2730 silly fetch manifest flatted@3.2.7
2731 silly packumentCache full:https://registry.npmjs.org/flatted cache-miss
2732 http fetch GET 200 https://registry.npmjs.org/flatted 125ms (cache miss)
2733 silly packumentCache full:https://registry.npmjs.org/flatted set size:undefined disposed:false
2734 http fetch GET 200 https://registry.npmjs.org/rimraf 139ms (cache miss)
2735 silly packumentCache full:https://registry.npmjs.org/rimraf set size:undefined disposed:false
2736 silly placeDep ROOT commondir@1.0.1 OK for: find-cache-dir@3.3.2 want: ^1.0.1
2737 silly placeDep ROOT pkg-dir@4.2.0 OK for: find-cache-dir@3.3.2 want: ^4.1.0
2738 silly fetch manifest find-up@4.1.0
2739 silly packumentCache full:https://registry.npmjs.org/find-up cache-miss
2740 http fetch GET 200 https://registry.npmjs.org/find-up 109ms (cache miss)
2741 silly packumentCache full:https://registry.npmjs.org/find-up set size:undefined disposed:false
2742 silly placeDep ROOT flatted@3.2.7 OK for: flat-cache@3.0.4 want: ^3.1.0
2743 silly placeDep ROOT rimraf@3.0.2 OK for: flat-cache@3.0.4 want: ^3.0.2
2744 silly fetch manifest glob@7.2.3
2745 silly packumentCache full:https://registry.npmjs.org/glob cache-miss
2746 http fetch GET 200 https://registry.npmjs.org/glob 101ms (cache miss)
2747 silly packumentCache full:https://registry.npmjs.org/glob set size:undefined disposed:false
2748 silly placeDep ROOT asynckit@0.4.0 OK for: form-data@2.3.3 want: ^0.4.0
2749 silly placeDep ROOT at-least-node@1.0.0 OK for: fs-extra@9.1.0 want: ^1.0.0
2750 silly placeDep ROOT graceful-fs@4.2.11 OK for: fs-extra@9.1.0 want: ^4.2.0
2751 silly placeDep ROOT jsonfile@6.1.0 OK for: fs-extra@9.1.0 want: ^6.0.1
2752 silly placeDep ROOT universalify@2.0.0 OK for: fs-extra@9.1.0 want: ^2.0.0
2753 silly placeDep ROOT functions-have-names@1.2.3 OK for: function.prototype.name@1.1.5 want: ^1.2.2
2754 silly placeDep ROOT pump@3.0.0 OK for: get-stream@5.2.0 want: ^3.0.0
2755 silly fetch manifest once@1.4.0
2756 silly packumentCache full:https://registry.npmjs.org/once cache-miss
2757 silly fetch manifest end-of-stream@1.4.4
2758 silly packumentCache full:https://registry.npmjs.org/end-of-stream cache-miss
2759 http fetch GET 200 https://registry.npmjs.org/end-of-stream 98ms (cache miss)
2760 silly packumentCache full:https://registry.npmjs.org/end-of-stream set size:undefined disposed:false
2761 http fetch GET 200 https://registry.npmjs.org/once 100ms (cache miss)
2762 silly packumentCache full:https://registry.npmjs.org/once set size:undefined disposed:false
2763 silly placeDep ROOT async@3.2.4 OK for: getos@3.2.1 want: ^3.2.0
2764 silly placeDep ROOT assert-plus@1.0.0 OK for: http-signature@1.3.6 want: ^1.0.0
2765 silly placeDep ROOT jsprim@2.0.2 OK for: http-signature@1.3.6 want: ^2.0.2
2766 silly placeDep ROOT sshpk@1.17.0 OK for: http-signature@1.3.6 want: ^1.14.1
2767 silly fetch manifest verror@1.10.0
2768 silly packumentCache full:https://registry.npmjs.org/verror cache-miss
2769 silly fetch manifest extsprintf@1.3.0
2770 silly packumentCache full:https://registry.npmjs.org/extsprintf cache-miss
2771 silly fetch manifest json-schema@0.4.0
2772 silly packumentCache full:https://registry.npmjs.org/json-schema cache-miss
2773 silly fetch manifest asn1@0.2.6
2774 silly packumentCache full:https://registry.npmjs.org/asn1 cache-miss
2775 silly fetch manifest jsbn@0.1.1
2776 silly packumentCache full:https://registry.npmjs.org/jsbn cache-miss
2777 silly fetch manifest getpass@0.1.7
2778 silly packumentCache full:https://registry.npmjs.org/getpass cache-miss
2779 silly fetch manifest dashdash@1.14.1
2780 silly packumentCache full:https://registry.npmjs.org/dashdash cache-miss
2781 http fetch GET 200 https://registry.npmjs.org/json-schema 114ms (cache miss)
2782 silly packumentCache full:https://registry.npmjs.org/json-schema set size:undefined disposed:false
2783 silly fetch manifest ecc-jsbn@0.1.2
2784 silly packumentCache full:https://registry.npmjs.org/ecc-jsbn cache-miss
2785 http fetch GET 200 https://registry.npmjs.org/extsprintf 469ms (cache miss)
2786 silly packumentCache full:https://registry.npmjs.org/extsprintf set size:undefined disposed:false
2787 silly fetch manifest tweetnacl@0.14.5
2788 silly packumentCache full:https://registry.npmjs.org/tweetnacl cache-miss
2789 http fetch GET 200 https://registry.npmjs.org/jsbn 472ms (cache miss)
2790 silly packumentCache full:https://registry.npmjs.org/jsbn set size:undefined disposed:false
2791 silly fetch manifest bcrypt-pbkdf@1.0.2
2792 silly packumentCache full:https://registry.npmjs.org/bcrypt-pbkdf cache-miss
2793 http fetch GET 200 https://registry.npmjs.org/dashdash 482ms (cache miss)
2794 silly packumentCache full:https://registry.npmjs.org/dashdash set size:undefined disposed:false
2795 silly fetch manifest safer-buffer@2.1.2
2796 silly packumentCache full:https://registry.npmjs.org/safer-buffer cache-miss
2797 http fetch GET 200 https://registry.npmjs.org/verror 506ms (cache miss)
2798 silly packumentCache full:https://registry.npmjs.org/verror set size:undefined disposed:false
2799 http fetch GET 200 https://registry.npmjs.org/ecc-jsbn 393ms (cache miss)
2800 silly packumentCache full:https://registry.npmjs.org/ecc-jsbn set size:undefined disposed:false
2801 http fetch GET 200 https://registry.npmjs.org/safer-buffer 83ms (cache miss)
2802 silly packumentCache full:https://registry.npmjs.org/safer-buffer set size:undefined disposed:false
2803 http fetch GET 200 https://registry.npmjs.org/getpass 978ms (cache miss)
2804 silly packumentCache full:https://registry.npmjs.org/getpass set size:undefined disposed:false
2805 http fetch GET 200 https://registry.npmjs.org/asn1 986ms (cache miss)
2806 silly packumentCache full:https://registry.npmjs.org/asn1 set size:undefined disposed:false
2807 http fetch GET 200 https://registry.npmjs.org/bcrypt-pbkdf 510ms (cache miss)
2808 silly packumentCache full:https://registry.npmjs.org/bcrypt-pbkdf set size:undefined disposed:false
2809 http fetch GET 200 https://registry.npmjs.org/tweetnacl 990ms (cache miss)
2810 silly packumentCache full:https://registry.npmjs.org/tweetnacl set size:undefined disposed:false
2811 silly placeDep ROOT parent-module@1.0.1 OK for: import-fresh@3.3.0 want: ^1.0.0
2812 silly placeDep ROOT resolve-from@4.0.0 OK for: import-fresh@3.3.0 want: ^4.0.0
2813 silly fetch manifest callsites@3.1.0
2814 silly packumentCache full:https://registry.npmjs.org/callsites cache-miss
2815 http fetch GET 200 https://registry.npmjs.org/callsites 135ms (cache miss)
2816 silly packumentCache full:https://registry.npmjs.org/callsites set size:undefined disposed:false
2817 silly placeDep ROOT ci-info@3.8.0 OK for: is-ci@3.0.1 want: ^3.2.0
2818 silly placeDep ROOT is-extglob@2.1.1 OK for: is-glob@4.0.3 want: ^2.1.1
2819 silly placeDep ROOT global-dirs@3.0.1 OK for: is-installed-globally@0.4.0 want: ^3.0.0
2820 silly placeDep ROOT is-path-inside@3.0.3 OK for: is-installed-globally@0.4.0 want: ^3.0.2
2821 silly fetch manifest ini@2.0.0
2822 silly packumentCache full:https://registry.npmjs.org/ini cache-miss
2823 http fetch GET 200 https://registry.npmjs.org/ini 106ms (cache miss)
2824 silly packumentCache full:https://registry.npmjs.org/ini set size:undefined disposed:false
2825 silly placeDep ROOT ini@2.0.0 OK for: global-dirs@3.0.1 want: 2.0.0
2826 silly placeDep ROOT for-each@0.3.3 OK for: is-typed-array@1.1.10 want: ^0.3.3
2827 silly placeDep ROOT argparse@1.0.10 OK for: js-yaml@3.14.2 want: ^1.0.7
2828 silly placeDep ROOT esprima@4.0.1 OK for: js-yaml@3.14.2 want: ^4.0.0
2829 silly fetch manifest sprintf-js@1.0.3
2830 silly packumentCache full:https://registry.npmjs.org/sprintf-js cache-miss
2831 http fetch GET 200 https://registry.npmjs.org/sprintf-js 97ms (cache miss)
2832 silly packumentCache full:https://registry.npmjs.org/sprintf-js set size:undefined disposed:false
2833 silly placeDep ROOT sprintf-js@1.0.3 OK for: argparse@1.0.10 want: ~1.0.2
2834 silly placeDep ROOT extsprintf@1.3.0 OK for: jsprim@2.0.2 want: 1.3.0
2835 silly placeDep ROOT json-schema@0.4.0 OK for: jsprim@2.0.2 want: 0.4.0
2836 silly placeDep ROOT verror@1.10.0 OK for: jsprim@2.0.2 want: 1.10.0
2837 silly fetch manifest core-util-is@1.0.2
2838 silly packumentCache full:https://registry.npmjs.org/core-util-is cache-miss
2839 http fetch GET 200 https://registry.npmjs.org/core-util-is 106ms (cache miss)
2840 silly packumentCache full:https://registry.npmjs.org/core-util-is set size:undefined disposed:false
2841 silly placeDep ROOT language-subtag-registry@0.3.22 OK for: language-tags@1.0.5 want: ~0.3.2
2842 silly placeDep ROOT prelude-ls@1.2.1 OK for: levn@0.4.1 want: ^1.2.1
2843 silly placeDep ROOT type-check@0.4.0 OK for: levn@0.4.1 want: ~0.4.0
2844 silly placeDep ROOT cli-truncate@2.1.0 OK for: listr2@3.14.0 want: ^2.1.0
2845 silly placeDep ROOT colorette@2.0.19 OK for: listr2@3.14.0 want: ^2.0.16
2846 silly placeDep ROOT log-update@4.0.0 OK for: listr2@3.14.0 want: ^4.0.0
2847 silly placeDep ROOT p-map@4.0.0 OK for: listr2@3.14.0 want: ^4.0.0
2848 silly placeDep ROOT rfdc@1.3.0 OK for: listr2@3.14.0 want: ^1.3.0
2849 silly placeDep ROOT rxjs@7.8.0 OK for: listr2@3.14.0 want: ^7.5.1
2850 silly placeDep ROOT through@2.3.8 OK for: listr2@3.14.0 want: ^2.3.8
2851 silly placeDep ROOT wrap-ansi@7.0.0 OK for: listr2@3.14.0 want: ^7.0.0
2852 silly fetch manifest slice-ansi@3.0.0
2853 silly packumentCache full:https://registry.npmjs.org/slice-ansi cache-miss
2854 silly fetch manifest wrap-ansi@6.2.0
2855 silly packumentCache full:https://registry.npmjs.org/wrap-ansi cache-miss
2856 silly fetch manifest ansi-escapes@4.3.2
2857 silly packumentCache full:https://registry.npmjs.org/ansi-escapes cache-miss
2858 silly fetch manifest aggregate-error@3.1.0
2859 silly packumentCache full:https://registry.npmjs.org/aggregate-error cache-miss
2860 silly fetch manifest tslib@2.5.0
2861 silly packumentCache full:https://registry.npmjs.org/tslib cache-miss
2862 http fetch GET 200 https://registry.npmjs.org/slice-ansi 65ms (cache hit)
2863 silly packumentCache full:https://registry.npmjs.org/slice-ansi set size:34449 disposed:false
2864 http fetch GET 200 https://registry.npmjs.org/wrap-ansi 64ms (cache hit)
2865 silly packumentCache full:https://registry.npmjs.org/wrap-ansi set size:55299 disposed:false
2866 http fetch GET 200 https://registry.npmjs.org/ansi-escapes 134ms (cache miss)
2867 silly packumentCache full:https://registry.npmjs.org/ansi-escapes set size:undefined disposed:false
2868 http fetch GET 200 https://registry.npmjs.org/tslib 135ms (cache miss)
2869 silly packumentCache full:https://registry.npmjs.org/tslib set size:undefined disposed:false
2870 http fetch GET 200 https://registry.npmjs.org/aggregate-error 462ms (cache miss)
2871 silly packumentCache full:https://registry.npmjs.org/aggregate-error set size:undefined disposed:false
2872 silly placeDep ROOT slice-ansi@3.0.0 OK for: cli-truncate@2.1.0 want: ^3.0.0
2873 silly fetch manifest astral-regex@2.0.0
2874 silly packumentCache full:https://registry.npmjs.org/astral-regex cache-miss
2875 http fetch GET 200 https://registry.npmjs.org/astral-regex 83ms (cache miss)
2876 silly packumentCache full:https://registry.npmjs.org/astral-regex set size:undefined disposed:false
2877 silly placeDep ROOT big.js@5.2.2 OK for: loader-utils@2.0.4 want: ^5.2.2
2878 silly placeDep ROOT emojis-list@3.0.0 OK for: loader-utils@2.0.4 want: ^3.0.0
2879 silly placeDep node_modules/log-symbols chalk@4.1.2 OK for: log-symbols@4.1.0 want: ^4.1.0
2880 silly placeDep ROOT is-unicode-supported@0.1.0 OK for: log-symbols@4.1.0 want: ^0.1.0
2881 silly placeDep ROOT ansi-escapes@4.3.2 OK for: log-update@4.0.0 want: ^4.3.0
2882 silly placeDep node_modules/log-update slice-ansi@4.0.0 OK for: log-update@4.0.0 want: ^4.0.0
2883 silly placeDep node_modules/log-update wrap-ansi@6.2.0 OK for: log-update@4.0.0 want: ^6.2.0
2884 silly fetch manifest type-fest@0.21.3
2885 silly packumentCache full:https://registry.npmjs.org/type-fest cache-miss
2886 http fetch GET 200 https://registry.npmjs.org/type-fest 20ms (cache hit)
2887 silly packumentCache full:https://registry.npmjs.org/type-fest set size:557806 disposed:false
2888 silly placeDep ROOT type-fest@0.21.3 OK for: ansi-escapes@4.3.2 want: ^0.21.3
2889 silly placeDep ROOT yallist@3.1.1 OK for: lru-cache@5.1.1 want: ^3.0.2
2890 silly placeDep ROOT mime-db@1.52.0 OK for: mime-types@2.1.35 want: 1.52.0
2891 silly placeDep ROOT brace-expansion@1.1.11 OK for: minimatch@3.1.2 want: ^1.1.7
2892 silly fetch manifest concat-map@0.0.1
2893 silly packumentCache full:https://registry.npmjs.org/concat-map cache-miss
2894 silly fetch manifest balanced-match@1.0.2
2895 silly packumentCache full:https://registry.npmjs.org/balanced-match cache-miss
2896 http fetch GET 200 https://registry.npmjs.org/concat-map 99ms (cache miss)
2897 silly packumentCache full:https://registry.npmjs.org/concat-map set size:undefined disposed:false
2898 http fetch GET 200 https://registry.npmjs.org/balanced-match 96ms (cache miss)
2899 silly packumentCache full:https://registry.npmjs.org/balanced-match set size:undefined disposed:false
2900 silly placeDep ROOT balanced-match@1.0.2 OK for: brace-expansion@1.1.11 want: ^1.0.0
2901 silly placeDep ROOT concat-map@0.0.1 OK for: brace-expansion@1.1.11 want: 0.0.1
2902 silly placeDep ROOT cheminfo-types@1.4.0 OK for: ml-savitzky-golay-generalized@4.0.1 want: ^1.0.0
2903 silly placeDep ROOT is-any-array@2.0.0 OK for: ml-savitzky-golay-generalized@4.0.1 want: ^2.0.0
2904 silly placeDep ROOT mimic-fn@2.1.0 OK for: onetime@5.1.2 want: ^2.1.0
2905 silly placeDep ROOT deep-is@0.1.4 OK for: optionator@0.9.1 want: ^0.1.3
2906 silly placeDep ROOT fast-levenshtein@2.0.6 OK for: optionator@0.9.1 want: ^2.0.6
2907 silly placeDep ROOT word-wrap@1.2.4 OK for: optionator@0.9.1 want: ^1.2.3
2908 silly placeDep ROOT aggregate-error@3.1.0 OK for: p-map@4.0.0 want: ^3.0.0
2909 silly fetch manifest clean-stack@2.2.0
2910 silly packumentCache full:https://registry.npmjs.org/clean-stack cache-miss
2911 silly fetch manifest indent-string@4.0.0
2912 silly packumentCache full:https://registry.npmjs.org/indent-string cache-miss
2913 http fetch GET 200 https://registry.npmjs.org/indent-string 61ms (cache miss)
2914 silly packumentCache full:https://registry.npmjs.org/indent-string set size:undefined disposed:false
2915 http fetch GET 200 https://registry.npmjs.org/clean-stack 983ms (cache miss)
2916 silly packumentCache full:https://registry.npmjs.org/clean-stack set size:undefined disposed:false
2917 silly placeDep ROOT clean-stack@2.2.0 OK for: aggregate-error@3.1.0 want: ^2.0.0
2918 silly placeDep ROOT indent-string@4.0.0 OK for: aggregate-error@3.1.0 want: ^4.0.0
2919 silly placeDep ROOT callsites@3.1.0 OK for: parent-module@1.0.1 want: ^3.0.0
2920 silly placeDep ROOT find-up@4.1.0 OK for: pkg-dir@4.2.0 want: ^4.0.0
2921 silly fetch manifest locate-path@5.0.0
2922 silly packumentCache full:https://registry.npmjs.org/locate-path cache-miss
2923 silly fetch manifest path-exists@4.0.0
2924 silly packumentCache full:https://registry.npmjs.org/path-exists cache-miss
2925 http fetch GET 200 https://registry.npmjs.org/locate-path 96ms (cache miss)
2926 silly packumentCache full:https://registry.npmjs.org/locate-path set size:undefined disposed:false
2927 http fetch GET 200 https://registry.npmjs.org/path-exists 99ms (cache miss)
2928 silly packumentCache full:https://registry.npmjs.org/path-exists set size:undefined disposed:false
2929 silly placeDep ROOT locate-path@5.0.0 OK for: find-up@4.1.0 want: ^5.0.0
2930 silly placeDep ROOT path-exists@4.0.0 OK for: find-up@4.1.0 want: ^4.0.0
2931 silly fetch manifest p-locate@4.1.0
2932 silly packumentCache full:https://registry.npmjs.org/p-locate cache-miss
2933 http fetch GET 200 https://registry.npmjs.org/p-locate 77ms (cache miss)
2934 silly packumentCache full:https://registry.npmjs.org/p-locate set size:undefined disposed:false
2935 silly placeDep ROOT p-locate@4.1.0 OK for: locate-path@5.0.0 want: ^4.1.0
2936 silly fetch manifest p-limit@2.3.0
2937 silly packumentCache full:https://registry.npmjs.org/p-limit cache-miss
2938 http fetch GET 200 https://registry.npmjs.org/p-limit 94ms (cache miss)
2939 silly packumentCache full:https://registry.npmjs.org/p-limit set size:undefined disposed:false
2940 silly placeDep ROOT p-limit@2.3.0 OK for: p-locate@4.1.0 want: ^2.2.0
2941 silly fetch manifest p-try@2.2.0
2942 silly packumentCache full:https://registry.npmjs.org/p-try cache-miss
2943 http fetch GET 200 https://registry.npmjs.org/p-try 911ms (cache miss)
2944 silly packumentCache full:https://registry.npmjs.org/p-try set size:undefined disposed:false
2945 silly placeDep ROOT p-try@2.2.0 OK for: p-limit@2.3.0 want: ^2.0.0
2946 silly placeDep ROOT nanoid@3.3.11 OK for: postcss@8.4.31 want: ^3.3.6
2947 silly placeDep ROOT picocolors@1.1.1 OK for: postcss@8.4.31 want: ^1.0.0
2948 silly placeDep ROOT source-map-js@1.0.2 OK for: postcss@8.4.31 want: ^1.0.2
2949 silly placeDep ROOT postcss-selector-parser@6.0.11 OK for: postcss-modules-local-by-default@4.0.0 want: ^6.0.2
2950 silly fetch manifest cssesc@3.0.0
2951 silly packumentCache full:https://registry.npmjs.org/cssesc cache-miss
2952 silly fetch manifest util-deprecate@1.0.2
2953 silly packumentCache full:https://registry.npmjs.org/util-deprecate cache-miss
2954 http fetch GET 200 https://registry.npmjs.org/cssesc 98ms (cache miss)
2955 silly packumentCache full:https://registry.npmjs.org/cssesc set size:undefined disposed:false
2956 http fetch GET 200 https://registry.npmjs.org/util-deprecate 110ms (cache miss)
2957 silly packumentCache full:https://registry.npmjs.org/util-deprecate set size:undefined disposed:false
2958 silly placeDep ROOT cssesc@3.0.0 OK for: postcss-selector-parser@6.0.11 want: ^3.0.0
2959 silly placeDep ROOT util-deprecate@1.0.2 OK for: postcss-selector-parser@6.0.11 want: ^1.0.2
2960 silly placeDep ROOT loose-envify@1.4.0 OK for: prop-types@15.8.1 want: ^1.4.0
2961 silly placeDep ROOT object-assign@4.1.1 OK for: prop-types@15.8.1 want: ^4.1.1
2962 silly placeDep ROOT react-is@16.13.1 OK for: prop-types@15.8.1 want: ^16.13.1
2963 silly placeDep ROOT end-of-stream@1.4.4 OK for: pump@3.0.0 want: ^1.1.0
2964 silly placeDep ROOT once@1.4.0 OK for: pump@3.0.0 want: ^1.3.1
2965 silly fetch manifest wrappy@1.0.2
2966 silly packumentCache full:https://registry.npmjs.org/wrappy cache-miss
2967 http fetch GET 200 https://registry.npmjs.org/wrappy 80ms (cache miss)
2968 silly packumentCache full:https://registry.npmjs.org/wrappy set size:undefined disposed:false
2969 silly placeDep ROOT wrappy@1.0.2 OK for: once@1.4.0 want: 1
2970 silly placeDep ROOT babel-runtime@6.26.0 OK for: rc-tree-select@1.12.13 want: ^6.23.0
2971 silly placeDep ROOT classnames@2.3.2 OK for: rc-tree-select@1.12.13 want: ^2.2.1
2972 silly placeDep ROOT rc-animate@2.11.1 OK for: rc-tree-select@1.12.13 want: ^2.0.2
2973 silly placeDep ROOT rc-tree@1.7.12 OK for: rc-tree-select@1.12.13 want: ~1.7.1
2974 silly placeDep ROOT rc-trigger@2.6.5 OK for: rc-tree-select@1.12.13 want: ^2.2.2
2975 silly placeDep ROOT rc-util@4.21.1 OK for: rc-tree-select@1.12.13 want: ^4.5.0
2976 silly fetch manifest core-js@2.6.12
2977 silly packumentCache full:https://registry.npmjs.org/core-js cache-miss
2978 silly fetch manifest regenerator-runtime@0.11.1
2979 silly packumentCache full:https://registry.npmjs.org/regenerator-runtime cache-miss
2980 silly fetch manifest css-animation@1.6.1
2981 silly packumentCache full:https://registry.npmjs.org/css-animation cache-miss
2982 silly fetch manifest raf@3.4.1
2983 silly packumentCache full:https://registry.npmjs.org/raf cache-miss
2984 silly fetch manifest warning@3.0.0
2985 silly packumentCache full:https://registry.npmjs.org/warning cache-miss
2986 silly fetch manifest rc-align@2.4.5
2987 silly packumentCache full:https://registry.npmjs.org/rc-align cache-miss
2988 silly fetch manifest shallowequal@1.1.0
2989 silly packumentCache full:https://registry.npmjs.org/shallowequal cache-miss
2990 http fetch GET 200 https://registry.npmjs.org/regenerator-runtime 28ms (cache hit)
2991 silly packumentCache full:https://registry.npmjs.org/regenerator-runtime set size:59671 disposed:false
2992 silly fetch manifest add-dom-event-listener@1.1.0
2993 silly packumentCache full:https://registry.npmjs.org/add-dom-event-listener cache-miss
2994 http fetch GET 200 https://registry.npmjs.org/warning 26ms (cache hit)
2995 silly packumentCache full:https://registry.npmjs.org/warning set size:22942 disposed:false
2996 http fetch GET 200 https://registry.npmjs.org/raf 97ms (cache miss)
2997 silly packumentCache full:https://registry.npmjs.org/raf set size:undefined disposed:false
2998 http fetch GET 200 https://registry.npmjs.org/shallowequal 93ms (cache miss)
2999 silly packumentCache full:https://registry.npmjs.org/shallowequal set size:undefined disposed:false
3000 http fetch GET 200 https://registry.npmjs.org/core-js 132ms (cache miss)
3001 silly packumentCache full:https://registry.npmjs.org/core-js set size:undefined disposed:false
3002 http fetch GET 200 https://registry.npmjs.org/css-animation 491ms (cache miss)
3003 silly packumentCache full:https://registry.npmjs.org/css-animation set size:undefined disposed:false
3004 http fetch GET 200 https://registry.npmjs.org/add-dom-event-listener 974ms (cache miss)
3005 silly packumentCache full:https://registry.npmjs.org/add-dom-event-listener set size:undefined disposed:false
3006 http fetch GET 200 https://registry.npmjs.org/rc-align 1013ms (cache miss)
3007 silly packumentCache full:https://registry.npmjs.org/rc-align set size:undefined disposed:false
3008 silly placeDep ROOT core-js@2.6.12 OK for: babel-runtime@6.26.0 want: ^2.4.0
3009 silly placeDep node_modules/babel-runtime regenerator-runtime@0.11.1 OK for: babel-runtime@6.26.0 want: ^0.11.0
3010 silly placeDep ROOT css-animation@1.6.1 OK for: rc-animate@2.11.1 want: ^1.3.2
3011 silly placeDep ROOT raf@3.4.1 OK for: rc-animate@2.11.1 want: ^3.4.0
3012 silly placeDep ROOT react-lifecycles-compat@3.0.4 OK for: rc-animate@2.11.1 want: ^3.0.4
3013 silly fetch manifest component-classes@1.2.6
3014 silly packumentCache full:https://registry.npmjs.org/component-classes cache-miss
3015 http fetch GET 200 https://registry.npmjs.org/component-classes 959ms (cache miss)
3016 silly packumentCache full:https://registry.npmjs.org/component-classes set size:undefined disposed:false
3017 silly placeDep ROOT component-classes@1.2.6 OK for: css-animation@1.6.1 want: ^1.2.5
3018 silly fetch manifest component-indexof@0.0.3
3019 silly packumentCache full:https://registry.npmjs.org/component-indexof cache-miss
3020 http fetch GET 200 https://registry.npmjs.org/component-indexof 1016ms (cache miss)
3021 silly packumentCache full:https://registry.npmjs.org/component-indexof set size:undefined disposed:false
3022 silly placeDep ROOT component-indexof@0.0.3 OK for: component-classes@1.2.6 want: 0.0.3
3023 silly placeDep ROOT warning@3.0.0 OK for: rc-tree@1.7.12 want: ^3.0.0
3024 silly placeDep ROOT rc-align@2.4.5 OK for: rc-trigger@2.6.5 want: ^2.4.0
3025 silly fetch manifest dom-align@1.12.4
3026 silly packumentCache full:https://registry.npmjs.org/dom-align cache-miss
3027 http fetch GET 200 https://registry.npmjs.org/dom-align 462ms (cache miss)
3028 silly packumentCache full:https://registry.npmjs.org/dom-align set size:undefined disposed:false
3029 silly placeDep ROOT dom-align@1.12.4 OK for: rc-align@2.4.5 want: ^1.7.0
3030 silly placeDep ROOT add-dom-event-listener@1.1.0 OK for: rc-util@4.21.1 want: ^1.1.0
3031 silly placeDep ROOT shallowequal@1.1.0 OK for: rc-util@4.21.1 want: ^1.1.0
3032 silly placeDep node_modules/react-devtools cross-spawn@5.1.0 OK for: react-devtools@4.27.2 want: ^5.0.1
3033 silly placeDep ROOT electron@11.5.0 OK for: react-devtools@4.27.2 want: ^11.1.0
3034 silly placeDep ROOT ip@1.1.8 OK for: react-devtools@4.27.2 want: ^1.1.4
3035 silly placeDep ROOT react-devtools-core@4.27.2 OK for: react-devtools@4.27.2 want: 4.27.2
3036 silly placeDep ROOT update-notifier@2.5.0 OK for: react-devtools@4.27.2 want: ^2.1.0
3037 silly fetch manifest which@1.3.1
3038 silly packumentCache full:https://registry.npmjs.org/which cache-miss
3039 silly fetch manifest lru-cache@4.1.5
3040 silly packumentCache full:https://registry.npmjs.org/lru-cache cache-hit
3041 silly fetch manifest shebang-command@1.2.0
3042 silly packumentCache full:https://registry.npmjs.org/shebang-command cache-miss
3043 silly fetch manifest @types/node@12.20.55
3044 silly packumentCache full:https://registry.npmjs.org/@types%2fnode cache-miss
3045 silly fetch manifest extract-zip@1.7.0
3046 silly packumentCache full:https://registry.npmjs.org/extract-zip cache-miss
3047 silly fetch manifest @electron/get@1.14.1
3048 silly packumentCache full:https://registry.npmjs.org/@electron%2fget cache-miss
3049 silly fetch manifest ws@7.5.10
3050 silly packumentCache full:https://registry.npmjs.org/ws cache-miss
3051 silly fetch manifest shell-quote@1.8.0
3052 silly packumentCache full:https://registry.npmjs.org/shell-quote cache-miss
3053 http fetch GET 200 https://registry.npmjs.org/extract-zip 54ms (cache hit)
3054 silly packumentCache full:https://registry.npmjs.org/extract-zip set size:47715 disposed:false
3055 silly fetch manifest boxen@1.3.0
3056 silly packumentCache full:https://registry.npmjs.org/boxen cache-miss
3057 http fetch GET 200 https://registry.npmjs.org/which 86ms (cache hit)
3058 silly packumentCache full:https://registry.npmjs.org/which set size:67747 disposed:false
3059 silly fetch manifest is-ci@1.2.1
3060 silly packumentCache full:https://registry.npmjs.org/is-ci cache-miss
3061 http fetch GET 200 https://registry.npmjs.org/@types%2fnode 135ms (cache hit)
3062 silly packumentCache full:https://registry.npmjs.org/@types%2fnode set size:10939971 disposed:false
3063 silly fetch manifest is-npm@1.0.0
3064 silly packumentCache full:https://registry.npmjs.org/is-npm cache-miss
3065 http fetch GET 200 https://registry.npmjs.org/shebang-command 309ms (cache hit)
3066 silly packumentCache full:https://registry.npmjs.org/shebang-command set size:8525 disposed:false
3067 silly fetch manifest configstore@3.1.5
3068 silly packumentCache full:https://registry.npmjs.org/configstore cache-miss
3069 http fetch GET 200 https://registry.npmjs.org/is-ci 252ms (cache hit)
3070 silly packumentCache full:https://registry.npmjs.org/is-ci set size:35380 disposed:false
3071 silly fetch manifest import-lazy@2.1.0
3072 silly packumentCache full:https://registry.npmjs.org/import-lazy cache-miss
3073 http fetch GET 200 https://registry.npmjs.org/shell-quote 335ms (cache miss)
3074 silly packumentCache full:https://registry.npmjs.org/shell-quote set size:undefined disposed:false
3075 silly fetch manifest semver-diff@2.1.0
3076 silly packumentCache full:https://registry.npmjs.org/semver-diff cache-miss
3077 http fetch GET 200 https://registry.npmjs.org/ws 358ms (cache miss)
3078 silly packumentCache full:https://registry.npmjs.org/ws set size:undefined disposed:false
3079 silly fetch manifest xdg-basedir@3.0.0
3080 silly packumentCache full:https://registry.npmjs.org/xdg-basedir cache-miss
3081 http fetch GET 200 https://registry.npmjs.org/configstore 83ms (cache miss)
3082 silly packumentCache full:https://registry.npmjs.org/configstore set size:undefined disposed:false
3083 silly fetch manifest latest-version@3.1.0
3084 silly packumentCache full:https://registry.npmjs.org/latest-version cache-miss
3085 http fetch GET 200 https://registry.npmjs.org/import-lazy 101ms (cache miss)
3086 silly packumentCache full:https://registry.npmjs.org/import-lazy set size:undefined disposed:false
3087 silly fetch manifest is-installed-globally@0.1.0
3088 silly packumentCache full:https://registry.npmjs.org/is-installed-globally cache-miss
3089 http fetch GET 200 https://registry.npmjs.org/boxen 403ms (cache miss)
3090 silly packumentCache full:https://registry.npmjs.org/boxen set size:undefined disposed:false
3091 http fetch GET 200 https://registry.npmjs.org/xdg-basedir 117ms (cache miss)
3092 silly packumentCache full:https://registry.npmjs.org/xdg-basedir set size:undefined disposed:false
3093 http fetch GET 200 https://registry.npmjs.org/is-installed-globally 59ms (cache hit)
3094 silly packumentCache full:https://registry.npmjs.org/is-installed-globally set size:19693 disposed:false
3095 http fetch GET 200 https://registry.npmjs.org/is-npm 470ms (cache miss)
3096 silly packumentCache full:https://registry.npmjs.org/is-npm set size:undefined disposed:false
3097 http fetch GET 200 https://registry.npmjs.org/latest-version 388ms (cache miss)
3098 silly packumentCache full:https://registry.npmjs.org/latest-version set size:undefined disposed:false
3099 http fetch GET 200 https://registry.npmjs.org/semver-diff 427ms (cache miss)
3100 silly packumentCache full:https://registry.npmjs.org/semver-diff set size:undefined disposed:false
3101 http fetch GET 200 https://registry.npmjs.org/@electron%2fget 1052ms (cache miss)
3102 silly packumentCache full:https://registry.npmjs.org/@electron%2fget set size:undefined disposed:false
3103 silly placeDep ROOT @electron/get@1.14.1 OK for: electron@11.5.0 want: ^1.0.1
3104 silly placeDep node_modules/electron @types/node@12.20.55 OK for: electron@11.5.0 want: ^12.0.12
3105 silly placeDep node_modules/electron extract-zip@1.7.0 OK for: electron@11.5.0 want: ^1.0.3
3106 silly fetch manifest got@9.6.0
3107 silly packumentCache full:https://registry.npmjs.org/got cache-miss
3108 silly fetch manifest fs-extra@8.1.0
3109 silly packumentCache full:https://registry.npmjs.org/fs-extra cache-miss
3110 silly fetch manifest env-paths@2.2.1
3111 silly packumentCache full:https://registry.npmjs.org/env-paths cache-miss
3112 silly fetch manifest sumchecker@3.0.1
3113 silly packumentCache full:https://registry.npmjs.org/sumchecker cache-miss
3114 silly fetch manifest global-agent@3.0.0
3115 silly packumentCache full:https://registry.npmjs.org/global-agent cache-miss
3116 silly fetch manifest global-tunnel-ng@2.7.1
3117 silly packumentCache full:https://registry.npmjs.org/global-tunnel-ng cache-miss
3118 silly fetch manifest concat-stream@1.6.2
3119 silly packumentCache full:https://registry.npmjs.org/concat-stream cache-miss
3120 http fetch GET 200 https://registry.npmjs.org/fs-extra 68ms (cache hit)
3121 silly packumentCache full:https://registry.npmjs.org/fs-extra set size:232595 disposed:false
3122 silly fetch manifest debug@2.6.9
3123 silly packumentCache full:https://registry.npmjs.org/debug cache-hit
3124 silly fetch manifest mkdirp@0.5.6
3125 silly packumentCache full:https://registry.npmjs.org/mkdirp cache-miss
3126 http fetch GET 200 https://registry.npmjs.org/env-paths 129ms (cache miss)
3127 silly packumentCache full:https://registry.npmjs.org/env-paths set size:undefined disposed:false
3128 http fetch GET 200 https://registry.npmjs.org/concat-stream 120ms (cache miss)
3129 silly packumentCache full:https://registry.npmjs.org/concat-stream set size:undefined disposed:false
3130 http fetch GET 200 https://registry.npmjs.org/got 152ms (cache miss)
3131 silly packumentCache full:https://registry.npmjs.org/got set size:undefined disposed:false
3132 http fetch GET 200 https://registry.npmjs.org/global-agent 157ms (cache miss)
3133 silly packumentCache full:https://registry.npmjs.org/global-agent set size:undefined disposed:false
3134 http fetch GET 200 https://registry.npmjs.org/mkdirp 124ms (cache miss)
3135 silly packumentCache full:https://registry.npmjs.org/mkdirp set size:undefined disposed:false
3136 http fetch GET 200 https://registry.npmjs.org/sumchecker 458ms (cache miss)
3137 silly packumentCache full:https://registry.npmjs.org/sumchecker set size:undefined disposed:false
3138 http fetch GET 200 https://registry.npmjs.org/global-tunnel-ng 455ms (cache miss)
3139 silly packumentCache full:https://registry.npmjs.org/global-tunnel-ng set size:undefined disposed:false
3140 silly placeDep ROOT env-paths@2.2.1 OK for: @electron/get@1.14.1 want: ^2.2.0
3141 silly placeDep node_modules/@electron/get fs-extra@8.1.0 OK for: @electron/get@1.14.1 want: ^8.1.0
3142 silly placeDep ROOT global-agent@3.0.0 OK for: @electron/get@1.14.1 want: ^3.0.0
3143 silly placeDep ROOT global-tunnel-ng@2.7.1 OK for: @electron/get@1.14.1 want: ^2.7.1
3144 silly placeDep ROOT got@9.6.0 OK for: @electron/get@1.14.1 want: ^9.6.0
3145 silly placeDep ROOT sumchecker@3.0.1 OK for: @electron/get@1.14.1 want: ^3.0.1
3146 silly fetch manifest jsonfile@4.0.0
3147 silly packumentCache full:https://registry.npmjs.org/jsonfile cache-miss
3148 silly fetch manifest universalify@0.1.2
3149 silly packumentCache full:https://registry.npmjs.org/universalify cache-miss
3150 silly fetch manifest roarr@2.15.4
3151 silly packumentCache full:https://registry.npmjs.org/roarr cache-miss
3152 silly fetch manifest boolean@3.2.0
3153 silly packumentCache full:https://registry.npmjs.org/boolean cache-miss
3154 silly fetch manifest matcher@3.0.0
3155 silly packumentCache full:https://registry.npmjs.org/matcher cache-miss
3156 silly fetch manifest es6-error@4.1.1
3157 silly packumentCache full:https://registry.npmjs.org/es6-error cache-miss
3158 silly fetch manifest serialize-error@7.0.1
3159 silly packumentCache full:https://registry.npmjs.org/serialize-error cache-miss
3160 http fetch GET 200 https://registry.npmjs.org/jsonfile 63ms (cache hit)
3161 silly packumentCache full:https://registry.npmjs.org/jsonfile set size:51505 disposed:false
3162 silly fetch manifest encodeurl@1.0.2
3163 silly packumentCache full:https://registry.npmjs.org/encodeurl cache-miss
3164 http fetch GET 200 https://registry.npmjs.org/universalify 64ms (cache hit)
3165 silly packumentCache full:https://registry.npmjs.org/universalify set size:19431 disposed:false
3166 silly fetch manifest npm-conf@1.1.3
3167 silly packumentCache full:https://registry.npmjs.org/npm-conf cache-miss
3168 http fetch GET 200 https://registry.npmjs.org/encodeurl 71ms (cache miss)
3169 silly packumentCache full:https://registry.npmjs.org/encodeurl set size:undefined disposed:false
3170 silly fetch manifest tunnel@0.0.6
3171 silly packumentCache full:https://registry.npmjs.org/tunnel cache-miss
3172 http fetch GET 200 https://registry.npmjs.org/es6-error 101ms (cache miss)
3173 silly packumentCache full:https://registry.npmjs.org/es6-error set size:undefined disposed:false
3174 silly fetch manifest duplexer3@0.1.5
3175 silly packumentCache full:https://registry.npmjs.org/duplexer3 cache-miss
3176 http fetch GET 200 https://registry.npmjs.org/boolean 132ms (cache miss)
3177 silly packumentCache full:https://registry.npmjs.org/boolean set size:undefined disposed:false
3178 silly fetch manifest get-stream@4.1.0
3179 silly packumentCache full:https://registry.npmjs.org/get-stream cache-miss
3180 http fetch GET 200 https://registry.npmjs.org/matcher 132ms (cache miss)
3181 silly packumentCache full:https://registry.npmjs.org/matcher set size:undefined disposed:false
3182 silly fetch manifest p-cancelable@1.1.0
3183 silly packumentCache full:https://registry.npmjs.org/p-cancelable cache-miss
3184 http fetch GET 200 https://registry.npmjs.org/get-stream 16ms (cache hit)
3185 silly packumentCache full:https://registry.npmjs.org/get-stream set size:57536 disposed:false
3186 silly fetch manifest url-parse-lax@3.0.0
3187 silly packumentCache full:https://registry.npmjs.org/url-parse-lax cache-miss
3188 http fetch GET 200 https://registry.npmjs.org/tunnel 106ms (cache miss)
3189 silly packumentCache full:https://registry.npmjs.org/tunnel set size:undefined disposed:false
3190 silly fetch manifest lowercase-keys@1.0.1
3191 silly packumentCache full:https://registry.npmjs.org/lowercase-keys cache-miss
3192 http fetch GET 200 https://registry.npmjs.org/p-cancelable 135ms (cache miss)
3193 silly packumentCache full:https://registry.npmjs.org/p-cancelable set size:undefined disposed:false
3194 silly fetch manifest mimic-response@1.0.1
3195 silly packumentCache full:https://registry.npmjs.org/mimic-response cache-miss
3196 http fetch GET 200 https://registry.npmjs.org/lowercase-keys 192ms (cache miss)
3197 silly packumentCache full:https://registry.npmjs.org/lowercase-keys set size:undefined disposed:false
3198 silly fetch manifest @sindresorhus/is@0.14.0
3199 silly packumentCache full:https://registry.npmjs.org/@sindresorhus%2fis cache-miss
3200 http fetch GET 200 https://registry.npmjs.org/npm-conf 388ms (cache miss)
3201 silly packumentCache full:https://registry.npmjs.org/npm-conf set size:undefined disposed:false
3202 silly fetch manifest cacheable-request@6.1.0
3203 silly packumentCache full:https://registry.npmjs.org/cacheable-request cache-miss
3204 http fetch GET 200 https://registry.npmjs.org/serialize-error 451ms (cache miss)
3205 silly packumentCache full:https://registry.npmjs.org/serialize-error set size:undefined disposed:false
3206 silly fetch manifest to-readable-stream@1.0.0
3207 silly packumentCache full:https://registry.npmjs.org/to-readable-stream cache-miss
3208 http fetch GET 200 https://registry.npmjs.org/mimic-response 229ms (cache miss)
3209 silly packumentCache full:https://registry.npmjs.org/mimic-response set size:undefined disposed:false
3210 silly fetch manifest decompress-response@3.3.0
3211 silly packumentCache full:https://registry.npmjs.org/decompress-response cache-miss
3212 http fetch GET 200 https://registry.npmjs.org/roarr 535ms (cache miss)
3213 silly packumentCache full:https://registry.npmjs.org/roarr set size:undefined disposed:false
3214 silly fetch manifest @szmarczak/http-timer@1.1.2
3215 silly packumentCache full:https://registry.npmjs.org/@szmarczak%2fhttp-timer cache-miss
3216 http fetch GET 200 https://registry.npmjs.org/cacheable-request 140ms (cache miss)
3217 silly packumentCache full:https://registry.npmjs.org/cacheable-request set size:undefined disposed:false
3218 http fetch GET 200 https://registry.npmjs.org/@sindresorhus%2fis 168ms (cache miss)
3219 silly packumentCache full:https://registry.npmjs.org/@sindresorhus%2fis set size:undefined disposed:false
3220 http fetch GET 200 https://registry.npmjs.org/decompress-response 115ms (cache miss)
3221 silly packumentCache full:https://registry.npmjs.org/decompress-response set size:undefined disposed:false
3222 http fetch GET 200 https://registry.npmjs.org/url-parse-lax 508ms (cache miss)
3223 silly packumentCache full:https://registry.npmjs.org/url-parse-lax set size:undefined disposed:false
3224 http fetch GET 200 https://registry.npmjs.org/to-readable-stream 462ms (cache miss)
3225 silly packumentCache full:https://registry.npmjs.org/to-readable-stream set size:undefined disposed:false
3226 http fetch GET 200 https://registry.npmjs.org/@szmarczak%2fhttp-timer 388ms (cache miss)
3227 silly packumentCache full:https://registry.npmjs.org/@szmarczak%2fhttp-timer set size:undefined disposed:false
3228 http fetch GET 200 https://registry.npmjs.org/duplexer3 1129ms (cache miss)
3229 silly packumentCache full:https://registry.npmjs.org/duplexer3 set size:undefined disposed:false
3230 silly placeDep ROOT boolean@3.2.0 OK for: global-agent@3.0.0 want: ^3.0.1
3231 silly placeDep ROOT es6-error@4.1.1 OK for: global-agent@3.0.0 want: ^4.1.1
3232 silly placeDep ROOT matcher@3.0.0 OK for: global-agent@3.0.0 want: ^3.0.0
3233 silly placeDep ROOT roarr@2.15.4 OK for: global-agent@3.0.0 want: ^2.15.3
3234 silly placeDep node_modules/global-agent semver@7.5.4 OK for: global-agent@3.0.0 want: ^7.3.2
3235 silly placeDep ROOT serialize-error@7.0.1 OK for: global-agent@3.0.0 want: ^7.0.1
3236 silly fetch manifest sprintf-js@1.1.2
3237 silly packumentCache full:https://registry.npmjs.org/sprintf-js cache-miss
3238 silly fetch manifest detect-node@2.1.0
3239 silly packumentCache full:https://registry.npmjs.org/detect-node cache-miss
3240 silly fetch manifest semver-compare@1.0.0
3241 silly packumentCache full:https://registry.npmjs.org/semver-compare cache-miss
3242 silly fetch manifest type-fest@0.13.1
3243 silly packumentCache full:https://registry.npmjs.org/type-fest cache-hit
3244 http fetch GET 200 https://registry.npmjs.org/sprintf-js 36ms (cache hit)
3245 silly packumentCache full:https://registry.npmjs.org/sprintf-js set size:20495 disposed:false
3246 http fetch GET 200 https://registry.npmjs.org/semver-compare 101ms (cache miss)
3247 silly packumentCache full:https://registry.npmjs.org/semver-compare set size:undefined disposed:false
3248 http fetch GET 200 https://registry.npmjs.org/detect-node 107ms (cache miss)
3249 silly packumentCache full:https://registry.npmjs.org/detect-node set size:undefined disposed:false
3250 silly placeDep ROOT encodeurl@1.0.2 OK for: global-tunnel-ng@2.7.1 want: ^1.0.2
3251 silly placeDep ROOT npm-conf@1.1.3 OK for: global-tunnel-ng@2.7.1 want: ^1.1.3
3252 silly placeDep ROOT tunnel@0.0.6 OK for: global-tunnel-ng@2.7.1 want: ^0.0.6
3253 silly fetch manifest config-chain@1.1.13
3254 silly packumentCache full:https://registry.npmjs.org/config-chain cache-miss
3255 silly fetch manifest pify@3.0.0
3256 silly packumentCache full:https://registry.npmjs.org/pify cache-miss
3257 http fetch GET 200 https://registry.npmjs.org/pify 13ms (cache hit)
3258 silly packumentCache full:https://registry.npmjs.org/pify set size:33583 disposed:false
3259 http fetch GET 200 https://registry.npmjs.org/config-chain 139ms (cache miss)
3260 silly packumentCache full:https://registry.npmjs.org/config-chain set size:undefined disposed:false
3261 silly placeDep ROOT @sindresorhus/is@0.14.0 OK for: got@9.6.0 want: ^0.14.0
3262 silly placeDep ROOT @szmarczak/http-timer@1.1.2 OK for: got@9.6.0 want: ^1.1.2
3263 silly placeDep ROOT cacheable-request@6.1.0 OK for: got@9.6.0 want: ^6.0.0
3264 silly placeDep ROOT decompress-response@3.3.0 OK for: got@9.6.0 want: ^3.3.0
3265 silly placeDep ROOT duplexer3@0.1.5 OK for: got@9.6.0 want: ^0.1.4
3266 silly placeDep node_modules/got get-stream@4.1.0 OK for: got@9.6.0 want: ^4.1.0
3267 silly placeDep ROOT lowercase-keys@1.0.1 OK for: got@9.6.0 want: ^1.0.1
3268 silly placeDep ROOT mimic-response@1.0.1 OK for: got@9.6.0 want: ^1.0.1
3269 silly placeDep ROOT p-cancelable@1.1.0 OK for: got@9.6.0 want: ^1.0.0
3270 silly placeDep ROOT to-readable-stream@1.0.0 OK for: got@9.6.0 want: ^1.0.0
3271 silly placeDep ROOT url-parse-lax@3.0.0 OK for: got@9.6.0 want: ^3.0.0
3272 silly fetch manifest defer-to-connect@1.1.3
3273 silly packumentCache full:https://registry.npmjs.org/defer-to-connect cache-miss
3274 silly fetch manifest keyv@3.1.0
3275 silly packumentCache full:https://registry.npmjs.org/keyv cache-miss
3276 silly fetch manifest responselike@1.0.2
3277 silly packumentCache full:https://registry.npmjs.org/responselike cache-miss
3278 silly fetch manifest normalize-url@4.5.1
3279 silly packumentCache full:https://registry.npmjs.org/normalize-url cache-miss
3280 silly fetch manifest clone-response@1.0.3
3281 silly packumentCache full:https://registry.npmjs.org/clone-response cache-miss
3282 silly fetch manifest lowercase-keys@2.0.0
3283 silly packumentCache full:https://registry.npmjs.org/lowercase-keys cache-miss
3284 silly fetch manifest http-cache-semantics@4.1.1
3285 silly packumentCache full:https://registry.npmjs.org/http-cache-semantics cache-miss
3286 http fetch GET 200 https://registry.npmjs.org/lowercase-keys 15ms (cache hit)
3287 silly packumentCache full:https://registry.npmjs.org/lowercase-keys set size:13863 disposed:false
3288 silly fetch manifest prepend-http@2.0.0
3289 silly packumentCache full:https://registry.npmjs.org/prepend-http cache-miss
3290 http fetch GET 200 https://registry.npmjs.org/clone-response 114ms (cache miss)
3291 silly packumentCache full:https://registry.npmjs.org/clone-response set size:undefined disposed:false
3292 http fetch GET 200 https://registry.npmjs.org/defer-to-connect 135ms (cache miss)
3293 silly packumentCache full:https://registry.npmjs.org/defer-to-connect set size:undefined disposed:false
3294 http fetch GET 200 https://registry.npmjs.org/http-cache-semantics 118ms (cache miss)
3295 silly packumentCache full:https://registry.npmjs.org/http-cache-semantics set size:undefined disposed:false
3296 http fetch GET 200 https://registry.npmjs.org/normalize-url 137ms (cache miss)
3297 silly packumentCache full:https://registry.npmjs.org/normalize-url set size:undefined disposed:false
3298 http fetch GET 200 https://registry.npmjs.org/keyv 153ms (cache miss)
3299 silly packumentCache full:https://registry.npmjs.org/keyv set size:undefined disposed:false
3300 http fetch GET 200 https://registry.npmjs.org/responselike 577ms (cache miss)
3301 silly packumentCache full:https://registry.npmjs.org/responselike set size:undefined disposed:false
3302 http fetch GET 200 https://registry.npmjs.org/prepend-http 938ms (cache miss)
3303 silly packumentCache full:https://registry.npmjs.org/prepend-http set size:undefined disposed:false
3304 silly placeDep ROOT defer-to-connect@1.1.3 OK for: @szmarczak/http-timer@1.1.2 want: ^1.0.1
3305 silly placeDep ROOT clone-response@1.0.3 OK for: cacheable-request@6.1.0 want: ^1.0.2
3306 silly placeDep ROOT http-cache-semantics@4.1.1 OK for: cacheable-request@6.1.0 want: ^4.0.0
3307 silly placeDep ROOT keyv@3.1.0 OK for: cacheable-request@6.1.0 want: ^3.0.0
3308 silly placeDep node_modules/cacheable-request lowercase-keys@2.0.0 OK for: cacheable-request@6.1.0 want: ^2.0.0
3309 silly placeDep ROOT normalize-url@4.5.1 OK for: cacheable-request@6.1.0 want: ^4.1.0
3310 silly placeDep ROOT responselike@1.0.2 OK for: cacheable-request@6.1.0 want: ^1.0.2
3311 silly fetch manifest json-buffer@3.0.0
3312 silly packumentCache full:https://registry.npmjs.org/json-buffer cache-miss
3313 http fetch GET 200 https://registry.npmjs.org/json-buffer 397ms (cache miss)
3314 silly packumentCache full:https://registry.npmjs.org/json-buffer set size:undefined disposed:false
3315 silly placeDep ROOT json-buffer@3.0.0 OK for: keyv@3.1.0 want: 3.0.0
3316 silly placeDep node_modules/matcher escape-string-regexp@4.0.0 OK for: matcher@3.0.0 want: ^4.0.0
3317 silly placeDep ROOT config-chain@1.1.13 OK for: npm-conf@1.1.3 want: ^1.1.11
3318 silly placeDep node_modules/npm-conf pify@3.0.0 OK for: npm-conf@1.1.3 want: ^3.0.0
3319 silly fetch manifest proto-list@1.2.4
3320 silly packumentCache full:https://registry.npmjs.org/proto-list cache-miss
3321 silly fetch manifest ini@1.3.8
3322 silly packumentCache full:https://registry.npmjs.org/ini cache-miss
3323 http fetch GET 200 https://registry.npmjs.org/ini 20ms (cache hit)
3324 silly packumentCache full:https://registry.npmjs.org/ini set size:56961 disposed:false
3325 http fetch GET 200 https://registry.npmjs.org/proto-list 390ms (cache miss)
3326 silly packumentCache full:https://registry.npmjs.org/proto-list set size:undefined disposed:false
3327 silly placeDep node_modules/config-chain ini@1.3.8 OK for: config-chain@1.1.13 want: ^1.3.4
3328 silly placeDep ROOT proto-list@1.2.4 OK for: config-chain@1.1.13 want: ~1.2.1
3329 silly fetch manifest bufferutil@^4.0.1
3330 silly packumentCache full:https://registry.npmjs.org/bufferutil cache-miss
3331 http fetch GET 200 https://registry.npmjs.org/bufferutil 199ms (cache miss)
3332 silly packumentCache full:https://registry.npmjs.org/bufferutil set size:undefined disposed:false
3333 silly fetch manifest utf-8-validate@^5.0.2
3334 silly packumentCache full:https://registry.npmjs.org/utf-8-validate cache-miss
3335 http fetch GET 200 https://registry.npmjs.org/utf-8-validate 147ms (cache miss)
3336 silly packumentCache full:https://registry.npmjs.org/utf-8-validate set size:undefined disposed:false
3337 silly placeDep ROOT shell-quote@1.8.0 OK for: react-devtools-core@4.27.2 want: ^1.6.1
3338 silly placeDep ROOT ws@7.5.10 OK for: react-devtools-core@4.27.2 want: ^7
3339 silly placeDep ROOT scheduler@0.20.2 OK for: react-dom@17.0.2 want: ^0.20.2
3340 silly placeDep ROOT lodash.isequal@4.5.0 OK for: react-grid-layout@0.16.6 want: ^4.0.0
3341 silly placeDep ROOT react-draggable@3.3.2 OK for: react-grid-layout@0.16.6 want: 3.x
3342 silly placeDep ROOT react-resizable@1.11.1 OK for: react-grid-layout@0.16.6 want: 1.x
3343 silly fetch manifest react-draggable@4.4.5
3344 silly packumentCache full:https://registry.npmjs.org/react-draggable cache-miss
3345 http fetch GET 200 https://registry.npmjs.org/react-draggable 14ms (cache hit)
3346 silly packumentCache full:https://registry.npmjs.org/react-draggable set size:249872 disposed:false
3347 silly placeDep ROOT exenv@1.2.2 OK for: react-modal@3.16.1 want: ^1.2.0
3348 silly placeDep node_modules/react-modal warning@4.0.3 OK for: react-modal@3.16.1 want: ^4.0.3
3349 silly placeDep node_modules/react-resizable react-draggable@4.4.5 OK for: react-resizable@1.11.1 want: ^4.0.3
3350 silly fetch manifest clsx@1.2.1
3351 silly packumentCache full:https://registry.npmjs.org/clsx cache-miss
3352 http fetch GET 200 https://registry.npmjs.org/clsx 87ms (cache miss)
3353 silly packumentCache full:https://registry.npmjs.org/clsx set size:undefined disposed:false
3354 silly placeDep ROOT @babel/regjsgen@0.8.0 OK for: regexpu-core@5.3.2 want: ^0.8.0
3355 silly placeDep ROOT regenerate@1.4.2 OK for: regexpu-core@5.3.2 want: ^1.4.2
3356 silly placeDep ROOT regenerate-unicode-properties@10.1.0 OK for: regexpu-core@5.3.2 want: ^10.1.0
3357 silly placeDep ROOT regjsparser@0.9.1 OK for: regexpu-core@5.3.2 want: ^0.9.1
3358 silly placeDep ROOT unicode-match-property-ecmascript@2.0.0 OK for: regexpu-core@5.3.2 want: ^2.0.0
3359 silly placeDep ROOT unicode-match-property-value-ecmascript@2.1.0 OK for: regexpu-core@5.3.2 want: ^2.1.0
3360 silly fetch manifest jsesc@0.5.0
3361 silly packumentCache full:https://registry.npmjs.org/jsesc cache-miss
3362 silly fetch manifest unicode-canonical-property-names-ecmascript@2.0.0
3363 silly packumentCache full:https://registry.npmjs.org/unicode-canonical-property-names-ecmascript cache-miss
3364 silly fetch manifest unicode-property-aliases-ecmascript@2.1.0
3365 silly packumentCache full:https://registry.npmjs.org/unicode-property-aliases-ecmascript cache-miss
3366 http fetch GET 200 https://registry.npmjs.org/jsesc 16ms (cache hit)
3367 silly packumentCache full:https://registry.npmjs.org/jsesc set size:61512 disposed:false
3368 http fetch GET 200 https://registry.npmjs.org/unicode-property-aliases-ecmascript 859ms (cache miss)
3369 silly packumentCache full:https://registry.npmjs.org/unicode-property-aliases-ecmascript set size:undefined disposed:false
3370 http fetch GET 200 https://registry.npmjs.org/unicode-canonical-property-names-ecmascript 891ms (cache miss)
3371 silly packumentCache full:https://registry.npmjs.org/unicode-canonical-property-names-ecmascript set size:undefined disposed:false
3372 silly placeDep node_modules/regjsparser jsesc@0.5.0 OK for: regjsparser@0.9.1 want: ~0.5.0
3373 silly placeDep ROOT throttleit@1.0.0 OK for: request-progress@3.0.0 want: ^1.0.0
3374 silly placeDep ROOT is-core-module@2.11.0 OK for: resolve@1.22.1 want: ^2.9.0
3375 silly placeDep ROOT path-parse@1.0.7 OK for: resolve@1.22.1 want: ^1.0.7
3376 silly placeDep ROOT supports-preserve-symlinks-flag@1.0.0 OK for: resolve@1.22.1 want: ^1.0.0
3377 silly placeDep ROOT glob@7.2.3 OK for: rimraf@3.0.2 want: ^7.1.3
3378 silly fetch manifest inflight@1.0.6
3379 silly packumentCache full:https://registry.npmjs.org/inflight cache-miss
3380 silly fetch manifest fs.realpath@1.0.0
3381 silly packumentCache full:https://registry.npmjs.org/fs.realpath cache-miss
3382 silly fetch manifest path-is-absolute@1.0.1
3383 silly packumentCache full:https://registry.npmjs.org/path-is-absolute cache-miss
3384 http fetch GET 200 https://registry.npmjs.org/inflight 122ms (cache miss)
3385 silly packumentCache full:https://registry.npmjs.org/inflight set size:undefined disposed:false
3386 http fetch GET 200 https://registry.npmjs.org/fs.realpath 122ms (cache miss)
3387 silly packumentCache full:https://registry.npmjs.org/fs.realpath set size:undefined disposed:false
3388 http fetch GET 200 https://registry.npmjs.org/path-is-absolute 122ms (cache miss)
3389 silly packumentCache full:https://registry.npmjs.org/path-is-absolute set size:undefined disposed:false
3390 silly placeDep ROOT fs.realpath@1.0.0 OK for: glob@7.2.3 want: ^1.0.0
3391 silly placeDep ROOT inflight@1.0.6 OK for: glob@7.2.3 want: ^1.0.4
3392 silly placeDep ROOT inherits@2.0.4 OK for: glob@7.2.3 want: 2
3393 silly placeDep ROOT path-is-absolute@1.0.1 OK for: glob@7.2.3 want: ^1.0.0
3394 silly placeDep ROOT detect-node@2.1.0 OK for: roarr@2.15.4 want: ^2.0.4
3395 silly placeDep ROOT semver-compare@1.0.0 OK for: roarr@2.15.4 want: ^1.0.0
3396 silly placeDep node_modules/roarr sprintf-js@1.1.2 OK for: roarr@2.15.4 want: ^1.1.2
3397 silly placeDep ROOT tslib@2.5.0 OK for: rxjs@7.8.0 want: ^2.1.0
3398 silly placeDep ROOT @types/json-schema@7.0.15 OK for: schema-utils@2.7.1 want: ^7.0.5
3399 silly placeDep ROOT ajv-keywords@3.5.2 OK for: schema-utils@2.7.1 want: ^3.5.2
3400 silly placeDep node_modules/serialize-error type-fest@0.13.1 OK for: serialize-error@7.0.1 want: ^0.13.1
3401 silly placeDep ROOT shebang-regex@3.0.0 OK for: shebang-command@2.0.0 want: ^3.0.0
3402 silly placeDep node_modules/slice-ansi ansi-styles@4.3.0 OK for: slice-ansi@3.0.0 want: ^4.0.0
3403 silly placeDep ROOT astral-regex@2.0.0 OK for: slice-ansi@3.0.0 want: ^2.0.0
3404 silly placeDep ROOT is-fullwidth-code-point@3.0.0 OK for: slice-ansi@3.0.0 want: ^3.0.0
3405 silly fetch manifest color-convert@2.0.1
3406 silly packumentCache full:https://registry.npmjs.org/color-convert cache-miss
3407 http fetch GET 200 https://registry.npmjs.org/color-convert 16ms (cache hit)
3408 silly packumentCache full:https://registry.npmjs.org/color-convert set size:72663 disposed:false
3409 silly placeDep ROOT asn1@0.2.6 OK for: sshpk@1.17.0 want: ~0.2.3
3410 silly placeDep ROOT bcrypt-pbkdf@1.0.2 OK for: sshpk@1.17.0 want: ^1.0.0
3411 silly placeDep ROOT dashdash@1.14.1 OK for: sshpk@1.17.0 want: ^1.12.0
3412 silly placeDep ROOT ecc-jsbn@0.1.2 OK for: sshpk@1.17.0 want: ~0.1.1
3413 silly placeDep ROOT getpass@0.1.7 OK for: sshpk@1.17.0 want: ^0.1.1
3414 silly placeDep ROOT jsbn@0.1.1 OK for: sshpk@1.17.0 want: ~0.1.0
3415 silly placeDep ROOT safer-buffer@2.1.2 OK for: sshpk@1.17.0 want: ^2.0.2
3416 silly placeDep ROOT tweetnacl@0.14.5 OK for: sshpk@1.17.0 want: ~0.14.0
3417 silly placeDep ROOT readable-stream@3.6.0 OK for: stream-browserify@3.0.0 want: ^3.5.0
3418 silly fetch manifest string_decoder@1.3.0
3419 silly packumentCache full:https://registry.npmjs.org/string_decoder cache-miss
3420 http fetch GET 200 https://registry.npmjs.org/string_decoder 78ms (cache miss)
3421 silly packumentCache full:https://registry.npmjs.org/string_decoder set size:undefined disposed:false
3422 silly placeDep ROOT string_decoder@1.3.0 OK for: readable-stream@3.6.0 want: ^1.1.1
3423 silly placeDep ROOT builtin-status-codes@3.0.0 OK for: stream-http@3.2.0 want: ^3.0.0
3424 silly placeDep ROOT xtend@4.0.2 OK for: stream-http@3.2.0 want: ^4.0.2
3425 silly placeDep node_modules/string-width emoji-regex@8.0.0 OK for: string-width@4.2.3 want: ^8.0.0
3426 silly placeDep ROOT ansi-regex@5.0.1 OK for: strip-ansi@6.0.1 want: ^5.0.1
3427 silly placeDep ROOT has-flag@3.0.0 OK for: supports-color@5.5.0 want: ^3.0.0
3428 silly placeDep node_modules/table ajv@8.12.0 OK for: table@6.8.1 want: ^8.0.1
3429 silly placeDep ROOT lodash.truncate@4.4.2 OK for: table@6.8.1 want: ^4.4.2
3430 silly placeDep node_modules/table slice-ansi@4.0.0 OK for: table@6.8.1 want: ^4.0.0
3431 silly fetch manifest require-from-string@2.0.2
3432 silly packumentCache full:https://registry.npmjs.org/require-from-string cache-miss
3433 silly fetch manifest json-schema-traverse@1.0.0
3434 silly packumentCache full:https://registry.npmjs.org/json-schema-traverse cache-miss
3435 http fetch GET 200 https://registry.npmjs.org/json-schema-traverse 6ms (cache hit)
3436 silly packumentCache full:https://registry.npmjs.org/json-schema-traverse set size:23537 disposed:false
3437 http fetch GET 200 https://registry.npmjs.org/require-from-string 83ms (cache miss)
3438 silly packumentCache full:https://registry.npmjs.org/require-from-string set size:undefined disposed:false
3439 silly placeDep ROOT psl@1.9.0 OK for: tough-cookie@2.5.0 want: ^1.1.28
3440 silly placeDep ROOT punycode@2.3.0 OK for: tough-cookie@2.5.0 want: ^2.1.1
3441 silly placeDep ROOT has-bigints@1.0.2 OK for: unbox-primitive@1.0.2 want: ^1.0.2
3442 silly placeDep ROOT unicode-canonical-property-names-ecmascript@2.0.0 OK for: unicode-match-property-ecmascript@2.0.0 want: ^2.0.0
3443 silly placeDep ROOT unicode-property-aliases-ecmascript@2.1.0 OK for: unicode-match-property-ecmascript@2.0.0 want: ^2.0.0
3444 silly placeDep ROOT escalade@3.2.0 OK for: update-browserslist-db@1.2.3 want: ^3.2.0
3445 silly placeDep ROOT boxen@1.3.0 OK for: update-notifier@2.5.0 want: ^1.2.1
3446 silly placeDep ROOT configstore@3.1.5 OK for: update-notifier@2.5.0 want: ^3.0.0
3447 silly placeDep ROOT import-lazy@2.1.0 OK for: update-notifier@2.5.0 want: ^2.1.0
3448 silly placeDep node_modules/update-notifier is-ci@1.2.1 OK for: update-notifier@2.5.0 want: ^1.0.10
3449 silly placeDep node_modules/update-notifier is-installed-globally@0.1.0 OK for: update-notifier@2.5.0 want: ^0.1.0
3450 silly placeDep ROOT is-npm@1.0.0 OK for: update-notifier@2.5.0 want: ^1.0.0
3451 silly placeDep ROOT latest-version@3.1.0 OK for: update-notifier@2.5.0 want: ^3.0.0
3452 silly placeDep ROOT semver-diff@2.1.0 OK for: update-notifier@2.5.0 want: ^2.0.0
3453 silly placeDep ROOT xdg-basedir@3.0.0 OK for: update-notifier@2.5.0 want: ^3.0.0
3454 silly fetch manifest camelcase@4.1.0
3455 silly packumentCache full:https://registry.npmjs.org/camelcase cache-miss
3456 silly fetch manifest cli-boxes@1.0.0
3457 silly packumentCache full:https://registry.npmjs.org/cli-boxes cache-miss
3458 silly fetch manifest term-size@1.2.0
3459 silly packumentCache full:https://registry.npmjs.org/term-size cache-miss
3460 silly fetch manifest ansi-align@2.0.0
3461 silly packumentCache full:https://registry.npmjs.org/ansi-align cache-miss
3462 silly fetch manifest widest-line@2.0.1
3463 silly packumentCache full:https://registry.npmjs.org/widest-line cache-miss
3464 silly fetch manifest string-width@2.1.1
3465 silly packumentCache full:https://registry.npmjs.org/string-width cache-miss
3466 silly fetch manifest dot-prop@4.2.1
3467 silly packumentCache full:https://registry.npmjs.org/dot-prop cache-miss
3468 http fetch GET 200 https://registry.npmjs.org/string-width 44ms (cache hit)
3469 silly packumentCache full:https://registry.npmjs.org/string-width set size:68305 disposed:false
3470 silly fetch manifest make-dir@1.3.0
3471 silly packumentCache full:https://registry.npmjs.org/make-dir cache-miss
3472 http fetch GET 200 https://registry.npmjs.org/make-dir 11ms (cache hit)
3473 silly packumentCache full:https://registry.npmjs.org/make-dir set size:34889 disposed:false
3474 silly fetch manifest unique-string@1.0.0
3475 silly packumentCache full:https://registry.npmjs.org/unique-string cache-miss
3476 http fetch GET 200 https://registry.npmjs.org/ansi-align 137ms (cache miss)
3477 silly packumentCache full:https://registry.npmjs.org/ansi-align set size:undefined disposed:false
3478 silly fetch manifest write-file-atomic@2.4.3
3479 silly packumentCache full:https://registry.npmjs.org/write-file-atomic cache-miss
3480 http fetch GET 200 https://registry.npmjs.org/camelcase 158ms (cache miss)
3481 silly packumentCache full:https://registry.npmjs.org/camelcase set size:undefined disposed:false
3482 silly fetch manifest ci-info@1.6.0
3483 silly packumentCache full:https://registry.npmjs.org/ci-info cache-miss
3484 http fetch GET 200 https://registry.npmjs.org/ci-info 11ms (cache hit)
3485 silly packumentCache full:https://registry.npmjs.org/ci-info set size:91363 disposed:false
3486 silly fetch manifest global-dirs@0.1.1
3487 silly packumentCache full:https://registry.npmjs.org/global-dirs cache-miss
3488 http fetch GET 200 https://registry.npmjs.org/dot-prop 192ms (cache miss)
3489 silly packumentCache full:https://registry.npmjs.org/dot-prop set size:undefined disposed:false
3490 silly fetch manifest is-path-inside@1.0.1
3491 silly packumentCache full:https://registry.npmjs.org/is-path-inside cache-miss
3492 http fetch GET 200 https://registry.npmjs.org/global-dirs 29ms (cache hit)
3493 silly packumentCache full:https://registry.npmjs.org/global-dirs set size:24765 disposed:false
3494 silly fetch manifest package-json@4.0.1
3495 silly packumentCache full:https://registry.npmjs.org/package-json cache-miss
3496 http fetch GET 200 https://registry.npmjs.org/unique-string 138ms (cache miss)
3497 silly packumentCache full:https://registry.npmjs.org/unique-string set size:undefined disposed:false
3498 silly fetch manifest semver@5.7.2
3499 silly packumentCache full:https://registry.npmjs.org/semver cache-hit
3500 http fetch GET 200 https://registry.npmjs.org/is-path-inside 18ms (cache hit)
3501 silly packumentCache full:https://registry.npmjs.org/is-path-inside set size:23585 disposed:false
3502 http fetch GET 200 https://registry.npmjs.org/write-file-atomic 146ms (cache miss)
3503 silly packumentCache full:https://registry.npmjs.org/write-file-atomic set size:undefined disposed:false
3504 http fetch GET 200 https://registry.npmjs.org/term-size 414ms (cache miss)
3505 silly packumentCache full:https://registry.npmjs.org/term-size set size:undefined disposed:false
3506 http fetch GET 200 https://registry.npmjs.org/cli-boxes 1060ms (cache miss)
3507 silly packumentCache full:https://registry.npmjs.org/cli-boxes set size:undefined disposed:false
3508 http fetch GET 200 https://registry.npmjs.org/widest-line 1062ms (cache miss)
3509 silly packumentCache full:https://registry.npmjs.org/widest-line set size:undefined disposed:false
3510 http fetch GET 200 https://registry.npmjs.org/package-json 982ms (cache miss)
3511 silly packumentCache full:https://registry.npmjs.org/package-json set size:undefined disposed:false
3512 silly placeDep ROOT ansi-align@2.0.0 OK for: boxen@1.3.0 want: ^2.0.0
3513 silly placeDep ROOT camelcase@4.1.0 OK for: boxen@1.3.0 want: ^4.0.0
3514 silly placeDep ROOT cli-boxes@1.0.0 OK for: boxen@1.3.0 want: ^1.0.0
3515 silly placeDep node_modules/boxen string-width@2.1.1 OK for: boxen@1.3.0 want: ^2.0.0
3516 silly placeDep ROOT term-size@1.2.0 OK for: boxen@1.3.0 want: ^1.2.0
3517 silly placeDep ROOT widest-line@2.0.1 OK for: boxen@1.3.0 want: ^2.0.0
3518 silly fetch manifest strip-ansi@4.0.0
3519 silly packumentCache full:https://registry.npmjs.org/strip-ansi cache-miss
3520 silly fetch manifest is-fullwidth-code-point@2.0.0
3521 silly packumentCache full:https://registry.npmjs.org/is-fullwidth-code-point cache-miss
3522 silly fetch manifest execa@0.7.0
3523 silly packumentCache full:https://registry.npmjs.org/execa cache-miss
3524 http fetch GET 200 https://registry.npmjs.org/strip-ansi 33ms (cache hit)
3525 silly packumentCache full:https://registry.npmjs.org/strip-ansi set size:44998 disposed:false
3526 http fetch GET 200 https://registry.npmjs.org/is-fullwidth-code-point 33ms (cache hit)
3527 silly packumentCache full:https://registry.npmjs.org/is-fullwidth-code-point set size:14578 disposed:false
3528 http fetch GET 200 https://registry.npmjs.org/execa 34ms (cache hit)
3529 silly packumentCache full:https://registry.npmjs.org/execa set size:181234 disposed:false
3530 silly placeDep node_modules/ansi-align string-width@2.1.1 OK for: ansi-align@2.0.0 want: ^2.0.0
3531 silly placeDep ROOT dot-prop@4.2.1 OK for: configstore@3.1.5 want: ^4.2.1
3532 silly placeDep node_modules/configstore make-dir@1.3.0 OK for: configstore@3.1.5 want: ^1.0.0
3533 silly placeDep ROOT unique-string@1.0.0 OK for: configstore@3.1.5 want: ^1.0.0
3534 silly placeDep ROOT write-file-atomic@2.4.3 OK for: configstore@3.1.5 want: ^2.0.0
3535 silly fetch manifest is-obj@1.0.1
3536 silly packumentCache full:https://registry.npmjs.org/is-obj cache-miss
3537 silly fetch manifest crypto-random-string@1.0.0
3538 silly packumentCache full:https://registry.npmjs.org/crypto-random-string cache-miss
3539 http fetch GET 200 https://registry.npmjs.org/is-obj 100ms (cache miss)
3540 silly packumentCache full:https://registry.npmjs.org/is-obj set size:undefined disposed:false
3541 http fetch GET 200 https://registry.npmjs.org/crypto-random-string 102ms (cache miss)
3542 silly packumentCache full:https://registry.npmjs.org/crypto-random-string set size:undefined disposed:false
3543 silly placeDep ROOT is-obj@1.0.1 OK for: dot-prop@4.2.1 want: ^1.0.0
3544 silly placeDep ROOT package-json@4.0.1 OK for: latest-version@3.1.0 want: ^4.0.0
3545 silly fetch manifest got@6.7.1
3546 silly packumentCache full:https://registry.npmjs.org/got cache-miss
3547 silly fetch manifest registry-url@3.1.0
3548 silly packumentCache full:https://registry.npmjs.org/registry-url cache-miss
3549 silly fetch manifest registry-auth-token@3.4.0
3550 silly packumentCache full:https://registry.npmjs.org/registry-auth-token cache-miss
3551 http fetch GET 200 https://registry.npmjs.org/got 19ms (cache hit)
3552 silly packumentCache full:https://registry.npmjs.org/got set size:662341 disposed:false
3553 http fetch GET 200 https://registry.npmjs.org/registry-url 144ms (cache miss)
3554 silly packumentCache full:https://registry.npmjs.org/registry-url set size:undefined disposed:false
3555 http fetch GET 200 https://registry.npmjs.org/registry-auth-token 150ms (cache miss)
3556 silly packumentCache full:https://registry.npmjs.org/registry-auth-token set size:undefined disposed:false
3557 silly placeDep node_modules/package-json got@6.7.1 OK for: package-json@4.0.1 want: ^6.7.1
3558 silly placeDep ROOT registry-auth-token@3.4.0 OK for: package-json@4.0.1 want: ^3.0.1
3559 silly placeDep ROOT registry-url@3.1.0 OK for: package-json@4.0.1 want: ^3.0.3
3560 silly placeDep node_modules/package-json semver@5.7.2 OK for: package-json@4.0.1 want: ^5.1.0
3561 silly fetch manifest is-stream@1.1.0
3562 silly packumentCache full:https://registry.npmjs.org/is-stream cache-miss
3563 silly fetch manifest timed-out@4.0.1
3564 silly packumentCache full:https://registry.npmjs.org/timed-out cache-miss
3565 silly fetch manifest get-stream@3.0.0
3566 silly packumentCache full:https://registry.npmjs.org/get-stream cache-hit
3567 silly fetch manifest is-redirect@1.0.0
3568 silly packumentCache full:https://registry.npmjs.org/is-redirect cache-miss
3569 silly fetch manifest url-parse-lax@1.0.0
3570 silly packumentCache full:https://registry.npmjs.org/url-parse-lax cache-miss
3571 silly fetch manifest unzip-response@2.0.1
3572 silly packumentCache full:https://registry.npmjs.org/unzip-response cache-miss
3573 silly fetch manifest is-retry-allowed@1.2.0
3574 silly packumentCache full:https://registry.npmjs.org/is-retry-allowed cache-miss
3575 silly fetch manifest create-error-class@3.0.2
3576 silly packumentCache full:https://registry.npmjs.org/create-error-class cache-miss
3577 http fetch GET 200 https://registry.npmjs.org/url-parse-lax 62ms (cache hit)
3578 silly packumentCache full:https://registry.npmjs.org/url-parse-lax set size:14968 disposed:false
3579 silly fetch manifest rc@1.2.8
3580 silly packumentCache full:https://registry.npmjs.org/rc cache-miss
3581 http fetch GET 200 https://registry.npmjs.org/is-stream 85ms (cache hit)
3582 silly packumentCache full:https://registry.npmjs.org/is-stream set size:18582 disposed:false
3583 silly fetch manifest rc@1.2.8
3584 silly packumentCache full:https://registry.npmjs.org/rc cache-miss
3585 http fetch GET 200 https://registry.npmjs.org/rc 105ms (cache miss)
3586 silly packumentCache full:https://registry.npmjs.org/rc set size:undefined disposed:false
3587 http fetch GET 200 https://registry.npmjs.org/rc 120ms (cache miss)
3588 silly packumentCache full:https://registry.npmjs.org/rc set size:undefined disposed:false
3589 http fetch GET 200 https://registry.npmjs.org/unzip-response 503ms (cache miss)
3590 silly packumentCache full:https://registry.npmjs.org/unzip-response set size:undefined disposed:false
3591 http fetch GET 200 https://registry.npmjs.org/is-retry-allowed 501ms (cache miss)
3592 silly packumentCache full:https://registry.npmjs.org/is-retry-allowed set size:undefined disposed:false
3593 http fetch GET 200 https://registry.npmjs.org/is-redirect 1157ms (cache miss)
3594 silly packumentCache full:https://registry.npmjs.org/is-redirect set size:undefined disposed:false
3595 http fetch GET 200 https://registry.npmjs.org/timed-out 1166ms (cache miss)
3596 silly packumentCache full:https://registry.npmjs.org/timed-out set size:undefined disposed:false
3597 http fetch GET 200 https://registry.npmjs.org/create-error-class 1140ms (cache miss)
3598 silly packumentCache full:https://registry.npmjs.org/create-error-class set size:undefined disposed:false
3599 silly placeDep ROOT rc@1.2.8 OK for: registry-auth-token@3.4.0 want: ^1.1.6
3600 silly fetch manifest deep-extend@0.6.0
3601 silly packumentCache full:https://registry.npmjs.org/deep-extend cache-miss
3602 silly fetch manifest strip-json-comments@2.0.1
3603 silly packumentCache full:https://registry.npmjs.org/strip-json-comments cache-miss
3604 http fetch GET 200 https://registry.npmjs.org/strip-json-comments 10ms (cache hit)
3605 silly packumentCache full:https://registry.npmjs.org/strip-json-comments set size:43569 disposed:false
3606 http fetch GET 200 https://registry.npmjs.org/deep-extend 137ms (cache miss)
3607 silly packumentCache full:https://registry.npmjs.org/deep-extend set size:undefined disposed:false
3608 silly placeDep ROOT deep-extend@0.6.0 OK for: rc@1.2.8 want: ^0.6.0
3609 silly placeDep node_modules/rc ini@1.3.8 OK for: rc@1.2.8 want: ~1.3.0
3610 silly placeDep node_modules/rc strip-json-comments@2.0.1 OK for: rc@1.2.8 want: ~2.0.1
3611 silly placeDep node_modules/semver-diff semver@5.7.2 OK for: semver-diff@2.1.0 want: ^5.0.3
3612 silly placeDep node_modules/term-size execa@0.7.0 OK for: term-size@1.2.0 want: ^0.7.0
3613 silly fetch manifest p-finally@1.0.0
3614 silly packumentCache full:https://registry.npmjs.org/p-finally cache-miss
3615 silly fetch manifest strip-eof@1.0.0
3616 silly packumentCache full:https://registry.npmjs.org/strip-eof cache-miss
3617 silly fetch manifest npm-run-path@2.0.2
3618 silly packumentCache full:https://registry.npmjs.org/npm-run-path cache-miss
3619 http fetch GET 200 https://registry.npmjs.org/npm-run-path 32ms (cache hit)
3620 silly packumentCache full:https://registry.npmjs.org/npm-run-path set size:33596 disposed:false
3621 http fetch GET 200 https://registry.npmjs.org/p-finally 159ms (cache miss)
3622 silly packumentCache full:https://registry.npmjs.org/p-finally set size:undefined disposed:false
3623 http fetch GET 200 https://registry.npmjs.org/strip-eof 485ms (cache miss)
3624 silly packumentCache full:https://registry.npmjs.org/strip-eof set size:undefined disposed:false
3625 silly placeDep ROOT crypto-random-string@1.0.0 OK for: unique-string@1.0.0 want: ^1.0.0
3626 silly placeDep node_modules/url punycode@1.3.2 OK for: url@0.11.0 want: 1.3.2
3627 silly placeDep ROOT querystring@0.2.0 OK for: url@0.11.0 want: 0.2.0
3628 silly placeDep ROOT prepend-http@2.0.0 OK for: url-parse-lax@3.0.0 want: ^2.0.0
3629 silly placeDep ROOT is-generator-function@1.0.10 OK for: util@0.12.5 want: ^1.0.7
3630 silly placeDep ROOT core-util-is@1.0.2 OK for: verror@1.10.0 want: 1.0.2
3631 silly placeDep ROOT @types/eslint-scope@3.7.7 OK for: webpack@5.104.1 want: ^3.7.7
3632 silly placeDep ROOT @types/estree@1.0.8 OK for: webpack@5.104.1 want: ^1.0.8
3633 silly placeDep ROOT @webassemblyjs/ast@1.14.1 OK for: webpack@5.104.1 want: ^1.14.1
3634 silly placeDep ROOT @webassemblyjs/wasm-edit@1.14.1 OK for: webpack@5.104.1 want: ^1.14.1
3635 silly placeDep ROOT @webassemblyjs/wasm-parser@1.14.1 OK for: webpack@5.104.1 want: ^1.14.1
3636 silly placeDep node_modules/webpack acorn@8.16.0 OK for: webpack@5.104.1 want: ^8.15.0
3637 silly placeDep node_modules/webpack acorn-import-phases@1.0.4 OK for: webpack@5.104.1 want: ^1.0.3
3638 silly placeDep ROOT chrome-trace-event@1.0.3 OK for: webpack@5.104.1 want: ^1.0.2
3639 silly placeDep ROOT enhanced-resolve@5.19.0 OK for: webpack@5.104.1 want: ^5.17.4
3640 silly placeDep ROOT es-module-lexer@2.0.0 OK for: webpack@5.104.1 want: ^2.0.0
3641 silly placeDep ROOT events@3.3.0 OK for: webpack@5.104.1 want: ^3.2.0
3642 silly placeDep ROOT glob-to-regexp@0.4.1 OK for: webpack@5.104.1 want: ^0.4.1
3643 silly placeDep ROOT json-parse-even-better-errors@2.3.1 OK for: webpack@5.104.1 want: ^2.3.1
3644 silly placeDep ROOT loader-runner@4.3.1 OK for: webpack@5.104.1 want: ^4.3.1
3645 silly placeDep ROOT neo-async@2.6.2 OK for: webpack@5.104.1 want: ^2.6.2
3646 silly placeDep node_modules/webpack schema-utils@4.3.3 OK for: webpack@5.104.1 want: ^4.3.3
3647 silly placeDep ROOT tapable@2.3.0 OK for: webpack@5.104.1 want: ^2.3.0
3648 silly placeDep ROOT terser-webpack-plugin@5.3.16 OK for: webpack@5.104.1 want: ^5.3.16
3649 silly placeDep ROOT watchpack@2.5.1 OK for: webpack@5.104.1 want: ^2.4.4
3650 silly placeDep ROOT webpack-sources@3.3.4 OK for: webpack@5.104.1 want: ^3.3.3
3651 silly fetch manifest @types/eslint@8.44.0
3652 silly packumentCache full:https://registry.npmjs.org/@types%2feslint cache-miss
3653 silly fetch manifest @webassemblyjs/helper-numbers@1.13.2
3654 silly packumentCache full:https://registry.npmjs.org/@webassemblyjs%2fhelper-numbers cache-miss
3655 silly fetch manifest @webassemblyjs/helper-wasm-bytecode@1.13.2
3656 silly packumentCache full:https://registry.npmjs.org/@webassemblyjs%2fhelper-wasm-bytecode cache-miss
3657 silly fetch manifest @webassemblyjs/helper-buffer@1.14.1
3658 silly packumentCache full:https://registry.npmjs.org/@webassemblyjs%2fhelper-buffer cache-miss
3659 silly fetch manifest @webassemblyjs/helper-wasm-bytecode@1.13.2
3660 silly packumentCache full:https://registry.npmjs.org/@webassemblyjs%2fhelper-wasm-bytecode cache-miss
3661 silly fetch manifest @webassemblyjs/helper-wasm-section@1.14.1
3662 silly packumentCache full:https://registry.npmjs.org/@webassemblyjs%2fhelper-wasm-section cache-miss
3663 silly fetch manifest @webassemblyjs/wasm-gen@1.14.1
3664 silly packumentCache full:https://registry.npmjs.org/@webassemblyjs%2fwasm-gen cache-miss
3665 http fetch GET 200 https://registry.npmjs.org/@webassemblyjs%2fhelper-numbers 192ms (cache miss)
3666 silly packumentCache full:https://registry.npmjs.org/@webassemblyjs%2fhelper-numbers set size:undefined disposed:false
3667 silly fetch manifest @webassemblyjs/wasm-opt@1.14.1
3668 silly packumentCache full:https://registry.npmjs.org/@webassemblyjs%2fwasm-opt cache-miss
3669 http fetch GET 200 https://registry.npmjs.org/@webassemblyjs%2fhelper-wasm-bytecode 202ms (cache miss)
3670 silly packumentCache full:https://registry.npmjs.org/@webassemblyjs%2fhelper-wasm-bytecode set size:undefined disposed:false
3671 silly fetch manifest @webassemblyjs/wast-printer@1.14.1
3672 silly packumentCache full:https://registry.npmjs.org/@webassemblyjs%2fwast-printer cache-miss
3673 http fetch GET 200 https://registry.npmjs.org/@types%2feslint 227ms (cache miss)
3674 silly packumentCache full:https://registry.npmjs.org/@types%2feslint set size:undefined disposed:false
3675 silly fetch manifest @webassemblyjs/helper-api-error@1.13.2
3676 silly packumentCache full:https://registry.npmjs.org/@webassemblyjs%2fhelper-api-error cache-miss
3677 http fetch GET 200 https://registry.npmjs.org/@webassemblyjs%2fhelper-wasm-section 232ms (cache miss)
3678 silly packumentCache full:https://registry.npmjs.org/@webassemblyjs%2fhelper-wasm-section set size:undefined disposed:false
3679 silly fetch manifest @webassemblyjs/ieee754@1.13.2
3680 silly packumentCache full:https://registry.npmjs.org/@webassemblyjs%2fieee754 cache-miss
3681 http fetch GET 200 https://registry.npmjs.org/@webassemblyjs%2fhelper-wasm-bytecode 254ms (cache miss)
3682 silly packumentCache full:https://registry.npmjs.org/@webassemblyjs%2fhelper-wasm-bytecode set size:undefined disposed:false
3683 silly fetch manifest @webassemblyjs/leb128@1.13.2
3684 silly packumentCache full:https://registry.npmjs.org/@webassemblyjs%2fleb128 cache-miss
3685 http fetch GET 200 https://registry.npmjs.org/@webassemblyjs%2fwasm-gen 265ms (cache miss)
3686 silly packumentCache full:https://registry.npmjs.org/@webassemblyjs%2fwasm-gen set size:undefined disposed:false
3687 silly fetch manifest @webassemblyjs/utf8@1.13.2
3688 silly packumentCache full:https://registry.npmjs.org/@webassemblyjs%2futf8 cache-miss
3689 http fetch GET 200 https://registry.npmjs.org/@webassemblyjs%2fwasm-opt 145ms (cache miss)
3690 silly packumentCache full:https://registry.npmjs.org/@webassemblyjs%2fwasm-opt set size:undefined disposed:false
3691 silly fetch manifest ajv@8.18.0
3692 silly packumentCache full:https://registry.npmjs.org/ajv cache-miss
3693 http fetch GET 200 https://registry.npmjs.org/ajv 24ms (cache hit)
3694 silly packumentCache full:https://registry.npmjs.org/ajv set size:1120197 disposed:false
3695 silly fetch manifest ajv-formats@2.1.1
3696 silly packumentCache full:https://registry.npmjs.org/ajv-formats cache-miss
3697 http fetch GET 200 https://registry.npmjs.org/@webassemblyjs%2fwast-printer 226ms (cache miss)
3698 silly packumentCache full:https://registry.npmjs.org/@webassemblyjs%2fwast-printer set size:undefined disposed:false
3699 silly fetch manifest ajv-keywords@5.1.0
3700 silly packumentCache full:https://registry.npmjs.org/ajv-keywords cache-miss
3701 http fetch GET 200 https://registry.npmjs.org/@webassemblyjs%2fhelper-api-error 219ms (cache miss)
3702 silly packumentCache full:https://registry.npmjs.org/@webassemblyjs%2fhelper-api-error set size:undefined disposed:false
3703 silly fetch manifest terser@5.46.0
3704 silly packumentCache full:https://registry.npmjs.org/terser cache-miss
3705 http fetch GET 200 https://registry.npmjs.org/@webassemblyjs%2fhelper-buffer 457ms (cache miss)
3706 silly packumentCache full:https://registry.npmjs.org/@webassemblyjs%2fhelper-buffer set size:undefined disposed:false
3707 silly fetch manifest jest-worker@27.5.1
3708 silly packumentCache full:https://registry.npmjs.org/jest-worker cache-miss
3709 http fetch GET 200 https://registry.npmjs.org/ajv-keywords 28ms (cache hit)
3710 silly packumentCache full:https://registry.npmjs.org/ajv-keywords set size:310004 disposed:false
3711 silly fetch manifest serialize-javascript@6.0.2
3712 silly packumentCache full:https://registry.npmjs.org/serialize-javascript cache-miss
3713 http fetch GET 200 https://registry.npmjs.org/@webassemblyjs%2fleb128 230ms (cache miss)
3714 silly packumentCache full:https://registry.npmjs.org/@webassemblyjs%2fleb128 set size:undefined disposed:false
3715 http fetch GET 200 https://registry.npmjs.org/ajv-formats 184ms (cache miss)
3716 silly packumentCache full:https://registry.npmjs.org/ajv-formats set size:undefined disposed:false
3717 http fetch GET 200 https://registry.npmjs.org/terser 164ms (cache miss)
3718 silly packumentCache full:https://registry.npmjs.org/terser set size:undefined disposed:false
3719 http fetch GET 200 https://registry.npmjs.org/serialize-javascript 181ms (cache miss)
3720 silly packumentCache full:https://registry.npmjs.org/serialize-javascript set size:undefined disposed:false
3721 http fetch GET 200 https://registry.npmjs.org/@webassemblyjs%2fieee754 421ms (cache miss)
3722 silly packumentCache full:https://registry.npmjs.org/@webassemblyjs%2fieee754 set size:undefined disposed:false
3723 http fetch GET 200 https://registry.npmjs.org/jest-worker 214ms (cache miss)
3724 silly packumentCache full:https://registry.npmjs.org/jest-worker set size:undefined disposed:false
3725 http fetch GET 200 https://registry.npmjs.org/@webassemblyjs%2futf8 406ms (cache miss)
3726 silly packumentCache full:https://registry.npmjs.org/@webassemblyjs%2futf8 set size:undefined disposed:false
3727 silly placeDep ROOT @types/eslint@8.44.0 OK for: @types/eslint-scope@3.7.7 want: *
3728 silly placeDep ROOT @webassemblyjs/helper-numbers@1.13.2 OK for: @webassemblyjs/ast@1.14.1 want: 1.13.2
3729 silly placeDep ROOT @webassemblyjs/helper-wasm-bytecode@1.13.2 OK for: @webassemblyjs/ast@1.14.1 want: 1.13.2
3730 silly fetch manifest @xtuc/long@4.2.2
3731 silly packumentCache full:https://registry.npmjs.org/@xtuc%2flong cache-miss
3732 silly fetch manifest @webassemblyjs/floating-point-hex-parser@1.13.2
3733 silly packumentCache full:https://registry.npmjs.org/@webassemblyjs%2ffloating-point-hex-parser cache-miss
3734 http fetch GET 200 https://registry.npmjs.org/@webassemblyjs%2ffloating-point-hex-parser 122ms (cache miss)
3735 silly packumentCache full:https://registry.npmjs.org/@webassemblyjs%2ffloating-point-hex-parser set size:undefined disposed:false
3736 http fetch GET 200 https://registry.npmjs.org/@xtuc%2flong 495ms (cache miss)
3737 silly packumentCache full:https://registry.npmjs.org/@xtuc%2flong set size:undefined disposed:false
3738 silly placeDep ROOT @webassemblyjs/floating-point-hex-parser@1.13.2 OK for: @webassemblyjs/helper-numbers@1.13.2 want: 1.13.2
3739 silly placeDep ROOT @webassemblyjs/helper-api-error@1.13.2 OK for: @webassemblyjs/helper-numbers@1.13.2 want: 1.13.2
3740 silly placeDep ROOT @xtuc/long@4.2.2 OK for: @webassemblyjs/helper-numbers@1.13.2 want: 4.2.2
3741 silly placeDep ROOT @webassemblyjs/helper-buffer@1.14.1 OK for: @webassemblyjs/wasm-edit@1.14.1 want: 1.14.1
3742 silly placeDep ROOT @webassemblyjs/helper-wasm-section@1.14.1 OK for: @webassemblyjs/wasm-edit@1.14.1 want: 1.14.1
3743 silly placeDep ROOT @webassemblyjs/wasm-gen@1.14.1 OK for: @webassemblyjs/wasm-edit@1.14.1 want: 1.14.1
3744 silly placeDep ROOT @webassemblyjs/wasm-opt@1.14.1 OK for: @webassemblyjs/wasm-edit@1.14.1 want: 1.14.1
3745 silly placeDep ROOT @webassemblyjs/wast-printer@1.14.1 OK for: @webassemblyjs/wasm-edit@1.14.1 want: 1.14.1
3746 silly placeDep ROOT @webassemblyjs/ieee754@1.13.2 OK for: @webassemblyjs/wasm-gen@1.14.1 want: 1.13.2
3747 silly placeDep ROOT @webassemblyjs/leb128@1.13.2 OK for: @webassemblyjs/wasm-gen@1.14.1 want: 1.13.2
3748 silly placeDep ROOT @webassemblyjs/utf8@1.13.2 OK for: @webassemblyjs/wasm-gen@1.14.1 want: 1.13.2
3749 silly fetch manifest @xtuc/ieee754@1.2.0
3750 silly packumentCache full:https://registry.npmjs.org/@xtuc%2fieee754 cache-miss
3751 http fetch GET 200 https://registry.npmjs.org/@xtuc%2fieee754 374ms (cache miss)
3752 silly packumentCache full:https://registry.npmjs.org/@xtuc%2fieee754 set size:undefined disposed:false
3753 silly placeDep ROOT @xtuc/ieee754@1.2.0 OK for: @webassemblyjs/ieee754@1.13.2 want: ^1.2.0
3754 silly placeDep ROOT jest-worker@27.5.1 OK for: terser-webpack-plugin@5.3.16 want: ^27.4.5
3755 silly placeDep node_modules/terser-webpack-plugin schema-utils@4.3.3 OK for: terser-webpack-plugin@5.3.16 want: ^4.3.0
3756 silly placeDep ROOT serialize-javascript@6.0.2 OK for: terser-webpack-plugin@5.3.16 want: ^6.0.2
3757 silly placeDep ROOT terser@5.46.0 OK for: terser-webpack-plugin@5.3.16 want: ^5.31.1
3758 silly fetch manifest randombytes@2.1.0
3759 silly packumentCache full:https://registry.npmjs.org/randombytes cache-miss
3760 silly fetch manifest commander@2.20.3
3761 silly packumentCache full:https://registry.npmjs.org/commander cache-hit
3762 silly fetch manifest source-map-support@0.5.21
3763 silly packumentCache full:https://registry.npmjs.org/source-map-support cache-miss
3764 silly fetch manifest @jridgewell/source-map@0.3.5
3765 silly packumentCache full:https://registry.npmjs.org/@jridgewell%2fsource-map cache-miss
3766 http fetch GET 200 https://registry.npmjs.org/randombytes 198ms (cache miss)
3767 silly packumentCache full:https://registry.npmjs.org/randombytes set size:undefined disposed:false
3768 http fetch GET 200 https://registry.npmjs.org/@jridgewell%2fsource-map 207ms (cache miss)
3769 silly packumentCache full:https://registry.npmjs.org/@jridgewell%2fsource-map set size:undefined disposed:false
3770 http fetch GET 200 https://registry.npmjs.org/source-map-support 216ms (cache miss)
3771 silly packumentCache full:https://registry.npmjs.org/source-map-support set size:undefined disposed:false
3772 silly placeDep node_modules/jest-worker supports-color@8.1.1 OK for: jest-worker@27.5.1 want: ^8.0.0
3773 silly placeDep ROOT randombytes@2.1.0 OK for: serialize-javascript@6.0.2 want: ^2.1.0
3774 silly placeDep ROOT @jridgewell/source-map@0.3.5 OK for: terser@5.46.0 want: ^0.3.3
3775 silly placeDep node_modules/terser acorn@8.16.0 OK for: terser@5.46.0 want: ^8.15.0
3776 silly placeDep node_modules/terser commander@2.20.3 OK for: terser@5.46.0 want: ^2.20.0
3777 silly placeDep ROOT source-map-support@0.5.21 OK for: terser@5.46.0 want: ~0.5.20
3778 silly fetch manifest buffer-from@1.1.2
3779 silly packumentCache full:https://registry.npmjs.org/buffer-from cache-miss
3780 silly fetch manifest source-map@0.6.1
3781 silly packumentCache full:https://registry.npmjs.org/source-map cache-miss
3782 http fetch GET 200 https://registry.npmjs.org/buffer-from 112ms (cache miss)
3783 silly packumentCache full:https://registry.npmjs.org/buffer-from set size:undefined disposed:false
3784 http fetch GET 200 https://registry.npmjs.org/source-map 115ms (cache miss)
3785 silly packumentCache full:https://registry.npmjs.org/source-map set size:undefined disposed:false
3786 silly placeDep node_modules/@jridgewell/source-map @jridgewell/gen-mapping@0.3.2 OK for: @jridgewell/source-map@0.3.5 want: ^0.3.0
3787 silly placeDep ROOT buffer-from@1.1.2 OK for: source-map-support@0.5.21 want: ^1.0.0
3788 silly placeDep ROOT source-map@0.6.1 OK for: source-map-support@0.5.21 want: ^0.6.0
3789 silly placeDep ROOT @discoveryjs/json-ext@0.5.7 OK for: webpack-cli@4.10.0 want: ^0.5.0
3790 silly placeDep ROOT @webpack-cli/configtest@1.2.0 OK for: webpack-cli@4.10.0 want: ^1.2.0
3791 silly placeDep ROOT @webpack-cli/info@1.5.0 OK for: webpack-cli@4.10.0 want: ^1.5.0
3792 silly placeDep ROOT @webpack-cli/serve@1.7.0 OK for: webpack-cli@4.10.0 want: ^1.7.0
3793 silly placeDep node_modules/webpack-cli commander@7.2.0 OK for: webpack-cli@4.10.0 want: ^7.0.0
3794 silly placeDep ROOT fastest-levenshtein@1.0.16 OK for: webpack-cli@4.10.0 want: ^1.0.12
3795 silly placeDep ROOT import-local@3.1.0 OK for: webpack-cli@4.10.0 want: ^3.0.2
3796 silly placeDep ROOT interpret@2.2.0 OK for: webpack-cli@4.10.0 want: ^2.2.0
3797 silly placeDep ROOT rechoir@0.7.1 OK for: webpack-cli@4.10.0 want: ^0.7.0
3798 silly fetch manifest envinfo@7.8.1
3799 silly packumentCache full:https://registry.npmjs.org/envinfo cache-miss
3800 silly fetch manifest resolve-cwd@3.0.0
3801 silly packumentCache full:https://registry.npmjs.org/resolve-cwd cache-miss
3802 http fetch GET 200 https://registry.npmjs.org/resolve-cwd 233ms (cache miss)
3803 silly packumentCache full:https://registry.npmjs.org/resolve-cwd set size:undefined disposed:false
3804 http fetch GET 200 https://registry.npmjs.org/envinfo 241ms (cache miss)
3805 silly packumentCache full:https://registry.npmjs.org/envinfo set size:undefined disposed:false
3806 silly placeDep ROOT envinfo@7.8.1 OK for: @webpack-cli/info@1.5.0 want: ^7.7.3
3807 silly placeDep ROOT resolve-cwd@3.0.0 OK for: import-local@3.1.0 want: ^3.0.0
3808 silly fetch manifest resolve-from@5.0.0
3809 silly packumentCache full:https://registry.npmjs.org/resolve-from cache-miss
3810 http fetch GET 200 https://registry.npmjs.org/resolve-from 6ms (cache hit)
3811 silly packumentCache full:https://registry.npmjs.org/resolve-from set size:12911 disposed:false
3812 silly placeDep node_modules/resolve-cwd resolve-from@5.0.0 OK for: resolve-cwd@3.0.0 want: ^5.0.0
3813 silly placeDep ROOT clone-deep@4.0.1 OK for: webpack-merge@5.8.0 want: ^4.0.1
3814 silly placeDep ROOT wildcard@2.0.0 OK for: webpack-merge@5.8.0 want: ^2.0.0
3815 silly fetch manifest is-plain-object@2.0.4
3816 silly packumentCache full:https://registry.npmjs.org/is-plain-object cache-miss
3817 silly fetch manifest kind-of@6.0.3
3818 silly packumentCache full:https://registry.npmjs.org/kind-of cache-miss
3819 silly fetch manifest shallow-clone@3.0.1
3820 silly packumentCache full:https://registry.npmjs.org/shallow-clone cache-miss
3821 http fetch GET 200 https://registry.npmjs.org/shallow-clone 124ms (cache miss)
3822 silly packumentCache full:https://registry.npmjs.org/shallow-clone set size:undefined disposed:false
3823 http fetch GET 200 https://registry.npmjs.org/is-plain-object 140ms (cache miss)
3824 silly packumentCache full:https://registry.npmjs.org/is-plain-object set size:undefined disposed:false
3825 http fetch GET 200 https://registry.npmjs.org/kind-of 149ms (cache miss)
3826 silly packumentCache full:https://registry.npmjs.org/kind-of set size:undefined disposed:false
3827 silly placeDep ROOT is-plain-object@2.0.4 OK for: clone-deep@4.0.1 want: ^2.0.4
3828 silly placeDep ROOT kind-of@6.0.3 OK for: clone-deep@4.0.1 want: ^6.0.2
3829 silly placeDep ROOT shallow-clone@3.0.1 OK for: clone-deep@4.0.1 want: ^3.0.0
3830 silly fetch manifest isobject@3.0.1
3831 silly packumentCache full:https://registry.npmjs.org/isobject cache-miss
3832 http fetch GET 200 https://registry.npmjs.org/isobject 94ms (cache miss)
3833 silly packumentCache full:https://registry.npmjs.org/isobject set size:undefined disposed:false
3834 silly placeDep ROOT isobject@3.0.1 OK for: is-plain-object@2.0.4 want: ^3.0.1
3835 silly placeDep ROOT isexe@2.0.0 OK for: which@2.0.2 want: ^2.0.0
3836 silly placeDep ROOT is-bigint@1.0.4 OK for: which-boxed-primitive@1.0.2 want: ^1.0.1
3837 silly placeDep ROOT is-boolean-object@1.1.2 OK for: which-boxed-primitive@1.0.2 want: ^1.1.0
3838 silly placeDep ROOT is-number-object@1.0.7 OK for: which-boxed-primitive@1.0.2 want: ^1.0.4
3839 silly placeDep ROOT is-weakmap@2.0.1 OK for: which-collection@1.0.1 want: ^2.0.1
3840 silly placeDep ROOT is-weakset@2.0.2 OK for: which-collection@1.0.1 want: ^2.0.1
3841 silly placeDep node_modules/widest-line string-width@2.1.1 OK for: widest-line@2.0.1 want: ^2.1.1
3842 silly placeDep node_modules/wrap-ansi ansi-styles@4.3.0 OK for: wrap-ansi@7.0.0 want: ^4.0.0
3843 silly placeDep ROOT buffer-crc32@0.2.13 OK for: yauzl@2.10.0 want: ~0.2.3
3844 silly placeDep ROOT fd-slicer@1.1.0 OK for: yauzl@2.10.0 want: ~1.1.0
3845 silly fetch manifest pend@1.2.0
3846 silly packumentCache full:https://registry.npmjs.org/pend cache-miss
3847 http fetch GET 200 https://registry.npmjs.org/pend 90ms (cache miss)
3848 silly packumentCache full:https://registry.npmjs.org/pend set size:undefined disposed:false
3849 silly placeDep ROOT pend@1.2.0 OK for: fd-slicer@1.1.0 want: ~1.2.0
3850 silly placeDep node_modules/@electron/get jsonfile@4.0.0 OK for: fs-extra@8.1.0 want: ^4.0.0
3851 silly placeDep node_modules/@electron/get universalify@0.1.2 OK for: fs-extra@8.1.0 want: ^0.1.0
3852 silly placeDep node_modules/@eslint/eslintrc type-fest@0.20.2 OK for: globals@13.20.0 want: ^0.20.2
3853 silly placeDep node_modules/ansi-align is-fullwidth-code-point@2.0.0 OK for: string-width@2.1.1 want: ^2.0.0
3854 silly placeDep node_modules/ansi-align strip-ansi@4.0.0 OK for: string-width@2.1.1 want: ^4.0.0
3855 silly fetch manifest ansi-regex@3.0.1
3856 silly packumentCache full:https://registry.npmjs.org/ansi-regex cache-miss
3857 http fetch GET 200 https://registry.npmjs.org/ansi-regex 6ms (cache hit)
3858 silly packumentCache full:https://registry.npmjs.org/ansi-regex set size:43572 disposed:false
3859 silly placeDep node_modules/ansi-align ansi-regex@3.0.1 OK for: strip-ansi@4.0.0 want: ^3.0.0
3860 silly placeDep node_modules/boxen is-fullwidth-code-point@2.0.0 OK for: string-width@2.1.1 want: ^2.0.0
3861 silly placeDep node_modules/boxen strip-ansi@4.0.0 OK for: string-width@2.1.1 want: ^4.0.0
3862 silly placeDep node_modules/boxen ansi-regex@3.0.1 OK for: strip-ansi@4.0.0 want: ^3.0.0
3863 silly placeDep node_modules/configstore pify@3.0.0 OK for: make-dir@1.3.0 want: ^3.0.0
3864 silly placeDep node_modules/css-loader lru-cache@6.0.0 OK for: semver@7.5.4 want: ^6.0.0
3865 silly fetch manifest yallist@4.0.0
3866 silly packumentCache full:https://registry.npmjs.org/yallist cache-miss
3867 http fetch GET 200 https://registry.npmjs.org/yallist 5ms (cache hit)
3868 silly packumentCache full:https://registry.npmjs.org/yallist set size:34610 disposed:false
3869 silly placeDep node_modules/css-loader yallist@4.0.0 OK for: lru-cache@6.0.0 want: ^4.0.0
3870 silly placeDep node_modules/cypress ansi-styles@4.3.0 OK for: chalk@4.1.2 want: ^4.1.0
3871 silly placeDep node_modules/cypress/node_modules/chalk supports-color@7.2.0 OK for: chalk@4.1.2 want: ^7.1.0
3872 silly placeDep node_modules/cypress color-convert@2.0.1 OK for: ansi-styles@4.3.0 want: ^2.0.1
3873 silly fetch manifest color-name@1.1.4
3874 silly packumentCache full:https://registry.npmjs.org/color-name cache-miss
3875 http fetch GET 200 https://registry.npmjs.org/color-name 5ms (cache hit)
3876 silly packumentCache full:https://registry.npmjs.org/color-name set size:19467 disposed:false
3877 silly placeDep node_modules/cypress color-name@1.1.4 OK for: color-convert@2.0.1 want: ~1.1.4
3878 silly placeDep node_modules/cypress lru-cache@6.0.0 OK for: semver@7.5.4 want: ^6.0.0
3879 silly placeDep node_modules/cypress yallist@4.0.0 OK for: lru-cache@6.0.0 want: ^4.0.0
3880 silly placeDep node_modules/cypress has-flag@4.0.0 OK for: supports-color@8.1.1 want: ^4.0.0
3881 silly placeDep ROOT concat-stream@1.6.2 OK for: extract-zip@1.7.0 want: ^1.6.2
3882 silly placeDep node_modules/electron debug@2.6.9 OK for: extract-zip@1.7.0 want: ^2.6.9
3883 silly placeDep ROOT mkdirp@0.5.6 OK for: extract-zip@1.7.0 want: ^0.5.4
3884 silly fetch manifest readable-stream@2.3.7
3885 silly packumentCache full:https://registry.npmjs.org/readable-stream cache-miss
3886 silly fetch manifest typedarray@0.0.6
3887 silly packumentCache full:https://registry.npmjs.org/typedarray cache-miss
3888 silly fetch manifest ms@2.0.0
3889 silly packumentCache full:https://registry.npmjs.org/ms cache-miss
3890 http fetch GET 200 https://registry.npmjs.org/readable-stream 25ms (cache hit)
3891 silly packumentCache full:https://registry.npmjs.org/readable-stream set size:261096 disposed:false
3892 http fetch GET 200 https://registry.npmjs.org/ms 35ms (cache hit)
3893 silly packumentCache full:https://registry.npmjs.org/ms set size:92208 disposed:false
3894 http fetch GET 200 https://registry.npmjs.org/typedarray 102ms (cache miss)
3895 silly packumentCache full:https://registry.npmjs.org/typedarray set size:undefined disposed:false
3896 silly placeDep node_modules/concat-stream readable-stream@2.3.7 OK for: concat-stream@1.6.2 want: ^2.2.2
3897 silly placeDep ROOT typedarray@0.0.6 OK for: concat-stream@1.6.2 want: ^0.0.6
3898 silly fetch manifest isarray@1.0.0
3899 silly packumentCache full:https://registry.npmjs.org/isarray cache-miss
3900 silly fetch manifest safe-buffer@5.1.2
3901 silly packumentCache full:https://registry.npmjs.org/safe-buffer cache-miss
3902 silly fetch manifest string_decoder@1.1.1
3903 silly packumentCache full:https://registry.npmjs.org/string_decoder cache-miss
3904 silly fetch manifest process-nextick-args@2.0.1
3905 silly packumentCache full:https://registry.npmjs.org/process-nextick-args cache-miss
3906 http fetch GET 200 https://registry.npmjs.org/safe-buffer 14ms (cache hit)
3907 silly packumentCache full:https://registry.npmjs.org/safe-buffer set size:41183 disposed:false
3908 http fetch GET 200 https://registry.npmjs.org/string_decoder 16ms (cache hit)
3909 silly packumentCache full:https://registry.npmjs.org/string_decoder set size:28441 disposed:false
3910 http fetch GET 200 https://registry.npmjs.org/isarray 20ms (cache hit)
3911 silly packumentCache full:https://registry.npmjs.org/isarray set size:17392 disposed:false
3912 http fetch GET 200 https://registry.npmjs.org/process-nextick-args 180ms (cache miss)
3913 silly packumentCache full:https://registry.npmjs.org/process-nextick-args set size:undefined disposed:false
3914 silly placeDep node_modules/concat-stream isarray@1.0.0 OK for: readable-stream@2.3.7 want: ~1.0.0
3915 silly placeDep ROOT process-nextick-args@2.0.1 OK for: readable-stream@2.3.7 want: ~2.0.0
3916 silly placeDep node_modules/concat-stream safe-buffer@5.1.2 OK for: readable-stream@2.3.7 want: ~5.1.1
3917 silly placeDep node_modules/concat-stream string_decoder@1.1.1 OK for: readable-stream@2.3.7 want: ~1.1.1
3918 silly placeDep node_modules/electron ms@2.0.0 OK for: debug@2.6.9 want: 2.0.0
3919 silly placeDep node_modules/eslint ansi-styles@4.3.0 OK for: chalk@4.1.2 want: ^4.1.0
3920 silly placeDep node_modules/eslint supports-color@7.2.0 OK for: chalk@4.1.2 want: ^7.1.0
3921 silly placeDep node_modules/eslint color-convert@2.0.1 OK for: ansi-styles@4.3.0 want: ^2.0.1
3922 silly placeDep node_modules/eslint color-name@1.1.4 OK for: color-convert@2.0.1 want: ~1.1.4
3923 silly placeDep node_modules/eslint type-fest@0.20.2 OK for: globals@13.20.0 want: ^0.20.2
3924 silly placeDep node_modules/eslint lru-cache@6.0.0 OK for: semver@7.5.4 want: ^6.0.0
3925 silly placeDep node_modules/eslint yallist@4.0.0 OK for: lru-cache@6.0.0 want: ^4.0.0
3926 silly placeDep node_modules/eslint has-flag@4.0.0 OK for: supports-color@7.2.0 want: ^4.0.0
3927 silly placeDep node_modules/global-agent lru-cache@6.0.0 OK for: semver@7.5.4 want: ^6.0.0
3928 silly placeDep node_modules/global-agent yallist@4.0.0 OK for: lru-cache@6.0.0 want: ^4.0.0
3929 silly placeDep node_modules/jest-worker has-flag@4.0.0 OK for: supports-color@8.1.1 want: ^4.0.0
3930 silly placeDep node_modules/log-symbols ansi-styles@4.3.0 OK for: chalk@4.1.2 want: ^4.1.0
3931 silly placeDep node_modules/log-symbols supports-color@7.2.0 OK for: chalk@4.1.2 want: ^7.1.0
3932 silly placeDep node_modules/log-symbols color-convert@2.0.1 OK for: ansi-styles@4.3.0 want: ^2.0.1
3933 silly placeDep node_modules/log-symbols color-name@1.1.4 OK for: color-convert@2.0.1 want: ~1.1.4
3934 silly placeDep node_modules/log-symbols has-flag@4.0.0 OK for: supports-color@7.2.0 want: ^4.0.0
3935 silly placeDep node_modules/log-update ansi-styles@4.3.0 OK for: slice-ansi@4.0.0 want: ^4.0.0
3936 silly placeDep node_modules/log-update color-convert@2.0.1 OK for: ansi-styles@4.3.0 want: ^2.0.1
3937 silly placeDep node_modules/log-update color-name@1.1.4 OK for: color-convert@2.0.1 want: ~1.1.4
3938 silly placeDep ROOT create-error-class@3.0.2 OK for: got@6.7.1 want: ^3.0.0
3939 silly placeDep node_modules/package-json get-stream@3.0.0 OK for: got@6.7.1 want: ^3.0.0
3940 silly placeDep ROOT is-redirect@1.0.0 OK for: got@6.7.1 want: ^1.0.0
3941 silly placeDep ROOT is-retry-allowed@1.2.0 OK for: got@6.7.1 want: ^1.0.0
3942 silly placeDep node_modules/package-json is-stream@1.1.0 OK for: got@6.7.1 want: ^1.0.0
3943 silly placeDep ROOT timed-out@4.0.1 OK for: got@6.7.1 want: ^4.0.0
3944 silly placeDep ROOT unzip-response@2.0.1 OK for: got@6.7.1 want: ^2.0.1
3945 silly placeDep node_modules/package-json url-parse-lax@1.0.0 OK for: got@6.7.1 want: ^1.0.0
3946 silly fetch manifest capture-stack-trace@1.0.2
3947 silly packumentCache full:https://registry.npmjs.org/capture-stack-trace cache-miss
3948 silly fetch manifest prepend-http@1.0.4
3949 silly packumentCache full:https://registry.npmjs.org/prepend-http cache-miss
3950 http fetch GET 200 https://registry.npmjs.org/prepend-http 10ms (cache hit)
3951 silly packumentCache full:https://registry.npmjs.org/prepend-http set size:18761 disposed:false
3952 http fetch GET 200 https://registry.npmjs.org/capture-stack-trace 422ms (cache miss)
3953 silly packumentCache full:https://registry.npmjs.org/capture-stack-trace set size:undefined disposed:false
3954 silly placeDep ROOT capture-stack-trace@1.0.2 OK for: create-error-class@3.0.2 want: ^1.0.0
3955 silly placeDep node_modules/package-json prepend-http@1.0.4 OK for: url-parse-lax@1.0.0 want: ^1.0.1
3956 silly placeDep node_modules/react-devtools lru-cache@4.1.5 OK for: cross-spawn@5.1.0 want: ^4.0.1
3957 silly placeDep node_modules/react-devtools shebang-command@1.2.0 OK for: cross-spawn@5.1.0 want: ^1.2.0
3958 silly placeDep node_modules/react-devtools which@1.3.1 OK for: cross-spawn@5.1.0 want: ^1.2.9
3959 silly fetch manifest yallist@2.1.2
3960 silly packumentCache full:https://registry.npmjs.org/yallist cache-hit
3961 silly fetch manifest pseudomap@1.0.2
3962 silly packumentCache full:https://registry.npmjs.org/pseudomap cache-miss
3963 silly fetch manifest shebang-regex@1.0.0
3964 silly packumentCache full:https://registry.npmjs.org/shebang-regex cache-miss
3965 http fetch GET 200 https://registry.npmjs.org/shebang-regex 22ms (cache hit)
3966 silly packumentCache full:https://registry.npmjs.org/shebang-regex set size:9763 disposed:false
3967 http fetch GET 200 https://registry.npmjs.org/pseudomap 461ms (cache miss)
3968 silly packumentCache full:https://registry.npmjs.org/pseudomap set size:undefined disposed:false
3969 silly placeDep ROOT pseudomap@1.0.2 OK for: lru-cache@4.1.5 want: ^1.0.2
3970 silly placeDep node_modules/react-devtools yallist@2.1.2 OK for: lru-cache@4.1.5 want: ^2.1.2
3971 silly placeDep node_modules/react-devtools shebang-regex@1.0.0 OK for: shebang-command@1.2.0 want: ^1.0.0
3972 silly placeDep ROOT clsx@1.2.1 OK for: react-draggable@4.4.5 want: ^1.1.1
3973 silly placeDep node_modules/slice-ansi color-convert@2.0.1 OK for: ansi-styles@4.3.0 want: ^2.0.1
3974 silly placeDep node_modules/slice-ansi color-name@1.1.4 OK for: color-convert@2.0.1 want: ~1.1.4
3975 silly placeDep node_modules/table json-schema-traverse@1.0.0 OK for: ajv@8.12.0 want: ^1.0.0
3976 silly placeDep ROOT require-from-string@2.0.2 OK for: ajv@8.12.0 want: ^2.0.2
3977 silly placeDep node_modules/table ansi-styles@4.3.0 OK for: slice-ansi@4.0.0 want: ^4.0.0
3978 silly placeDep node_modules/table color-convert@2.0.1 OK for: ansi-styles@4.3.0 want: ^2.0.1
3979 silly placeDep node_modules/table color-name@1.1.4 OK for: color-convert@2.0.1 want: ~1.1.4
3980 silly placeDep node_modules/term-size cross-spawn@5.1.0 OK for: execa@0.7.0 want: ^5.0.1
3981 silly placeDep node_modules/term-size get-stream@3.0.0 OK for: execa@0.7.0 want: ^3.0.0
3982 silly placeDep node_modules/term-size is-stream@1.1.0 OK for: execa@0.7.0 want: ^1.1.0
3983 silly placeDep node_modules/term-size npm-run-path@2.0.2 OK for: execa@0.7.0 want: ^2.0.0
3984 silly placeDep ROOT p-finally@1.0.0 OK for: execa@0.7.0 want: ^1.0.0
3985 silly placeDep ROOT strip-eof@1.0.0 OK for: execa@0.7.0 want: ^1.0.0
3986 silly fetch manifest path-key@2.0.1
3987 silly packumentCache full:https://registry.npmjs.org/path-key cache-miss
3988 http fetch GET 200 https://registry.npmjs.org/path-key 5ms (cache hit)
3989 silly packumentCache full:https://registry.npmjs.org/path-key set size:16975 disposed:false
3990 silly placeDep node_modules/term-size lru-cache@4.1.5 OK for: cross-spawn@5.1.0 want: ^4.0.1
3991 silly placeDep node_modules/term-size shebang-command@1.2.0 OK for: cross-spawn@5.1.0 want: ^1.2.0
3992 silly placeDep node_modules/term-size which@1.3.1 OK for: cross-spawn@5.1.0 want: ^1.2.9
3993 silly placeDep node_modules/term-size yallist@2.1.2 OK for: lru-cache@4.1.5 want: ^2.1.2
3994 silly placeDep node_modules/term-size path-key@2.0.1 OK for: npm-run-path@2.0.2 want: ^2.0.0
3995 silly placeDep node_modules/term-size shebang-regex@1.0.0 OK for: shebang-command@1.2.0 want: ^1.0.0
3996 silly placeDep node_modules/terser-webpack-plugin ajv@8.18.0 OK for: schema-utils@4.3.3 want: ^8.9.0
3997 silly placeDep ROOT ajv-formats@2.1.1 OK for: schema-utils@4.3.3 want: ^2.1.1
3998 silly placeDep node_modules/terser-webpack-plugin ajv-keywords@5.1.0 OK for: schema-utils@4.3.3 want: ^5.1.0
3999 silly fetch manifest fast-uri@3.1.0
4000 silly packumentCache full:https://registry.npmjs.org/fast-uri cache-miss
4001 http fetch GET 200 https://registry.npmjs.org/fast-uri 301ms (cache miss)
4002 silly packumentCache full:https://registry.npmjs.org/fast-uri set size:undefined disposed:false
4003 silly placeDep node_modules/ajv-formats ajv@8.18.0 OK for: ajv-formats@2.1.1 want: ^8.0.0
4004 silly placeDep ROOT fast-uri@3.1.0 OK for: ajv@8.18.0 want: ^3.0.1
4005 silly placeDep node_modules/ajv-formats json-schema-traverse@1.0.0 OK for: ajv@8.18.0 want: ^1.0.0
4006 silly placeDep node_modules/terser-webpack-plugin json-schema-traverse@1.0.0 OK for: ajv@8.18.0 want: ^1.0.0
4007 silly placeDep node_modules/update-notifier ci-info@1.6.0 OK for: is-ci@1.2.1 want: ^1.5.0
4008 silly placeDep node_modules/update-notifier global-dirs@0.1.1 OK for: is-installed-globally@0.1.0 want: ^0.1.0
4009 silly placeDep node_modules/update-notifier is-path-inside@1.0.1 OK for: is-installed-globally@0.1.0 want: ^1.0.0
4010 silly fetch manifest path-is-inside@1.0.2
4011 silly packumentCache full:https://registry.npmjs.org/path-is-inside cache-miss
4012 http fetch GET 200 https://registry.npmjs.org/path-is-inside 131ms (cache miss)
4013 silly packumentCache full:https://registry.npmjs.org/path-is-inside set size:undefined disposed:false
4014 silly placeDep node_modules/update-notifier ini@1.3.8 OK for: global-dirs@0.1.1 want: ^1.3.4
4015 silly placeDep ROOT path-is-inside@1.0.2 OK for: is-path-inside@1.0.1 want: ^1.0.1
4016 silly placeDep node_modules/webpack ajv@8.18.0 OK for: schema-utils@4.3.3 want: ^8.9.0
4017 silly placeDep node_modules/webpack ajv-keywords@5.1.0 OK for: schema-utils@4.3.3 want: ^5.1.0
4018 silly placeDep node_modules/webpack json-schema-traverse@1.0.0 OK for: ajv@8.18.0 want: ^1.0.0
4019 silly placeDep node_modules/widest-line is-fullwidth-code-point@2.0.0 OK for: string-width@2.1.1 want: ^2.0.0
4020 silly placeDep node_modules/widest-line strip-ansi@4.0.0 OK for: string-width@2.1.1 want: ^4.0.0
4021 silly placeDep node_modules/widest-line ansi-regex@3.0.1 OK for: strip-ansi@4.0.0 want: ^3.0.0
4022 silly placeDep node_modules/wrap-ansi color-convert@2.0.1 OK for: ansi-styles@4.3.0 want: ^2.0.1
4023 silly placeDep node_modules/wrap-ansi color-name@1.1.4 OK for: color-convert@2.0.1 want: ~1.1.4
4024 silly reify moves {}
4025 silly audit bulk request {
4025 silly audit   '@4tw/cypress-drag-drop': [ '2.2.3' ],
4025 silly audit   cypress: [ '9.7.0' ],
4025 silly audit   '@babel/core': [ '7.22.8' ],
4025 silly audit   '@babel/eslint-parser': [ '7.19.1' ],
4025 silly audit   eslint: [ '7.32.0' ],
4025 silly audit   '@babel/plugin-proposal-class-properties': [ '7.18.6' ],
4025 silly audit   '@babel/preset-env': [ '7.20.2' ],
4025 silly audit   '@babel/preset-react': [ '7.18.6' ],
4025 silly audit   assert: [ '2.0.0' ],
4025 silly audit   'babel-loader': [ '8.3.0' ],
4025 silly audit   webpack: [ '5.104.1' ],
4025 silly audit   'browserify-zlib': [ '0.2.0' ],
4025 silly audit   buffer: [ '6.0.3', '5.7.1' ],
4025 silly audit   'css-loader': [ '6.7.3' ],
4025 silly audit   'd3-dispatch': [ '1.0.6' ],
4025 silly audit   'd3-drag': [ '1.2.5' ],
4025 silly audit   'd3-polygon': [ '1.0.6' ],
4025 silly audit   'd3-selection': [ '1.4.2' ],
4025 silly audit   'd3-zoom': [ '1.8.3' ],
4025 silly audit   debounce: [ '1.2.1' ],
4025 silly audit   'eslint-config-prettier': [ '8.6.0' ],
4025 silly audit   'eslint-plugin-cypress': [ '2.12.1' ],
4025 silly audit   'eslint-plugin-ignore-generated-and-nolint': [ '1.0.0' ],
4025 silly audit   'eslint-plugin-jsx-a11y': [ '6.7.1' ],
4025 silly audit   'eslint-plugin-react': [ '7.32.2' ],
4025 silly audit   'eslint-plugin-simple-import-sort': [ '8.0.0' ],
4025 silly audit   'fast-json-patch': [ '3.1.1' ],
4025 silly audit   'https-browserify': [ '1.0.0' ],
4025 silly audit   jquery: [ '3.6.3' ],
4025 silly audit   'ml-savitzky-golay-generalized': [ '4.0.1' ],
4025 silly audit   pixelmatch: [ '5.3.0' ],
4025 silly audit   pngjs: [ '6.0.0' ],
4025 silly audit   prettier: [ '2.8.4' ],
4025 silly audit   'rc-tree-select': [ '1.12.13' ],
4025 silly audit   react: [ '17.0.2' ],
4025 silly audit   'react-devtools': [ '4.27.2' ],
4025 silly audit   'react-dom': [ '17.0.2' ],
4025 silly audit   'react-grid-layout': [ '0.16.6' ],
4025 silly audit   'react-modal': [ '3.16.1' ],
4025 silly audit   'react-resize-detector': [ '7.1.2' ],
4025 silly audit   'stream-browserify': [ '3.0.0' ],
4025 silly audit   'stream-http': [ '3.2.0' ],
4025 silly audit   'style-loader': [ '3.3.1' ],
4025 silly audit   three: [ '0.105.2' ],
4025 silly audit   url: [ '0.11.0' ],
4025 silly audit   util: [ '0.12.5' ],
4025 silly audit   'webpack-cli': [ '4.10.0' ],
4025 silly audit   'webpack-merge': [ '5.8.0' ],
4025 silly audit   'whatwg-fetch': [ '3.6.2' ],
4025 silly audit   '@ampproject/remapping': [ '2.2.0' ],
4025 silly audit   '@babel/code-frame': [ '7.22.5', '7.22.13', '7.12.11' ],
4025 silly audit   '@babel/generator': [ '7.23.0' ],
4025 silly audit   '@babel/helper-compilation-targets': [ '7.22.6' ],
4025 silly audit   '@babel/helper-module-transforms': [ '7.22.5' ],
4025 silly audit   '@babel/helpers': [ '7.22.6' ],
4025 silly audit   '@babel/parser': [ '7.23.0' ],
4025 silly audit   '@babel/template': [ '7.22.15' ],
4025 silly audit   '@babel/traverse': [ '7.23.2' ],
4025 silly audit   '@babel/types': [ '7.23.0' ],
4025 silly audit   '@nicolo-ribaudo/semver-v6': [ '6.3.3' ],
4025 silly audit   'convert-source-map': [ '1.9.0' ],
4025 silly audit   debug: [ '4.3.4', '3.2.7', '2.6.9' ],
4025 silly audit   gensync: [ '1.0.0-beta.2' ],
4025 silly audit   json5: [ '2.2.3' ],
4025 silly audit   '@jridgewell/gen-mapping': [ '0.1.1', '0.3.2' ],
4025 silly audit   '@jridgewell/trace-mapping': [ '0.3.31' ],
4025 silly audit   '@babel/highlight': [ '7.22.20' ],
4025 silly audit   '@nicolo-ribaudo/eslint-scope-5-internals': [ '5.1.1-v1' ],
4025 silly audit   'eslint-visitor-keys': [ '2.1.0', '1.3.0' ],
4025 silly audit   semver: [ '6.3.1', '7.5.4', '5.7.2' ],
4025 silly audit   jsesc: [ '2.5.2', '0.5.0' ],
4025 silly audit   '@babel/compat-data': [ '7.22.6' ],
4025 silly audit   '@babel/helper-validator-option': [ '7.22.5' ],
4025 silly audit   browserslist: [ '4.28.1' ],
4025 silly audit   'lru-cache': [ '5.1.1', '6.0.0', '4.1.5' ],
4025 silly audit   '@babel/helper-environment-visitor': [ '7.22.20' ],
4025 silly audit   '@babel/helper-module-imports': [ '7.22.5' ],
4025 silly audit   '@babel/helper-simple-access': [ '7.22.5' ],
4025 silly audit   '@babel/helper-split-export-declaration': [ '7.22.6' ],
4025 silly audit   '@babel/helper-validator-identifier': [ '7.22.20' ],
4025 silly audit   chalk: [ '2.4.2', '4.1.2' ],
4025 silly audit   'js-tokens': [ '4.0.0' ],
4025 silly audit   '@babel/helper-create-class-features-plugin': [ '7.21.0' ],
4025 silly audit   '@babel/helper-plugin-utils': [ '7.20.2' ],
4025 silly audit   '@babel/helper-annotate-as-pure': [ '7.18.6' ],
4025 silly audit   '@babel/helper-function-name': [ '7.23.0' ],
4025 silly audit   '@babel/helper-member-expression-to-functions': [ '7.21.0' ],
4025 silly audit   '@babel/helper-optimise-call-expression': [ '7.18.6' ],
4025 silly audit   '@babel/helper-replace-supers': [ '7.20.7' ],
4025 silly audit   '@babel/helper-skip-transparent-expression-wrappers': [ '7.20.0' ],
4025 silly audit   '@babel/plugin-bugfix-safari-id-destructuring-collision-in-function-expression': [ '7.18.6' ],
4025 silly audit   '@babel/plugin-bugfix-v8-spread-parameters-in-optional-chaining': [ '7.20.7' ],
4025 silly audit   '@babel/plugin-proposal-async-generator-functions': [ '7.20.7' ],
4025 silly audit   '@babel/plugin-proposal-class-static-block': [ '7.21.0' ],
4025 silly audit   '@babel/plugin-proposal-dynamic-import': [ '7.18.6' ],
4025 silly audit   '@babel/plugin-proposal-export-namespace-from': [ '7.18.9' ],
4025 silly audit   '@babel/plugin-proposal-json-strings': [ '7.18.6' ],
4025 silly audit   '@babel/plugin-proposal-logical-assignment-operators': [ '7.20.7' ],
4025 silly audit   '@babel/plugin-proposal-nullish-coalescing-operator': [ '7.18.6' ],
4025 silly audit   '@babel/plugin-proposal-numeric-separator': [ '7.18.6' ],
4025 silly audit   '@babel/plugin-proposal-object-rest-spread': [ '7.20.7' ],
4025 silly audit   '@babel/plugin-proposal-optional-catch-binding': [ '7.18.6' ],
4025 silly audit   '@babel/plugin-proposal-optional-chaining': [ '7.21.0' ],
4025 silly audit   '@babel/plugin-proposal-private-methods': [ '7.18.6' ],
4025 silly audit   '@babel/plugin-proposal-private-property-in-object': [ '7.21.0' ],
4025 silly audit   '@babel/plugin-proposal-unicode-property-regex': [ '7.18.6' ],
4025 silly audit   '@babel/plugin-syntax-async-generators': [ '7.8.4' ],
4025 silly audit   '@babel/plugin-syntax-class-properties': [ '7.12.13' ],
4025 silly audit   '@babel/plugin-syntax-class-static-block': [ '7.14.5' ],
4025 silly audit   '@babel/plugin-syntax-dynamic-import': [ '7.8.3' ],
4025 silly audit   '@babel/plugin-syntax-export-namespace-from': [ '7.8.3' ],
4025 silly audit   '@babel/plugin-syntax-import-assertions': [ '7.20.0' ],
4025 silly audit   '@babel/plugin-syntax-json-strings': [ '7.8.3' ],
4025 silly audit   '@babel/plugin-syntax-logical-assignment-operators': [ '7.10.4' ],
4025 silly audit   '@babel/plugin-syntax-nullish-coalescing-operator': [ '7.8.3' ],
4025 silly audit   '@babel/plugin-syntax-numeric-separator': [ '7.10.4' ],
4025 silly audit   '@babel/plugin-syntax-object-rest-spread': [ '7.8.3' ],
4025 silly audit   '@babel/plugin-syntax-optional-catch-binding': [ '7.8.3' ],
4025 silly audit   '@babel/plugin-syntax-optional-chaining': [ '7.8.3' ],
4025 silly audit   '@babel/plugin-syntax-private-property-in-object': [ '7.14.5' ],
4025 silly audit   '@babel/plugin-syntax-top-level-await': [ '7.14.5' ],
4025 silly audit   '@babel/plugin-transform-arrow-functions': [ '7.20.7' ],
4025 silly audit   '@babel/plugin-transform-async-to-generator': [ '7.20.7' ],
4025 silly audit   '@babel/plugin-transform-block-scoped-functions': [ '7.18.6' ],
4025 silly audit   '@babel/plugin-transform-block-scoping': [ '7.21.0' ],
4025 silly audit   '@babel/plugin-transform-classes': [ '7.21.0' ],
4025 silly audit   '@babel/plugin-transform-computed-properties': [ '7.20.7' ],
4025 silly audit   '@babel/plugin-transform-destructuring': [ '7.20.7' ],
4025 silly audit   '@babel/plugin-transform-dotall-regex': [ '7.18.6' ],
4025 silly audit   '@babel/plugin-transform-duplicate-keys': [ '7.18.9' ],
4025 silly audit   '@babel/plugin-transform-exponentiation-operator': [ '7.18.6' ],
4025 silly audit   '@babel/plugin-transform-for-of': [ '7.21.0' ],
4025 silly audit   '@babel/plugin-transform-function-name': [ '7.18.9' ],
4025 silly audit   '@babel/plugin-transform-literals': [ '7.18.9' ],
4025 silly audit   '@babel/plugin-transform-member-expression-literals': [ '7.18.6' ],
4025 silly audit   '@babel/plugin-transform-modules-amd': [ '7.20.11' ],
4025 silly audit   '@babel/plugin-transform-modules-commonjs': [ '7.20.11' ],
4025 silly audit   '@babel/plugin-transform-modules-systemjs': [ '7.20.11' ],
4025 silly audit   '@babel/plugin-transform-modules-umd': [ '7.18.6' ],
4025 silly audit   '@babel/plugin-transform-named-capturing-groups-regex': [ '7.20.5' ],
4025 silly audit   '@babel/plugin-transform-new-target': [ '7.18.6' ],
4025 silly audit   '@babel/plugin-transform-object-super': [ '7.18.6' ],
4025 silly audit   '@babel/plugin-transform-parameters': [ '7.20.7' ],
4025 silly audit   '@babel/plugin-transform-property-literals': [ '7.18.6' ],
4025 silly audit   '@babel/plugin-transform-regenerator': [ '7.20.5' ],
4025 silly audit   '@babel/plugin-transform-reserved-words': [ '7.18.6' ],
4025 silly audit   '@babel/plugin-transform-shorthand-properties': [ '7.18.6' ],
4025 silly audit   '@babel/plugin-transform-spread': [ '7.20.7' ],
4025 silly audit   '@babel/plugin-transform-sticky-regex': [ '7.18.6' ],
4025 silly audit   '@babel/plugin-transform-template-literals': [ '7.18.9' ],
4025 silly audit   '@babel/plugin-transform-typeof-symbol': [ '7.18.9' ],
4025 silly audit   '@babel/plugin-transform-unicode-escapes': [ '7.18.10' ],
4025 silly audit   '@babel/plugin-transform-unicode-regex': [ '7.18.6' ],
4025 silly audit   '@babel/preset-modules': [ '0.1.5' ],
4025 silly audit   'babel-plugin-polyfill-corejs2': [ '0.3.3' ],
4025 silly audit   'babel-plugin-polyfill-corejs3': [ '0.6.0' ],
4025 silly audit   'babel-plugin-polyfill-regenerator': [ '0.4.1' ],
4025 silly audit   'core-js-compat': [ '3.31.1' ],
4025 silly audit   '@babel/helper-remap-async-to-generator': [ '7.18.9' ],
4025 silly audit   '@babel/helper-wrap-function': [ '7.20.5' ],
4025 silly audit   '@babel/helper-create-regexp-features-plugin': [ '7.21.0' ],
4025 silly audit   'regexpu-core': [ '5.3.2' ],
4025 silly audit   globals: [ '11.12.0', '13.20.0' ],
4025 silly audit   '@babel/helper-builder-binary-assignment-operator-visitor': [ '7.18.9' ],
4025 silly audit   '@babel/helper-explode-assignable-expression': [ '7.18.6' ],
4025 silly audit   '@babel/helper-hoist-variables': [ '7.22.5' ],
4025 silly audit   'regenerator-transform': [ '0.15.1' ],
4025 silly audit   esutils: [ '2.0.3' ],
4025 silly audit   '@babel/plugin-transform-react-display-name': [ '7.18.6' ],
4025 silly audit   '@babel/plugin-transform-react-jsx': [ '7.21.0' ],
4025 silly audit   '@babel/plugin-transform-react-jsx-development': [ '7.18.6' ],
4025 silly audit   '@babel/plugin-transform-react-pure-annotations': [ '7.18.6' ],
4025 silly audit   '@babel/plugin-syntax-jsx': [ '7.18.6' ],
4025 silly audit   '@babel/helper-string-parser': [ '7.22.5' ],
4025 silly audit   'to-fast-properties': [ '2.0.0' ],
4025 silly audit   '@jridgewell/set-array': [ '1.1.2' ],
4025 silly audit   '@jridgewell/sourcemap-codec': [ '1.4.14' ],
4025 silly audit   '@jridgewell/resolve-uri': [ '3.1.0' ],
4025 silly audit   'eslint-scope': [ '5.1.1' ],
4025 silly audit   'es6-object-assign': [ '1.1.0' ],
4025 silly audit   'is-nan': [ '1.3.2' ],
4025 silly audit   'object-is': [ '1.1.5' ],
4025 silly audit   'find-cache-dir': [ '3.3.2' ],
4025 silly audit   'loader-utils': [ '2.0.4' ],
4025 silly audit   'make-dir': [ '3.1.0', '1.3.0' ],
4025 silly audit   'schema-utils': [ '2.7.1', '4.3.3' ],
4025 silly audit   '@babel/helper-define-polyfill-provider': [ '0.3.3' ],
4025 silly audit   'lodash.debounce': [ '4.0.8' ],
4025 silly audit   resolve: [ '1.22.1', '2.0.0-next.4' ],
4025 silly audit   pako: [ '1.0.11' ],
4025 silly audit   'baseline-browser-mapping': [ '2.10.0' ],
4025 silly audit   'caniuse-lite': [ '1.0.30001774' ],
4025 silly audit   'electron-to-chromium': [ '1.5.302' ],
4025 silly audit   'node-releases': [ '2.0.27' ],
4025 silly audit   'update-browserslist-db': [ '1.2.3' ],
4025 silly audit   'base64-js': [ '1.5.1' ],
4025 silly audit   ieee754: [ '1.2.1' ],
4025 silly audit   'ansi-styles': [ '3.2.1', '4.3.0' ],
4025 silly audit   'escape-string-regexp': [ '1.0.5', '4.0.0' ],
4025 silly audit   'supports-color': [ '5.5.0', '8.1.1', '7.2.0' ],
4025 silly audit   'color-convert': [ '1.9.3', '2.0.1' ],
4025 silly audit   'color-name': [ '1.1.3', '1.1.4' ],
4025 silly audit   'icss-utils': [ '5.1.0' ],
4025 silly audit   postcss: [ '8.4.31' ],
4025 silly audit   'postcss-modules-extract-imports': [ '3.0.0' ],
4025 silly audit   'postcss-modules-local-by-default': [ '4.0.0' ],
4025 silly audit   'postcss-modules-scope': [ '3.0.0' ],
4025 silly audit   'postcss-modules-values': [ '4.0.0' ],
4025 silly audit   'postcss-value-parser': [ '4.2.0' ],
4025 silly audit   '@cypress/request': [ '2.88.11' ],
4025 silly audit   '@cypress/xvfb': [ '1.2.4' ],
4025 silly audit   '@types/node': [ '14.18.36', '12.20.55' ],
4025 silly audit   '@types/sinonjs__fake-timers': [ '8.1.1' ],
4025 silly audit   '@types/sizzle': [ '2.3.3' ],
4025 silly audit   arch: [ '2.2.0' ],
4025 silly audit   'blob-util': [ '2.0.2' ],
4025 silly audit   bluebird: [ '3.7.2' ],
4025 silly audit   cachedir: [ '2.3.0' ],
4025 silly audit   'check-more-types': [ '2.24.0' ],
4025 silly audit   'cli-cursor': [ '3.1.0' ],
4025 silly audit   'cli-table3': [ '0.6.3' ],
4025 silly audit   commander: [ '5.1.0', '2.20.3', '7.2.0' ],
4025 silly audit   'common-tags': [ '1.8.2' ],
4025 silly audit   dayjs: [ '1.11.7' ],
4025 silly audit   enquirer: [ '2.3.6' ],
4025 silly audit   eventemitter2: [ '6.4.9' ],
4025 silly audit   execa: [ '4.1.0', '0.7.0' ],
4025 silly audit   executable: [ '4.1.1' ],
4025 silly audit   'extract-zip': [ '2.0.1', '1.7.0' ],
4025 silly audit   figures: [ '3.2.0' ],
4025 silly audit   'fs-extra': [ '9.1.0', '8.1.0' ],
4025 silly audit   getos: [ '3.2.1' ],
4025 silly audit   'is-ci': [ '3.0.1', '1.2.1' ],
4025 silly audit   'is-installed-globally': [ '0.4.0', '0.1.0' ],
4025 silly audit   'lazy-ass': [ '1.6.0' ],
4025 silly audit   listr2: [ '3.14.0' ],
4025 silly audit   lodash: [ '4.17.23' ],
4025 silly audit   'log-symbols': [ '4.1.0' ],
4025 silly audit   minimist: [ '1.2.8' ],
4025 silly audit   ospath: [ '1.2.2' ],
4025 silly audit   'pretty-bytes': [ '5.6.0' ],
4025 silly audit   'proxy-from-env': [ '1.0.0' ],
4025 silly audit   'request-progress': [ '3.0.0' ],
4025 silly audit   tmp: [ '0.2.5' ],
4025 silly audit   untildify: [ '4.0.0' ],
4025 silly audit   yauzl: [ '2.10.0' ],
4025 silly audit   'aws-sign2': [ '0.7.0' ],
4025 silly audit   aws4: [ '1.12.0' ],
4025 silly audit   caseless: [ '0.12.0' ],
4025 silly audit   'combined-stream': [ '1.0.8' ],
4025 silly audit   extend: [ '3.0.2' ],
4025 silly audit   'forever-agent': [ '0.6.1' ],
4025 silly audit   'form-data': [ '2.3.3' ],
4025 silly audit   'http-signature': [ '1.3.6' ],
4025 silly audit   'is-typedarray': [ '1.0.0' ],
4025 silly audit   isstream: [ '0.1.2' ],
4025 silly audit   'json-stringify-safe': [ '5.0.1' ],
4025 silly audit   'mime-types': [ '2.1.35' ],
4025 silly audit   'performance-now': [ '2.1.0' ],
4025 silly audit   qs: [ '6.10.4' ],
4025 silly audit   'safe-buffer': [ '5.2.1', '5.1.2' ],
4025 silly audit   'tough-cookie': [ '2.5.0' ],
4025 silly audit   'tunnel-agent': [ '0.6.0' ],
4025 silly audit   uuid: [ '8.3.2' ],
4025 silly audit   'lodash.once': [ '4.1.1' ],
4025 silly audit   'restore-cursor': [ '3.1.0' ],
4025 silly audit   '@colors/colors': [ '1.5.0' ],
4025 silly audit   'string-width': [ '4.2.3', '2.1.1' ],
4025 silly audit   'delayed-stream': [ '1.0.0' ],
4025 silly audit   'd3-interpolate': [ '1.4.0' ],
4025 silly audit   'd3-transition': [ '1.3.2' ],
4025 silly audit   'd3-color': [ '1.4.1' ],
4025 silly audit   'd3-ease': [ '1.0.7' ],
4025 silly audit   'd3-timer': [ '1.0.10' ],
4025 silly audit   ms: [ '2.1.2', '2.0.0' ],
4025 silly audit   'ansi-colors': [ '4.1.3' ],
4025 silly audit   '@eslint/eslintrc': [ '0.4.3' ],
4025 silly audit   '@humanwhocodes/config-array': [ '0.5.0' ],
4025 silly audit   ajv: [ '6.12.6', '8.12.0', '8.18.0' ],
4025 silly audit   'cross-spawn': [ '7.0.3', '5.1.0' ],
4025 silly audit   doctrine: [ '3.0.0', '2.1.0' ],
4025 silly audit   'eslint-utils': [ '2.1.0' ],
4025 silly audit   espree: [ '7.3.1' ],
4025 silly audit   esquery: [ '1.5.0' ],
4025 silly audit   'fast-deep-equal': [ '3.1.3' ],
4025 silly audit   'file-entry-cache': [ '6.0.1' ],
4025 silly audit   'functional-red-black-tree': [ '1.0.1' ],
4025 silly audit   'glob-parent': [ '5.1.2' ],
4025 silly audit   ignore: [ '4.0.6' ],
4025 silly audit   'import-fresh': [ '3.3.0' ],
4025 silly audit   imurmurhash: [ '0.1.4' ],
4025 silly audit   'is-glob': [ '4.0.3' ],
4025 silly audit   'js-yaml': [ '3.14.2' ],
4025 silly audit   'json-stable-stringify-without-jsonify': [ '1.0.1' ],
4025 silly audit   levn: [ '0.4.1' ],
4025 silly audit   'lodash.merge': [ '4.6.2' ],
4025 silly audit   minimatch: [ '3.1.2' ],
4025 silly audit   'natural-compare': [ '1.4.0' ],
4025 silly audit   optionator: [ '0.9.1' ],
4025 silly audit   progress: [ '2.0.3' ],
4025 silly audit   regexpp: [ '3.2.0' ],
4025 silly audit   'strip-ansi': [ '6.0.1', '4.0.0' ],
4025 silly audit   'strip-json-comments': [ '3.1.1', '2.0.1' ],
4025 silly audit   table: [ '6.8.1' ],
4025 silly audit   'text-table': [ '0.2.0' ],
4025 silly audit   'v8-compile-cache': [ '2.3.0' ],
4025 silly audit   '@humanwhocodes/object-schema': [ '1.2.1' ],
4025 silly audit   'fast-json-stable-stringify': [ '2.1.0' ],
4025 silly audit   'json-schema-traverse': [ '0.4.1', '1.0.0' ],
4025 silly audit   'uri-js': [ '4.4.1' ],
4025 silly audit   'path-key': [ '3.1.1', '2.0.1' ],
4025 silly audit   'shebang-command': [ '2.0.0', '1.2.0' ],
4025 silly audit   which: [ '2.0.2', '1.3.1' ],
4025 silly audit   '@babel/runtime': [ '7.21.0' ],
4025 silly audit   'aria-query': [ '5.1.3' ],
4025 silly audit   'array-includes': [ '3.1.6' ],
4025 silly audit   'array.prototype.flatmap': [ '1.3.1' ],
4025 silly audit   'ast-types-flow': [ '0.0.7' ],
4025 silly audit   'axe-core': [ '4.6.3' ],
4025 silly audit   'axobject-query': [ '3.1.1' ],
4025 silly audit   'damerau-levenshtein': [ '1.0.8' ],
4025 silly audit   'emoji-regex': [ '9.2.2', '8.0.0' ],
4025 silly audit   has: [ '1.0.3' ],
4025 silly audit   'jsx-ast-utils': [ '3.3.3' ],
4025 silly audit   'language-tags': [ '1.0.5' ],
4025 silly audit   'object.entries': [ '1.1.6' ],
4025 silly audit   'object.fromentries': [ '2.0.6' ],
4025 silly audit   'regenerator-runtime': [ '0.13.11', '0.11.1' ],
4025 silly audit   'deep-equal': [ '2.2.0' ],
4025 silly audit   'call-bind': [ '1.0.2' ],
4025 silly audit   'define-properties': [ '1.2.0' ],
4025 silly audit   'es-abstract': [ '1.21.1' ],
4025 silly audit   'get-intrinsic': [ '1.2.0' ],
4025 silly audit   'is-string': [ '1.0.7' ],
4025 silly audit   'es-shim-unscopables': [ '1.0.0' ],
4025 silly audit   'function-bind': [ '1.1.1' ],
4025 silly audit   'es-get-iterator': [ '1.1.3' ],
4025 silly audit   'is-arguments': [ '1.1.1' ],
4025 silly audit   'is-array-buffer': [ '3.0.1' ],
4025 silly audit   'is-date-object': [ '1.0.5' ],
4025 silly audit   'is-regex': [ '1.1.4' ],
4025 silly audit   'is-shared-array-buffer': [ '1.0.2' ],
4025 silly audit   isarray: [ '2.0.5', '1.0.0' ],
4025 silly audit   'object-keys': [ '1.1.1' ],
4025 silly audit   'object.assign': [ '4.1.4' ],
4025 silly audit   'regexp.prototype.flags': [ '1.4.3' ],
4025 silly audit   'side-channel': [ '1.0.4' ],
4025 silly audit   'which-boxed-primitive': [ '1.0.2' ],
4025 silly audit   'which-collection': [ '1.0.1' ],
4025 silly audit   'which-typed-array': [ '1.1.9' ],
4025 silly audit   'has-property-descriptors': [ '1.0.0' ],
4025 silly audit   'available-typed-arrays': [ '1.0.5' ],
4025 silly audit   'es-set-tostringtag': [ '2.0.1' ],
4025 silly audit   'es-to-primitive': [ '1.2.1' ],
4025 silly audit   'function.prototype.name': [ '1.1.5' ],
4025 silly audit   'get-symbol-description': [ '1.0.0' ],
4025 silly audit   globalthis: [ '1.0.3' ],
4025 silly audit   gopd: [ '1.0.1' ],
4025 silly audit   'has-proto': [ '1.0.1' ],
4025 silly audit   'has-symbols': [ '1.0.3' ],
4025 silly audit   'internal-slot': [ '1.0.5' ],
4025 silly audit   'is-callable': [ '1.2.7' ],
4025 silly audit   'is-negative-zero': [ '2.0.2' ],
4025 silly audit   'is-typed-array': [ '1.1.10' ],
4025 silly audit   'is-weakref': [ '1.0.2' ],
4025 silly audit   'object-inspect': [ '1.12.3' ],
4025 silly audit   'safe-regex-test': [ '1.0.0' ],
4025 silly audit   'string.prototype.trimend': [ '1.0.6' ],
4025 silly audit   'string.prototype.trimstart': [ '1.0.6' ],
4025 silly audit   'typed-array-length': [ '1.0.4' ],
4025 silly audit   'unbox-primitive': [ '1.0.2' ],
4025 silly audit   'is-map': [ '2.0.2' ],
4025 silly audit   'is-set': [ '2.0.2' ],
4025 silly audit   'stop-iteration-iterator': [ '1.0.0' ],
4025 silly audit   'has-tostringtag': [ '1.0.0' ],
4025 silly audit   'is-symbol': [ '1.0.4' ],
4025 silly audit   'array.prototype.tosorted': [ '1.1.1' ],
4025 silly audit   estraverse: [ '5.3.0', '4.3.0' ],
4025 silly audit   'object.hasown': [ '1.1.2' ],
4025 silly audit   'object.values': [ '1.1.6' ],
4025 silly audit   'prop-types': [ '15.8.1' ],
4025 silly audit   'string.prototype.matchall': [ '4.0.8' ],
4025 silly audit   esrecurse: [ '4.3.0' ],
4025 silly audit   acorn: [ '7.4.1', '8.16.0' ],
4025 silly audit   'acorn-jsx': [ '5.3.2' ],
4025 silly audit   'get-stream': [ '5.2.0', '4.1.0', '3.0.0' ],
4025 silly audit   'human-signals': [ '1.1.1' ],
4025 silly audit   'is-stream': [ '2.0.1', '1.1.0' ],
4025 silly audit   'merge-stream': [ '2.0.0' ],
4025 silly audit   'npm-run-path': [ '4.0.1', '2.0.2' ],
4025 silly audit   onetime: [ '5.1.2' ],
4025 silly audit   'signal-exit': [ '3.0.7' ],
4025 silly audit   'strip-final-newline': [ '2.0.0' ],
4025 silly audit   pify: [ '2.3.0', '3.0.0' ],
4025 silly audit   '@types/yauzl': [ '2.10.0' ],
4025 silly audit   'flat-cache': [ '3.0.4' ],
4025 silly audit   commondir: [ '1.0.1' ],
4025 silly audit   'pkg-dir': [ '4.2.0' ],
4025 silly audit   flatted: [ '3.2.7' ],
4025 silly audit   rimraf: [ '3.0.2' ],
4025 silly audit   asynckit: [ '0.4.0' ],
4025 silly audit   'at-least-node': [ '1.0.0' ],
4025 silly audit   'graceful-fs': [ '4.2.11' ],
4025 silly audit   jsonfile: [ '6.1.0', '4.0.0' ],
4025 silly audit   universalify: [ '2.0.0', '0.1.2' ],
4025 silly audit   'functions-have-names': [ '1.2.3' ],
4025 silly audit   pump: [ '3.0.0' ],
4025 silly audit   async: [ '3.2.4' ],
4025 silly audit   'assert-plus': [ '1.0.0' ],
4025 silly audit   jsprim: [ '2.0.2' ],
4025 silly audit   sshpk: [ '1.17.0' ],
4025 silly audit   'parent-module': [ '1.0.1' ],
4025 silly audit   'resolve-from': [ '4.0.0', '5.0.0' ],
4025 silly audit   'ci-info': [ '3.8.0', '1.6.0' ],
4025 silly audit   'is-extglob': [ '2.1.1' ],
4025 silly audit   'global-dirs': [ '3.0.1', '0.1.1' ],
4025 silly audit   'is-path-inside': [ '3.0.3', '1.0.1' ],
4025 silly audit   ini: [ '2.0.0', '1.3.8' ],
4025 silly audit   'for-each': [ '0.3.3' ],
4025 silly audit   argparse: [ '1.0.10' ],
4025 silly audit   esprima: [ '4.0.1' ],
4025 silly audit   'sprintf-js': [ '1.0.3', '1.1.2' ],
4025 silly audit   extsprintf: [ '1.3.0' ],
4025 silly audit   'json-schema': [ '0.4.0' ],
4025 silly audit   verror: [ '1.10.0' ],
4025 silly audit   'language-subtag-registry': [ '0.3.22' ],
4025 silly audit   'prelude-ls': [ '1.2.1' ],
4025 silly audit   'type-check': [ '0.4.0' ],
4025 silly audit   'cli-truncate': [ '2.1.0' ],
4025 silly audit   colorette: [ '2.0.19' ],
4025 silly audit   'log-update': [ '4.0.0' ],
4025 silly audit   'p-map': [ '4.0.0' ],
4025 silly audit   rfdc: [ '1.3.0' ],
4025 silly audit   rxjs: [ '7.8.0' ],
4025 silly audit   through: [ '2.3.8' ],
4025 silly audit   'wrap-ansi': [ '7.0.0', '6.2.0' ],
4025 silly audit   'slice-ansi': [ '3.0.0', '4.0.0' ],
4025 silly audit   'big.js': [ '5.2.2' ],
4025 silly audit   'emojis-list': [ '3.0.0' ],
4025 silly audit   'is-unicode-supported': [ '0.1.0' ],
4025 silly audit   'ansi-escapes': [ '4.3.2' ],
4025 silly audit   'type-fest': [ '0.21.3', '0.13.1', '0.20.2' ],
4025 silly audit   yallist: [ '3.1.1', '4.0.0', '2.1.2' ],
4025 silly audit   'mime-db': [ '1.52.0' ],
4025 silly audit   'brace-expansion': [ '1.1.11' ],
4025 silly audit   'balanced-match': [ '1.0.2' ],
4025 silly audit   'concat-map': [ '0.0.1' ],
4025 silly audit   'cheminfo-types': [ '1.4.0' ],
4025 silly audit   'is-any-array': [ '2.0.0' ],
4025 silly audit   'mimic-fn': [ '2.1.0' ],
4025 silly audit   'deep-is': [ '0.1.4' ],
4025 silly audit   'fast-levenshtein': [ '2.0.6' ],
4025 silly audit   'word-wrap': [ '1.2.4' ],
4025 silly audit   'aggregate-error': [ '3.1.0' ],
4025 silly audit   'clean-stack': [ '2.2.0' ],
4025 silly audit   'indent-string': [ '4.0.0' ],
4025 silly audit   callsites: [ '3.1.0' ],
4025 silly audit   'find-up': [ '4.1.0' ],
4025 silly audit   'locate-path': [ '5.0.0' ],
4025 silly audit   'path-exists': [ '4.0.0' ],
4025 silly audit   'p-locate': [ '4.1.0' ],
4025 silly audit   'p-limit': [ '2.3.0' ],
4025 silly audit   'p-try': [ '2.2.0' ],
4025 silly audit   nanoid: [ '3.3.11' ],
4025 silly audit   picocolors: [ '1.1.1' ],
4025 silly audit   'source-map-js': [ '1.0.2' ],
4025 silly audit   'postcss-selector-parser': [ '6.0.11' ],
4025 silly audit   cssesc: [ '3.0.0' ],
4025 silly audit   'util-deprecate': [ '1.0.2' ],
4025 silly audit   'loose-envify': [ '1.4.0' ],
4025 silly audit   'object-assign': [ '4.1.1' ],
4025 silly audit   'react-is': [ '16.13.1' ],
4025 silly audit   'end-of-stream': [ '1.4.4' ],
4025 silly audit   once: [ '1.4.0' ],
4025 silly audit   wrappy: [ '1.0.2' ],
4025 silly audit   'babel-runtime': [ '6.26.0' ],
4025 silly audit   classnames: [ '2.3.2' ],
4025 silly audit   'rc-animate': [ '2.11.1' ],
4025 silly audit   'rc-tree': [ '1.7.12' ],
4025 silly audit   'rc-trigger': [ '2.6.5' ],
4025 silly audit   'rc-util': [ '4.21.1' ],
4025 silly audit   'core-js': [ '2.6.12' ],
4025 silly audit   'css-animation': [ '1.6.1' ],
4025 silly audit   raf: [ '3.4.1' ],
4025 silly audit   'react-lifecycles-compat': [ '3.0.4' ],
4025 silly audit   'component-classes': [ '1.2.6' ],
4025 silly audit   'component-indexof': [ '0.0.3' ],
4025 silly audit   warning: [ '3.0.0', '4.0.3' ],
4025 silly audit   'rc-align': [ '2.4.5' ],
4025 silly audit   'dom-align': [ '1.12.4' ],
4025 silly audit   'add-dom-event-listener': [ '1.1.0' ],
4025 silly audit   shallowequal: [ '1.1.0' ],
4025 silly audit   electron: [ '11.5.0' ],
4025 silly audit   ip: [ '1.1.8' ],
4025 silly audit   'react-devtools-core': [ '4.27.2' ],
4025 silly audit   'update-notifier': [ '2.5.0' ],
4025 silly audit   '@electron/get': [ '1.14.1' ],
4025 silly audit   'env-paths': [ '2.2.1' ],
4025 silly audit   'global-agent': [ '3.0.0' ],
4025 silly audit   'global-tunnel-ng': [ '2.7.1' ],
4025 silly audit   got: [ '9.6.0', '6.7.1' ],
4025 silly audit   sumchecker: [ '3.0.1' ],
4025 silly audit   boolean: [ '3.2.0' ],
4025 silly audit   'es6-error': [ '4.1.1' ],
4025 silly audit   matcher: [ '3.0.0' ],
4025 silly audit   roarr: [ '2.15.4' ],
4025 silly audit   'serialize-error': [ '7.0.1' ],
4025 silly audit   encodeurl: [ '1.0.2' ],
4025 silly audit   'npm-conf': [ '1.1.3' ],
4025 silly audit   tunnel: [ '0.0.6' ],
4025 silly audit   '@sindresorhus/is': [ '0.14.0' ],
4025 silly audit   '@szmarczak/http-timer': [ '1.1.2' ],
4025 silly audit   'cacheable-request': [ '6.1.0' ],
4025 silly audit   'decompress-response': [ '3.3.0' ],
4025 silly audit   duplexer3: [ '0.1.5' ],
4025 silly audit   'lowercase-keys': [ '1.0.1', '2.0.0' ],
4025 silly audit   'mimic-response': [ '1.0.1' ],
4025 silly audit   'p-cancelable': [ '1.1.0' ],
4025 silly audit   'to-readable-stream': [ '1.0.0' ],
4025 silly audit   'url-parse-lax': [ '3.0.0', '1.0.0' ],
4025 silly audit   'defer-to-connect': [ '1.1.3' ],
4025 silly audit   'clone-response': [ '1.0.3' ],
4025 silly audit   'http-cache-semantics': [ '4.1.1' ],
4025 silly audit   keyv: [ '3.1.0' ],
4025 silly audit   'normalize-url': [ '4.5.1' ],
4025 silly audit   responselike: [ '1.0.2' ],
4025 silly audit   'json-buffer': [ '3.0.0' ],
4025 silly audit   'config-chain': [ '1.1.13' ],
4025 silly audit   'proto-list': [ '1.2.4' ],
4025 silly audit   'shell-quote': [ '1.8.0' ],
4025 silly audit   ws: [ '7.5.10' ],
4025 silly audit   scheduler: [ '0.20.2' ],
4025 silly audit   'lodash.isequal': [ '4.5.0' ],
4025 silly audit   'react-draggable': [ '3.3.2', '4.4.5' ],
4025 silly audit   'react-resizable': [ '1.11.1' ],
4025 silly audit   exenv: [ '1.2.2' ],
4025 silly audit   '@babel/regjsgen': [ '0.8.0' ],
4025 silly audit   regenerate: [ '1.4.2' ],
4025 silly audit   'regenerate-unicode-properties': [ '10.1.0' ],
4025 silly audit   regjsparser: [ '0.9.1' ],
4025 silly audit   'unicode-match-property-ecmascript': [ '2.0.0' ],
4025 silly audit   'unicode-match-property-value-ecmascript': [ '2.1.0' ],
4025 silly audit   throttleit: [ '1.0.0' ],
4025 silly audit   'is-core-module': [ '2.11.0' ],
4025 silly audit   'path-parse': [ '1.0.7' ],
4025 silly audit   'supports-preserve-symlinks-flag': [ '1.0.0' ],
4025 silly audit   glob: [ '7.2.3' ],
4025 silly audit   'fs.realpath': [ '1.0.0' ],
4025 silly audit   inflight: [ '1.0.6' ],
4025 silly audit   inherits: [ '2.0.4' ],
4025 silly audit   'path-is-absolute': [ '1.0.1' ],
4025 silly audit   'detect-node': [ '2.1.0' ],
4025 silly audit   'semver-compare': [ '1.0.0' ],
4025 silly audit   tslib: [ '2.5.0' ],
4025 silly audit   '@types/json-schema': [ '7.0.15' ],
4025 silly audit   'ajv-keywords': [ '3.5.2', '5.1.0' ],
4025 silly audit   'shebang-regex': [ '3.0.0', '1.0.0' ],
4025 silly audit   'astral-regex': [ '2.0.0' ],
4025 silly audit   'is-fullwidth-code-point': [ '3.0.0', '2.0.0' ],
4025 silly audit   asn1: [ '0.2.6' ],
4025 silly audit   'bcrypt-pbkdf': [ '1.0.2' ],
4025 silly audit   dashdash: [ '1.14.1' ],
4025 silly audit   'ecc-jsbn': [ '0.1.2' ],
4025 silly audit   getpass: [ '0.1.7' ],
4025 silly audit   jsbn: [ '0.1.1' ],
4025 silly audit   'safer-buffer': [ '2.1.2' ],
4025 silly audit   tweetnacl: [ '0.14.5' ],
4025 silly audit   'readable-stream': [ '3.6.0', '2.3.7' ],
4025 silly audit   string_decoder: [ '1.3.0', '1.1.1' ],
4025 silly audit   'builtin-status-codes': [ '3.0.0' ],
4025 silly audit   xtend: [ '4.0.2' ],
4025 silly audit   'ansi-regex': [ '5.0.1', '3.0.1' ],
4025 silly audit   'has-flag': [ '3.0.0', '4.0.0' ],
4025 silly audit   'lodash.truncate': [ '4.4.2' ],
4025 silly audit   psl: [ '1.9.0' ],
4025 silly audit   punycode: [ '2.3.0', '1.3.2' ],
4025 silly audit   'has-bigints': [ '1.0.2' ],
4025 silly audit   'unicode-canonical-property-names-ecmascript': [ '2.0.0' ],
4025 silly audit   'unicode-property-aliases-ecmascript': [ '2.1.0' ],
4025 silly audit   escalade: [ '3.2.0' ],
4025 silly audit   boxen: [ '1.3.0' ],
4025 silly audit   configstore: [ '3.1.5' ],
4025 silly audit   'import-lazy': [ '2.1.0' ],
4025 silly audit   'is-npm': [ '1.0.0' ],
4025 silly audit   'latest-version': [ '3.1.0' ],
4025 silly audit   'semver-diff': [ '2.1.0' ],
4025 silly audit   'xdg-basedir': [ '3.0.0' ],
4025 silly audit   'ansi-align': [ '2.0.0' ],
4025 silly audit   camelcase: [ '4.1.0' ],
4025 silly audit   'cli-boxes': [ '1.0.0' ],
4025 silly audit   'term-size': [ '1.2.0' ],
4025 silly audit   'widest-line': [ '2.0.1' ],
4025 silly audit   'dot-prop': [ '4.2.1' ],
4025 silly audit   'unique-string': [ '1.0.0' ],
4025 silly audit   'write-file-atomic': [ '2.4.3' ],
4025 silly audit   'is-obj': [ '1.0.1' ],
4025 silly audit   'package-json': [ '4.0.1' ],
4025 silly audit   'registry-auth-token': [ '3.4.0' ],
4025 silly audit   'registry-url': [ '3.1.0' ],
4025 silly audit   rc: [ '1.2.8' ],
4025 silly audit   'deep-extend': [ '0.6.0' ],
4025 silly audit   'crypto-random-string': [ '1.0.0' ],
4025 silly audit   querystring: [ '0.2.0' ],
4025 silly audit   'prepend-http': [ '2.0.0', '1.0.4' ],
4025 silly audit   'is-generator-function': [ '1.0.10' ],
4025 silly audit   'core-util-is': [ '1.0.2' ],
4025 silly audit   '@types/eslint-scope': [ '3.7.7' ],
4025 silly audit   '@types/estree': [ '1.0.8' ],
4025 silly audit   '@webassemblyjs/ast': [ '1.14.1' ],
4025 silly audit   '@webassemblyjs/wasm-edit': [ '1.14.1' ],
4025 silly audit   '@webassemblyjs/wasm-parser': [ '1.14.1' ],
4025 silly audit   'acorn-import-phases': [ '1.0.4' ],
4025 silly audit   'chrome-trace-event': [ '1.0.3' ],
4025 silly audit   'enhanced-resolve': [ '5.19.0' ],
4025 silly audit   'es-module-lexer': [ '2.0.0' ],
4025 silly audit   events: [ '3.3.0' ],
4025 silly audit   'glob-to-regexp': [ '0.4.1' ],
4025 silly audit   'json-parse-even-better-errors': [ '2.3.1' ],
4025 silly audit   'loader-runner': [ '4.3.1' ],
4025 silly audit   'neo-async': [ '2.6.2' ],
4025 silly audit   tapable: [ '2.3.0' ],
4025 silly audit   'terser-webpack-plugin': [ '5.3.16' ],
4025 silly audit   watchpack: [ '2.5.1' ],
4025 silly audit   'webpack-sources': [ '3.3.4' ],
4025 silly audit   '@types/eslint': [ '8.44.0' ],
4025 silly audit   '@webassemblyjs/helper-numbers': [ '1.13.2' ],
4025 silly audit   '@webassemblyjs/helper-wasm-bytecode': [ '1.13.2' ],
4025 silly audit   '@webassemblyjs/floating-point-hex-parser': [ '1.13.2' ],
4025 silly audit   '@webassemblyjs/helper-api-error': [ '1.13.2' ],
4025 silly audit   '@xtuc/long': [ '4.2.2' ],
4025 silly audit   '@webassemblyjs/helper-buffer': [ '1.14.1' ],
4025 silly audit   '@webassemblyjs/helper-wasm-section': [ '1.14.1' ],
4025 silly audit   '@webassemblyjs/wasm-gen': [ '1.14.1' ],
4025 silly audit   '@webassemblyjs/wasm-opt': [ '1.14.1' ],
4025 silly audit   '@webassemblyjs/wast-printer': [ '1.14.1' ],
4025 silly audit   '@webassemblyjs/ieee754': [ '1.13.2' ],
4025 silly audit   '@webassemblyjs/leb128': [ '1.13.2' ],
4025 silly audit   '@webassemblyjs/utf8': [ '1.13.2' ],
4025 silly audit   '@xtuc/ieee754': [ '1.2.0' ],
4025 silly audit   'jest-worker': [ '27.5.1' ],
4025 silly audit   'serialize-javascript': [ '6.0.2' ],
4025 silly audit   terser: [ '5.46.0' ],
4025 silly audit   randombytes: [ '2.1.0' ],
4025 silly audit   '@jridgewell/source-map': [ '0.3.5' ],
4025 silly audit   'source-map-support': [ '0.5.21' ],
4025 silly audit   'buffer-from': [ '1.1.2' ],
4025 silly audit   'source-map': [ '0.6.1' ],
4025 silly audit   '@discoveryjs/json-ext': [ '0.5.7' ],
4025 silly audit   '@webpack-cli/configtest': [ '1.2.0' ],
4025 silly audit   '@webpack-cli/info': [ '1.5.0' ],
4025 silly audit   '@webpack-cli/serve': [ '1.7.0' ],
4025 silly audit   'fastest-levenshtein': [ '1.0.16' ],
4025 silly audit   'import-local': [ '3.1.0' ],
4025 silly audit   interpret: [ '2.2.0' ],
4025 silly audit   rechoir: [ '0.7.1' ],
4025 silly audit   envinfo: [ '7.8.1' ],
4025 silly audit   'resolve-cwd': [ '3.0.0' ],
4025 silly audit   'clone-deep': [ '4.0.1' ],
4025 silly audit   wildcard: [ '2.0.0' ],
4025 silly audit   'is-plain-object': [ '2.0.4' ],
4025 silly audit   'kind-of': [ '6.0.3' ],
4025 silly audit   'shallow-clone': [ '3.0.1' ],
4025 silly audit   isobject: [ '3.0.1' ],
4025 silly audit   isexe: [ '2.0.0' ],
4025 silly audit   'is-bigint': [ '1.0.4' ],
4025 silly audit   'is-boolean-object': [ '1.1.2' ],
4025 silly audit   'is-number-object': [ '1.0.7' ],
4025 silly audit   'is-weakmap': [ '2.0.1' ],
4025 silly audit   'is-weakset': [ '2.0.2' ],
4025 silly audit   'buffer-crc32': [ '0.2.13' ],
4025 silly audit   'fd-slicer': [ '1.1.0' ],
4025 silly audit   pend: [ '1.2.0' ],
4025 silly audit   'concat-stream': [ '1.6.2' ],
4025 silly audit   mkdirp: [ '0.5.6' ],
4025 silly audit   typedarray: [ '0.0.6' ],
4025 silly audit   'process-nextick-args': [ '2.0.1' ],
4025 silly audit   'create-error-class': [ '3.0.2' ],
4025 silly audit   'is-redirect': [ '1.0.0' ],
4025 silly audit   'is-retry-allowed': [ '1.2.0' ],
4025 silly audit   'timed-out': [ '4.0.1' ],
4025 silly audit   'unzip-response': [ '2.0.1' ],
4025 silly audit   'capture-stack-trace': [ '1.0.2' ],
4025 silly audit   pseudomap: [ '1.0.2' ],
4025 silly audit   clsx: [ '1.2.1' ],
4025 silly audit   'require-from-string': [ '2.0.2' ],
4025 silly audit   'p-finally': [ '1.0.0' ],
4025 silly audit   'strip-eof': [ '1.0.0' ],
4025 silly audit   'ajv-formats': [ '2.1.1' ],
4025 silly audit   'fast-uri': [ '3.1.0' ],
4025 silly audit   'path-is-inside': [ '1.0.2' ]
4025 silly audit }
4026 silly tarball no local data for path-is-inside@https://registry.npmjs.org/path-is-inside/-/path-is-inside-1.0.2.tgz. Extracting by manifest.
4027 silly tarball no local data for fast-uri@https://registry.npmjs.org/fast-uri/-/fast-uri-3.1.0.tgz. Extracting by manifest.
4028 silly tarball no local data for ajv-formats@https://registry.npmjs.org/ajv-formats/-/ajv-formats-2.1.1.tgz. Extracting by manifest.
4029 silly tarball no local data for p-finally@https://registry.npmjs.org/p-finally/-/p-finally-1.0.0.tgz. Extracting by manifest.
4030 silly tarball no local data for require-from-string@https://registry.npmjs.org/require-from-string/-/require-from-string-2.0.2.tgz. Extracting by manifest.
4031 silly tarball no local data for strip-eof@https://registry.npmjs.org/strip-eof/-/strip-eof-1.0.0.tgz. Extracting by manifest.
4032 silly tarball no local data for pseudomap@https://registry.npmjs.org/pseudomap/-/pseudomap-1.0.2.tgz. Extracting by manifest.
4033 silly tarball no local data for capture-stack-trace@https://registry.npmjs.org/capture-stack-trace/-/capture-stack-trace-1.0.2.tgz. Extracting by manifest.
4034 silly tarball no local data for timed-out@https://registry.npmjs.org/timed-out/-/timed-out-4.0.1.tgz. Extracting by manifest.
4035 silly tarball no local data for clsx@https://registry.npmjs.org/clsx/-/clsx-1.2.1.tgz. Extracting by manifest.
4036 silly tarball no local data for is-retry-allowed@https://registry.npmjs.org/is-retry-allowed/-/is-retry-allowed-1.2.0.tgz. Extracting by manifest.
4037 silly tarball no local data for unzip-response@https://registry.npmjs.org/unzip-response/-/unzip-response-2.0.1.tgz. Extracting by manifest.
4038 silly tarball no local data for is-redirect@https://registry.npmjs.org/is-redirect/-/is-redirect-1.0.0.tgz. Extracting by manifest.
4039 silly tarball no local data for create-error-class@https://registry.npmjs.org/create-error-class/-/create-error-class-3.0.2.tgz. Extracting by manifest.
4040 silly tarball no local data for process-nextick-args@https://registry.npmjs.org/process-nextick-args/-/process-nextick-args-2.0.1.tgz. Extracting by manifest.
4041 silly tarball no local data for mkdirp@https://registry.npmjs.org/mkdirp/-/mkdirp-0.5.6.tgz. Extracting by manifest.
4042 silly tarball no local data for typedarray@https://registry.npmjs.org/typedarray/-/typedarray-0.0.6.tgz. Extracting by manifest.
4043 silly tarball no local data for concat-stream@https://registry.npmjs.org/concat-stream/-/concat-stream-1.6.2.tgz. Extracting by manifest.
4044 silly tarball no local data for pend@https://registry.npmjs.org/pend/-/pend-1.2.0.tgz. Extracting by manifest.
4045 silly tarball no local data for fd-slicer@https://registry.npmjs.org/fd-slicer/-/fd-slicer-1.1.0.tgz. Extracting by manifest.
4046 silly tarball no local data for is-weakset@https://registry.npmjs.org/is-weakset/-/is-weakset-2.0.2.tgz. Extracting by manifest.
4047 silly tarball no local data for buffer-crc32@https://registry.npmjs.org/buffer-crc32/-/buffer-crc32-0.2.13.tgz. Extracting by manifest.
4048 silly tarball no local data for is-weakmap@https://registry.npmjs.org/is-weakmap/-/is-weakmap-2.0.1.tgz. Extracting by manifest.
4049 silly tarball no local data for is-number-object@https://registry.npmjs.org/is-number-object/-/is-number-object-1.0.7.tgz. Extracting by manifest.
4050 silly tarball no local data for is-boolean-object@https://registry.npmjs.org/is-boolean-object/-/is-boolean-object-1.1.2.tgz. Extracting by manifest.
4051 silly tarball no local data for is-bigint@https://registry.npmjs.org/is-bigint/-/is-bigint-1.0.4.tgz. Extracting by manifest.
4052 silly tarball no local data for isexe@https://registry.npmjs.org/isexe/-/isexe-2.0.0.tgz. Extracting by manifest.
4053 silly tarball no local data for shallow-clone@https://registry.npmjs.org/shallow-clone/-/shallow-clone-3.0.1.tgz. Extracting by manifest.
4054 silly tarball no local data for isobject@https://registry.npmjs.org/isobject/-/isobject-3.0.1.tgz. Extracting by manifest.
4055 silly tarball no local data for kind-of@https://registry.npmjs.org/kind-of/-/kind-of-6.0.3.tgz. Extracting by manifest.
4056 silly tarball no local data for wildcard@https://registry.npmjs.org/wildcard/-/wildcard-2.0.0.tgz. Extracting by manifest.
4057 silly tarball no local data for is-plain-object@https://registry.npmjs.org/is-plain-object/-/is-plain-object-2.0.4.tgz. Extracting by manifest.
4058 silly tarball no local data for resolve-cwd@https://registry.npmjs.org/resolve-cwd/-/resolve-cwd-3.0.0.tgz. Extracting by manifest.
4059 silly tarball no local data for clone-deep@https://registry.npmjs.org/clone-deep/-/clone-deep-4.0.1.tgz. Extracting by manifest.
4060 silly tarball no local data for envinfo@https://registry.npmjs.org/envinfo/-/envinfo-7.8.1.tgz. Extracting by manifest.
4061 silly tarball no local data for rechoir@https://registry.npmjs.org/rechoir/-/rechoir-0.7.1.tgz. Extracting by manifest.
4062 silly tarball no local data for interpret@https://registry.npmjs.org/interpret/-/interpret-2.2.0.tgz. Extracting by manifest.
4063 silly tarball no local data for fastest-levenshtein@https://registry.npmjs.org/fastest-levenshtein/-/fastest-levenshtein-1.0.16.tgz. Extracting by manifest.
4064 silly tarball no local data for import-local@https://registry.npmjs.org/import-local/-/import-local-3.1.0.tgz. Extracting by manifest.
4065 silly tarball no local data for @webpack-cli/serve@https://registry.npmjs.org/@webpack-cli/serve/-/serve-1.7.0.tgz. Extracting by manifest.
4066 silly tarball no local data for @webpack-cli/configtest@https://registry.npmjs.org/@webpack-cli/configtest/-/configtest-1.2.0.tgz. Extracting by manifest.
4067 silly tarball no local data for @webpack-cli/info@https://registry.npmjs.org/@webpack-cli/info/-/info-1.5.0.tgz. Extracting by manifest.
4068 silly tarball no local data for @discoveryjs/json-ext@https://registry.npmjs.org/@discoveryjs/json-ext/-/json-ext-0.5.7.tgz. Extracting by manifest.
4069 silly tarball no local data for source-map@https://registry.npmjs.org/source-map/-/source-map-0.6.1.tgz. Extracting by manifest.
4070 silly tarball no local data for buffer-from@https://registry.npmjs.org/buffer-from/-/buffer-from-1.1.2.tgz. Extracting by manifest.
4071 silly tarball no local data for @jridgewell/source-map@https://registry.npmjs.org/@jridgewell/source-map/-/source-map-0.3.5.tgz. Extracting by manifest.
4072 silly tarball no local data for source-map-support@https://registry.npmjs.org/source-map-support/-/source-map-support-0.5.21.tgz. Extracting by manifest.
4073 silly tarball no local data for randombytes@https://registry.npmjs.org/randombytes/-/randombytes-2.1.0.tgz. Extracting by manifest.
4074 silly tarball no local data for terser@https://registry.npmjs.org/terser/-/terser-5.46.0.tgz. Extracting by manifest.
4075 silly tarball no local data for serialize-javascript@https://registry.npmjs.org/serialize-javascript/-/serialize-javascript-6.0.2.tgz. Extracting by manifest.
4076 silly tarball no local data for @xtuc/ieee754@https://registry.npmjs.org/@xtuc/ieee754/-/ieee754-1.2.0.tgz. Extracting by manifest.
4077 silly tarball no local data for jest-worker@https://registry.npmjs.org/jest-worker/-/jest-worker-27.5.1.tgz. Extracting by manifest.
4078 silly tarball no local data for @webassemblyjs/utf8@https://registry.npmjs.org/@webassemblyjs/utf8/-/utf8-1.13.2.tgz. Extracting by manifest.
4079 silly tarball no local data for @webassemblyjs/leb128@https://registry.npmjs.org/@webassemblyjs/leb128/-/leb128-1.13.2.tgz. Extracting by manifest.
4080 silly tarball no local data for @webassemblyjs/wast-printer@https://registry.npmjs.org/@webassemblyjs/wast-printer/-/wast-printer-1.14.1.tgz. Extracting by manifest.
4081 silly tarball no local data for @webassemblyjs/ieee754@https://registry.npmjs.org/@webassemblyjs/ieee754/-/ieee754-1.13.2.tgz. Extracting by manifest.
4082 silly tarball no local data for @webassemblyjs/wasm-opt@https://registry.npmjs.org/@webassemblyjs/wasm-opt/-/wasm-opt-1.14.1.tgz. Extracting by manifest.
4083 silly tarball no local data for @webassemblyjs/wasm-gen@https://registry.npmjs.org/@webassemblyjs/wasm-gen/-/wasm-gen-1.14.1.tgz. Extracting by manifest.
4084 silly tarball no local data for @webassemblyjs/helper-wasm-section@https://registry.npmjs.org/@webassemblyjs/helper-wasm-section/-/helper-wasm-section-1.14.1.tgz. Extracting by manifest.
4085 silly tarball no local data for @xtuc/long@https://registry.npmjs.org/@xtuc/long/-/long-4.2.2.tgz. Extracting by manifest.
4086 silly tarball no local data for @webassemblyjs/helper-buffer@https://registry.npmjs.org/@webassemblyjs/helper-buffer/-/helper-buffer-1.14.1.tgz. Extracting by manifest.
4087 silly tarball no local data for @webassemblyjs/helper-api-error@https://registry.npmjs.org/@webassemblyjs/helper-api-error/-/helper-api-error-1.13.2.tgz. Extracting by manifest.
4088 silly tarball no local data for @webassemblyjs/floating-point-hex-parser@https://registry.npmjs.org/@webassemblyjs/floating-point-hex-parser/-/floating-point-hex-parser-1.13.2.tgz. Extracting by manifest.
4089 silly tarball no local data for @webassemblyjs/helper-wasm-bytecode@https://registry.npmjs.org/@webassemblyjs/helper-wasm-bytecode/-/helper-wasm-bytecode-1.13.2.tgz. Extracting by manifest.
4090 silly tarball no local data for @webassemblyjs/helper-numbers@https://registry.npmjs.org/@webassemblyjs/helper-numbers/-/helper-numbers-1.13.2.tgz. Extracting by manifest.
4091 silly tarball no local data for @types/eslint@https://registry.npmjs.org/@types/eslint/-/eslint-8.44.0.tgz. Extracting by manifest.
4092 silly tarball no local data for watchpack@https://registry.npmjs.org/watchpack/-/watchpack-2.5.1.tgz. Extracting by manifest.
4093 silly tarball no local data for webpack-sources@https://registry.npmjs.org/webpack-sources/-/webpack-sources-3.3.4.tgz. Extracting by manifest.
4094 silly tarball no local data for terser-webpack-plugin@https://registry.npmjs.org/terser-webpack-plugin/-/terser-webpack-plugin-5.3.16.tgz. Extracting by manifest.
4095 silly tarball no local data for tapable@https://registry.npmjs.org/tapable/-/tapable-2.3.0.tgz. Extracting by manifest.
4096 silly tarball no local data for neo-async@https://registry.npmjs.org/neo-async/-/neo-async-2.6.2.tgz. Extracting by manifest.
4097 silly tarball no local data for loader-runner@https://registry.npmjs.org/loader-runner/-/loader-runner-4.3.1.tgz. Extracting by manifest.
4098 silly tarball no local data for json-parse-even-better-errors@https://registry.npmjs.org/json-parse-even-better-errors/-/json-parse-even-better-errors-2.3.1.tgz. Extracting by manifest.
4099 silly tarball no local data for glob-to-regexp@https://registry.npmjs.org/glob-to-regexp/-/glob-to-regexp-0.4.1.tgz. Extracting by manifest.
4100 silly tarball no local data for events@https://registry.npmjs.org/events/-/events-3.3.0.tgz. Extracting by manifest.
4101 silly tarball no local data for es-module-lexer@https://registry.npmjs.org/es-module-lexer/-/es-module-lexer-2.0.0.tgz. Extracting by manifest.
4102 silly tarball no local data for @webassemblyjs/wasm-parser@https://registry.npmjs.org/@webassemblyjs/wasm-parser/-/wasm-parser-1.14.1.tgz. Extracting by manifest.
4103 silly tarball no local data for enhanced-resolve@https://registry.npmjs.org/enhanced-resolve/-/enhanced-resolve-5.19.0.tgz. Extracting by manifest.
4104 silly tarball no local data for chrome-trace-event@https://registry.npmjs.org/chrome-trace-event/-/chrome-trace-event-1.0.3.tgz. Extracting by manifest.
4105 silly tarball no local data for @webassemblyjs/wasm-edit@https://registry.npmjs.org/@webassemblyjs/wasm-edit/-/wasm-edit-1.14.1.tgz. Extracting by manifest.
4106 silly tarball no local data for @webassemblyjs/ast@https://registry.npmjs.org/@webassemblyjs/ast/-/ast-1.14.1.tgz. Extracting by manifest.
4107 silly tarball no local data for @types/estree@https://registry.npmjs.org/@types/estree/-/estree-1.0.8.tgz. Extracting by manifest.
4108 silly tarball no local data for @types/eslint-scope@https://registry.npmjs.org/@types/eslint-scope/-/eslint-scope-3.7.7.tgz. Extracting by manifest.
4109 silly tarball no local data for core-util-is@https://registry.npmjs.org/core-util-is/-/core-util-is-1.0.2.tgz. Extracting by manifest.
4110 silly tarball no local data for prepend-http@https://registry.npmjs.org/prepend-http/-/prepend-http-2.0.0.tgz. Extracting by manifest.
4111 silly tarball no local data for is-generator-function@https://registry.npmjs.org/is-generator-function/-/is-generator-function-1.0.10.tgz. Extracting by manifest.
4112 silly tarball no local data for crypto-random-string@https://registry.npmjs.org/crypto-random-string/-/crypto-random-string-1.0.0.tgz. Extracting by manifest.
4113 silly tarball no local data for querystring@https://registry.npmjs.org/querystring/-/querystring-0.2.0.tgz. Extracting by manifest.
4114 silly tarball no local data for deep-extend@https://registry.npmjs.org/deep-extend/-/deep-extend-0.6.0.tgz. Extracting by manifest.
4115 silly tarball no local data for rc@https://registry.npmjs.org/rc/-/rc-1.2.8.tgz. Extracting by manifest.
4116 silly tarball no local data for registry-url@https://registry.npmjs.org/registry-url/-/registry-url-3.1.0.tgz. Extracting by manifest.
4117 silly tarball no local data for registry-auth-token@https://registry.npmjs.org/registry-auth-token/-/registry-auth-token-3.4.0.tgz. Extracting by manifest.
4118 silly tarball no local data for package-json@https://registry.npmjs.org/package-json/-/package-json-4.0.1.tgz. Extracting by manifest.
4119 silly tarball no local data for write-file-atomic@https://registry.npmjs.org/write-file-atomic/-/write-file-atomic-2.4.3.tgz. Extracting by manifest.
4120 silly tarball no local data for is-obj@https://registry.npmjs.org/is-obj/-/is-obj-1.0.1.tgz. Extracting by manifest.
4121 silly tarball no local data for unique-string@https://registry.npmjs.org/unique-string/-/unique-string-1.0.0.tgz. Extracting by manifest.
4122 silly tarball no local data for dot-prop@https://registry.npmjs.org/dot-prop/-/dot-prop-4.2.1.tgz. Extracting by manifest.
4123 silly tarball no local data for widest-line@https://registry.npmjs.org/widest-line/-/widest-line-2.0.1.tgz. Extracting by manifest.
4124 silly tarball no local data for term-size@https://registry.npmjs.org/term-size/-/term-size-1.2.0.tgz. Extracting by manifest.
4125 silly tarball no local data for cli-boxes@https://registry.npmjs.org/cli-boxes/-/cli-boxes-1.0.0.tgz. Extracting by manifest.
4126 silly tarball no local data for ansi-align@https://registry.npmjs.org/ansi-align/-/ansi-align-2.0.0.tgz. Extracting by manifest.
4127 silly tarball no local data for xdg-basedir@https://registry.npmjs.org/xdg-basedir/-/xdg-basedir-3.0.0.tgz. Extracting by manifest.
4128 silly tarball no local data for semver-diff@https://registry.npmjs.org/semver-diff/-/semver-diff-2.1.0.tgz. Extracting by manifest.
4129 silly tarball no local data for camelcase@https://registry.npmjs.org/camelcase/-/camelcase-4.1.0.tgz. Extracting by manifest.
4130 silly tarball no local data for latest-version@https://registry.npmjs.org/latest-version/-/latest-version-3.1.0.tgz. Extracting by manifest.
4131 silly tarball no local data for is-npm@https://registry.npmjs.org/is-npm/-/is-npm-1.0.0.tgz. Extracting by manifest.
4132 silly tarball no local data for import-lazy@https://registry.npmjs.org/import-lazy/-/import-lazy-2.1.0.tgz. Extracting by manifest.
4133 silly tarball no local data for boxen@https://registry.npmjs.org/boxen/-/boxen-1.3.0.tgz. Extracting by manifest.
4134 silly tarball no local data for escalade@https://registry.npmjs.org/escalade/-/escalade-3.2.0.tgz. Extracting by manifest.
4135 silly tarball no local data for configstore@https://registry.npmjs.org/configstore/-/configstore-3.1.5.tgz. Extracting by manifest.
4136 silly tarball no local data for unicode-property-aliases-ecmascript@https://registry.npmjs.org/unicode-property-aliases-ecmascript/-/unicode-property-aliases-ecmascript-2.1.0.tgz. Extracting by manifest.
4137 silly tarball no local data for unicode-canonical-property-names-ecmascript@https://registry.npmjs.org/unicode-canonical-property-names-ecmascript/-/unicode-canonical-property-names-ecmascript-2.0.0.tgz. Extracting by manifest.
4138 silly tarball no local data for has-bigints@https://registry.npmjs.org/has-bigints/-/has-bigints-1.0.2.tgz. Extracting by manifest.
4139 silly tarball no local data for punycode@https://registry.npmjs.org/punycode/-/punycode-2.3.0.tgz. Extracting by manifest.
4140 silly tarball no local data for psl@https://registry.npmjs.org/psl/-/psl-1.9.0.tgz. Extracting by manifest.
4141 silly tarball no local data for lodash.truncate@https://registry.npmjs.org/lodash.truncate/-/lodash.truncate-4.4.2.tgz. Extracting by manifest.
4142 silly tarball no local data for has-flag@https://registry.npmjs.org/has-flag/-/has-flag-3.0.0.tgz. Extracting by manifest.
4143 silly tarball no local data for ansi-regex@https://registry.npmjs.org/ansi-regex/-/ansi-regex-5.0.1.tgz. Extracting by manifest.
4144 silly tarball no local data for xtend@https://registry.npmjs.org/xtend/-/xtend-4.0.2.tgz. Extracting by manifest.
4145 silly tarball no local data for string_decoder@https://registry.npmjs.org/string_decoder/-/string_decoder-1.3.0.tgz. Extracting by manifest.
4146 silly tarball no local data for readable-stream@https://registry.npmjs.org/readable-stream/-/readable-stream-3.6.0.tgz. Extracting by manifest.
4147 silly tarball no local data for builtin-status-codes@https://registry.npmjs.org/builtin-status-codes/-/builtin-status-codes-3.0.0.tgz. Extracting by manifest.
4148 silly tarball no local data for tweetnacl@https://registry.npmjs.org/tweetnacl/-/tweetnacl-0.14.5.tgz. Extracting by manifest.
4149 silly tarball no local data for safer-buffer@https://registry.npmjs.org/safer-buffer/-/safer-buffer-2.1.2.tgz. Extracting by manifest.
4150 silly tarball no local data for jsbn@https://registry.npmjs.org/jsbn/-/jsbn-0.1.1.tgz. Extracting by manifest.
4151 silly tarball no local data for getpass@https://registry.npmjs.org/getpass/-/getpass-0.1.7.tgz. Extracting by manifest.
4152 silly tarball no local data for ecc-jsbn@https://registry.npmjs.org/ecc-jsbn/-/ecc-jsbn-0.1.2.tgz. Extracting by manifest.
4153 silly tarball no local data for dashdash@https://registry.npmjs.org/dashdash/-/dashdash-1.14.1.tgz. Extracting by manifest.
4154 silly tarball no local data for bcrypt-pbkdf@https://registry.npmjs.org/bcrypt-pbkdf/-/bcrypt-pbkdf-1.0.2.tgz. Extracting by manifest.
4155 silly tarball no local data for asn1@https://registry.npmjs.org/asn1/-/asn1-0.2.6.tgz. Extracting by manifest.
4156 silly tarball no local data for is-fullwidth-code-point@https://registry.npmjs.org/is-fullwidth-code-point/-/is-fullwidth-code-point-3.0.0.tgz. Extracting by manifest.
4157 silly tarball no local data for shebang-regex@https://registry.npmjs.org/shebang-regex/-/shebang-regex-3.0.0.tgz. Extracting by manifest.
4158 silly tarball no local data for astral-regex@https://registry.npmjs.org/astral-regex/-/astral-regex-2.0.0.tgz. Extracting by manifest.
4159 silly tarball no local data for ajv-keywords@https://registry.npmjs.org/ajv-keywords/-/ajv-keywords-3.5.2.tgz. Extracting by manifest.
4160 silly tarball no local data for @types/json-schema@https://registry.npmjs.org/@types/json-schema/-/json-schema-7.0.15.tgz. Extracting by manifest.
4161 silly tarball no local data for semver-compare@https://registry.npmjs.org/semver-compare/-/semver-compare-1.0.0.tgz. Extracting by manifest.
4162 silly tarball no local data for tslib@https://registry.npmjs.org/tslib/-/tslib-2.5.0.tgz. Extracting by manifest.
4163 silly tarball no local data for detect-node@https://registry.npmjs.org/detect-node/-/detect-node-2.1.0.tgz. Extracting by manifest.
4164 silly tarball no local data for path-is-absolute@https://registry.npmjs.org/path-is-absolute/-/path-is-absolute-1.0.1.tgz. Extracting by manifest.
4165 silly tarball no local data for inflight@https://registry.npmjs.org/inflight/-/inflight-1.0.6.tgz. Extracting by manifest.
4166 silly tarball no local data for inherits@https://registry.npmjs.org/inherits/-/inherits-2.0.4.tgz. Extracting by manifest.
4167 silly tarball no local data for glob@https://registry.npmjs.org/glob/-/glob-7.2.3.tgz. Extracting by manifest.
4168 silly tarball no local data for fs.realpath@https://registry.npmjs.org/fs.realpath/-/fs.realpath-1.0.0.tgz. Extracting by manifest.
4169 silly tarball no local data for supports-preserve-symlinks-flag@https://registry.npmjs.org/supports-preserve-symlinks-flag/-/supports-preserve-symlinks-flag-1.0.0.tgz. Extracting by manifest.
4170 silly tarball no local data for path-parse@https://registry.npmjs.org/path-parse/-/path-parse-1.0.7.tgz. Extracting by manifest.
4171 silly tarball no local data for is-core-module@https://registry.npmjs.org/is-core-module/-/is-core-module-2.11.0.tgz. Extracting by manifest.
4172 silly tarball no local data for throttleit@https://registry.npmjs.org/throttleit/-/throttleit-1.0.0.tgz. Extracting by manifest.
4173 silly tarball no local data for unicode-match-property-value-ecmascript@https://registry.npmjs.org/unicode-match-property-value-ecmascript/-/unicode-match-property-value-ecmascript-2.1.0.tgz. Extracting by manifest.
4174 silly tarball no local data for unicode-match-property-ecmascript@https://registry.npmjs.org/unicode-match-property-ecmascript/-/unicode-match-property-ecmascript-2.0.0.tgz. Extracting by manifest.
4175 silly tarball no local data for regenerate-unicode-properties@https://registry.npmjs.org/regenerate-unicode-properties/-/regenerate-unicode-properties-10.1.0.tgz. Extracting by manifest.
4176 silly tarball no local data for regjsparser@https://registry.npmjs.org/regjsparser/-/regjsparser-0.9.1.tgz. Extracting by manifest.
4177 silly tarball no local data for regenerate@https://registry.npmjs.org/regenerate/-/regenerate-1.4.2.tgz. Extracting by manifest.
4178 silly tarball no local data for @babel/regjsgen@https://registry.npmjs.org/@babel/regjsgen/-/regjsgen-0.8.0.tgz. Extracting by manifest.
4179 silly tarball no local data for exenv@https://registry.npmjs.org/exenv/-/exenv-1.2.2.tgz. Extracting by manifest.
4180 silly tarball no local data for react-draggable@https://registry.npmjs.org/react-draggable/-/react-draggable-3.3.2.tgz. Extracting by manifest.
4181 silly tarball no local data for react-resizable@https://registry.npmjs.org/react-resizable/-/react-resizable-1.11.1.tgz. Extracting by manifest.
4182 silly tarball no local data for lodash.isequal@https://registry.npmjs.org/lodash.isequal/-/lodash.isequal-4.5.0.tgz. Extracting by manifest.
4183 silly tarball no local data for scheduler@https://registry.npmjs.org/scheduler/-/scheduler-0.20.2.tgz. Extracting by manifest.
4184 silly tarball no local data for ws@https://registry.npmjs.org/ws/-/ws-7.5.10.tgz. Extracting by manifest.
4185 silly tarball no local data for shell-quote@https://registry.npmjs.org/shell-quote/-/shell-quote-1.8.0.tgz. Extracting by manifest.
4186 silly tarball no local data for proto-list@https://registry.npmjs.org/proto-list/-/proto-list-1.2.4.tgz. Extracting by manifest.
4187 silly tarball no local data for config-chain@https://registry.npmjs.org/config-chain/-/config-chain-1.1.13.tgz. Extracting by manifest.
4188 silly tarball no local data for json-buffer@https://registry.npmjs.org/json-buffer/-/json-buffer-3.0.0.tgz. Extracting by manifest.
4189 silly tarball no local data for responselike@https://registry.npmjs.org/responselike/-/responselike-1.0.2.tgz. Extracting by manifest.
4190 silly tarball no local data for normalize-url@https://registry.npmjs.org/normalize-url/-/normalize-url-4.5.1.tgz. Extracting by manifest.
4191 silly tarball no local data for keyv@https://registry.npmjs.org/keyv/-/keyv-3.1.0.tgz. Extracting by manifest.
4192 silly tarball no local data for http-cache-semantics@https://registry.npmjs.org/http-cache-semantics/-/http-cache-semantics-4.1.1.tgz. Extracting by manifest.
4193 silly tarball no local data for clone-response@https://registry.npmjs.org/clone-response/-/clone-response-1.0.3.tgz. Extracting by manifest.
4194 silly tarball no local data for defer-to-connect@https://registry.npmjs.org/defer-to-connect/-/defer-to-connect-1.1.3.tgz. Extracting by manifest.
4195 silly tarball no local data for url-parse-lax@https://registry.npmjs.org/url-parse-lax/-/url-parse-lax-3.0.0.tgz. Extracting by manifest.
4196 silly tarball no local data for to-readable-stream@https://registry.npmjs.org/to-readable-stream/-/to-readable-stream-1.0.0.tgz. Extracting by manifest.
4197 silly tarball no local data for mimic-response@https://registry.npmjs.org/mimic-response/-/mimic-response-1.0.1.tgz. Extracting by manifest.
4198 silly tarball no local data for p-cancelable@https://registry.npmjs.org/p-cancelable/-/p-cancelable-1.1.0.tgz. Extracting by manifest.
4199 silly tarball no local data for lowercase-keys@https://registry.npmjs.org/lowercase-keys/-/lowercase-keys-1.0.1.tgz. Extracting by manifest.
4200 silly tarball no local data for duplexer3@https://registry.npmjs.org/duplexer3/-/duplexer3-0.1.5.tgz. Extracting by manifest.
4201 silly tarball no local data for decompress-response@https://registry.npmjs.org/decompress-response/-/decompress-response-3.3.0.tgz. Extracting by manifest.
4202 silly tarball no local data for cacheable-request@https://registry.npmjs.org/cacheable-request/-/cacheable-request-6.1.0.tgz. Extracting by manifest.
4203 silly tarball no local data for @sindresorhus/is@https://registry.npmjs.org/@sindresorhus/is/-/is-0.14.0.tgz. Extracting by manifest.
4204 silly tarball no local data for @szmarczak/http-timer@https://registry.npmjs.org/@szmarczak/http-timer/-/http-timer-1.1.2.tgz. Extracting by manifest.
4205 silly tarball no local data for tunnel@https://registry.npmjs.org/tunnel/-/tunnel-0.0.6.tgz. Extracting by manifest.
4206 silly tarball no local data for npm-conf@https://registry.npmjs.org/npm-conf/-/npm-conf-1.1.3.tgz. Extracting by manifest.
4207 silly tarball no local data for encodeurl@https://registry.npmjs.org/encodeurl/-/encodeurl-1.0.2.tgz. Extracting by manifest.
4208 silly tarball no local data for serialize-error@https://registry.npmjs.org/serialize-error/-/serialize-error-7.0.1.tgz. Extracting by manifest.
4209 silly tarball no local data for roarr@https://registry.npmjs.org/roarr/-/roarr-2.15.4.tgz. Extracting by manifest.
4210 silly tarball no local data for matcher@https://registry.npmjs.org/matcher/-/matcher-3.0.0.tgz. Extracting by manifest.
4211 silly tarball no local data for es6-error@https://registry.npmjs.org/es6-error/-/es6-error-4.1.1.tgz. Extracting by manifest.
4212 silly tarball no local data for sumchecker@https://registry.npmjs.org/sumchecker/-/sumchecker-3.0.1.tgz. Extracting by manifest.
4213 silly tarball no local data for got@https://registry.npmjs.org/got/-/got-9.6.0.tgz. Extracting by manifest.
4214 silly tarball no local data for boolean@https://registry.npmjs.org/boolean/-/boolean-3.2.0.tgz. Extracting by manifest.
4215 silly tarball no local data for global-tunnel-ng@https://registry.npmjs.org/global-tunnel-ng/-/global-tunnel-ng-2.7.1.tgz. Extracting by manifest.
4216 silly tarball no local data for global-agent@https://registry.npmjs.org/global-agent/-/global-agent-3.0.0.tgz. Extracting by manifest.
4217 silly tarball no local data for env-paths@https://registry.npmjs.org/env-paths/-/env-paths-2.2.1.tgz. Extracting by manifest.
4218 silly tarball no local data for @electron/get@https://registry.npmjs.org/@electron/get/-/get-1.14.1.tgz. Extracting by manifest.
4219 silly tarball no local data for update-notifier@https://registry.npmjs.org/update-notifier/-/update-notifier-2.5.0.tgz. Extracting by manifest.
4220 silly tarball no local data for react-devtools-core@https://registry.npmjs.org/react-devtools-core/-/react-devtools-core-4.27.2.tgz. Extracting by manifest.
4221 silly tarball no local data for ip@https://registry.npmjs.org/ip/-/ip-1.1.8.tgz. Extracting by manifest.
4222 silly tarball no local data for electron@https://registry.npmjs.org/electron/-/electron-11.5.0.tgz. Extracting by manifest.
4223 silly tarball no local data for add-dom-event-listener@https://registry.npmjs.org/add-dom-event-listener/-/add-dom-event-listener-1.1.0.tgz. Extracting by manifest.
4224 silly tarball no local data for shallowequal@https://registry.npmjs.org/shallowequal/-/shallowequal-1.1.0.tgz. Extracting by manifest.
4225 silly tarball no local data for dom-align@https://registry.npmjs.org/dom-align/-/dom-align-1.12.4.tgz. Extracting by manifest.
4226 silly tarball no local data for component-indexof@https://registry.npmjs.org/component-indexof/-/component-indexof-0.0.3.tgz. Extracting by manifest.
4227 silly tarball no local data for warning@https://registry.npmjs.org/warning/-/warning-3.0.0.tgz. Extracting by manifest.
4228 silly tarball no local data for rc-align@https://registry.npmjs.org/rc-align/-/rc-align-2.4.5.tgz. Extracting by manifest.
4229 silly tarball no local data for component-classes@https://registry.npmjs.org/component-classes/-/component-classes-1.2.6.tgz. Extracting by manifest.
4230 silly tarball no local data for raf@https://registry.npmjs.org/raf/-/raf-3.4.1.tgz. Extracting by manifest.
4231 silly tarball no local data for css-animation@https://registry.npmjs.org/css-animation/-/css-animation-1.6.1.tgz. Extracting by manifest.
4232 silly tarball no local data for react-lifecycles-compat@https://registry.npmjs.org/react-lifecycles-compat/-/react-lifecycles-compat-3.0.4.tgz. Extracting by manifest.
4233 silly tarball no local data for rc-util@https://registry.npmjs.org/rc-util/-/rc-util-4.21.1.tgz. Extracting by manifest.
4234 silly tarball no local data for core-js@https://registry.npmjs.org/core-js/-/core-js-2.6.12.tgz. Extracting by manifest.
4235 silly tarball no local data for rc-trigger@https://registry.npmjs.org/rc-trigger/-/rc-trigger-2.6.5.tgz. Extracting by manifest.
4236 silly tarball no local data for rc-tree@https://registry.npmjs.org/rc-tree/-/rc-tree-1.7.12.tgz. Extracting by manifest.
4237 silly tarball no local data for rc-animate@https://registry.npmjs.org/rc-animate/-/rc-animate-2.11.1.tgz. Extracting by manifest.
4238 silly tarball no local data for classnames@https://registry.npmjs.org/classnames/-/classnames-2.3.2.tgz. Extracting by manifest.
4239 silly tarball no local data for babel-runtime@https://registry.npmjs.org/babel-runtime/-/babel-runtime-6.26.0.tgz. Extracting by manifest.
4240 silly tarball no local data for wrappy@https://registry.npmjs.org/wrappy/-/wrappy-1.0.2.tgz. Extracting by manifest.
4241 silly tarball no local data for end-of-stream@https://registry.npmjs.org/end-of-stream/-/end-of-stream-1.4.4.tgz. Extracting by manifest.
4242 silly tarball no local data for once@https://registry.npmjs.org/once/-/once-1.4.0.tgz. Extracting by manifest.
4243 silly tarball no local data for react-is@https://registry.npmjs.org/react-is/-/react-is-16.13.1.tgz. Extracting by manifest.
4244 silly tarball no local data for object-assign@https://registry.npmjs.org/object-assign/-/object-assign-4.1.1.tgz. Extracting by manifest.
4245 silly tarball no local data for cssesc@https://registry.npmjs.org/cssesc/-/cssesc-3.0.0.tgz. Extracting by manifest.
4246 silly tarball no local data for loose-envify@https://registry.npmjs.org/loose-envify/-/loose-envify-1.4.0.tgz. Extracting by manifest.
4247 silly tarball no local data for util-deprecate@https://registry.npmjs.org/util-deprecate/-/util-deprecate-1.0.2.tgz. Extracting by manifest.
4248 silly tarball no local data for postcss-selector-parser@https://registry.npmjs.org/postcss-selector-parser/-/postcss-selector-parser-6.0.11.tgz. Extracting by manifest.
4249 silly tarball no local data for source-map-js@https://registry.npmjs.org/source-map-js/-/source-map-js-1.0.2.tgz. Extracting by manifest.
4250 silly tarball no local data for picocolors@https://registry.npmjs.org/picocolors/-/picocolors-1.1.1.tgz. Extracting by manifest.
4251 silly tarball no local data for nanoid@https://registry.npmjs.org/nanoid/-/nanoid-3.3.11.tgz. Extracting by manifest.
4252 silly tarball no local data for p-try@https://registry.npmjs.org/p-try/-/p-try-2.2.0.tgz. Extracting by manifest.
4253 silly tarball no local data for p-locate@https://registry.npmjs.org/p-locate/-/p-locate-4.1.0.tgz. Extracting by manifest.
4254 silly tarball no local data for p-limit@https://registry.npmjs.org/p-limit/-/p-limit-2.3.0.tgz. Extracting by manifest.
4255 silly tarball no local data for locate-path@https://registry.npmjs.org/locate-path/-/locate-path-5.0.0.tgz. Extracting by manifest.
4256 silly tarball no local data for path-exists@https://registry.npmjs.org/path-exists/-/path-exists-4.0.0.tgz. Extracting by manifest.
4257 silly tarball no local data for find-up@https://registry.npmjs.org/find-up/-/find-up-4.1.0.tgz. Extracting by manifest.
4258 silly tarball no local data for callsites@https://registry.npmjs.org/callsites/-/callsites-3.1.0.tgz. Extracting by manifest.
4259 silly tarball no local data for indent-string@https://registry.npmjs.org/indent-string/-/indent-string-4.0.0.tgz. Extracting by manifest.
4260 silly tarball no local data for aggregate-error@https://registry.npmjs.org/aggregate-error/-/aggregate-error-3.1.0.tgz. Extracting by manifest.
4261 silly tarball no local data for clean-stack@https://registry.npmjs.org/clean-stack/-/clean-stack-2.2.0.tgz. Extracting by manifest.
4262 silly tarball no local data for word-wrap@https://registry.npmjs.org/word-wrap/-/word-wrap-1.2.4.tgz. Extracting by manifest.
4263 silly tarball no local data for fast-levenshtein@https://registry.npmjs.org/fast-levenshtein/-/fast-levenshtein-2.0.6.tgz. Extracting by manifest.
4264 silly tarball no local data for deep-is@https://registry.npmjs.org/deep-is/-/deep-is-0.1.4.tgz. Extracting by manifest.
4265 silly tarball no local data for mimic-fn@https://registry.npmjs.org/mimic-fn/-/mimic-fn-2.1.0.tgz. Extracting by manifest.
4266 silly tarball no local data for is-any-array@https://registry.npmjs.org/is-any-array/-/is-any-array-2.0.0.tgz. Extracting by manifest.
4267 silly tarball no local data for cheminfo-types@https://registry.npmjs.org/cheminfo-types/-/cheminfo-types-1.4.0.tgz. Extracting by manifest.
4268 silly tarball no local data for concat-map@https://registry.npmjs.org/concat-map/-/concat-map-0.0.1.tgz. Extracting by manifest.
4269 silly tarball no local data for balanced-match@https://registry.npmjs.org/balanced-match/-/balanced-match-1.0.2.tgz. Extracting by manifest.
4270 silly tarball no local data for brace-expansion@https://registry.npmjs.org/brace-expansion/-/brace-expansion-1.1.11.tgz. Extracting by manifest.
4271 silly tarball no local data for mime-db@https://registry.npmjs.org/mime-db/-/mime-db-1.52.0.tgz. Extracting by manifest.
4272 silly tarball no local data for yallist@https://registry.npmjs.org/yallist/-/yallist-3.1.1.tgz. Extracting by manifest.
4273 silly tarball no local data for type-fest@https://registry.npmjs.org/type-fest/-/type-fest-0.21.3.tgz. Extracting by manifest.
4274 silly tarball no local data for is-unicode-supported@https://registry.npmjs.org/is-unicode-supported/-/is-unicode-supported-0.1.0.tgz. Extracting by manifest.
4275 silly tarball no local data for ansi-escapes@https://registry.npmjs.org/ansi-escapes/-/ansi-escapes-4.3.2.tgz. Extracting by manifest.
4276 silly tarball no local data for emojis-list@https://registry.npmjs.org/emojis-list/-/emojis-list-3.0.0.tgz. Extracting by manifest.
4277 silly tarball no local data for big.js@https://registry.npmjs.org/big.js/-/big.js-5.2.2.tgz. Extracting by manifest.
4278 silly tarball no local data for slice-ansi@https://registry.npmjs.org/slice-ansi/-/slice-ansi-3.0.0.tgz. Extracting by manifest.
4279 silly tarball no local data for wrap-ansi@https://registry.npmjs.org/wrap-ansi/-/wrap-ansi-7.0.0.tgz. Extracting by manifest.
4280 silly tarball no local data for through@https://registry.npmjs.org/through/-/through-2.3.8.tgz. Extracting by manifest.
4281 silly tarball no local data for rxjs@https://registry.npmjs.org/rxjs/-/rxjs-7.8.0.tgz. Extracting by manifest.
4282 silly tarball no local data for log-update@https://registry.npmjs.org/log-update/-/log-update-4.0.0.tgz. Extracting by manifest.
4283 silly tarball no local data for p-map@https://registry.npmjs.org/p-map/-/p-map-4.0.0.tgz. Extracting by manifest.
4284 silly tarball no local data for rfdc@https://registry.npmjs.org/rfdc/-/rfdc-1.3.0.tgz. Extracting by manifest.
4285 silly tarball no local data for colorette@https://registry.npmjs.org/colorette/-/colorette-2.0.19.tgz. Extracting by manifest.
4286 silly tarball no local data for cli-truncate@https://registry.npmjs.org/cli-truncate/-/cli-truncate-2.1.0.tgz. Extracting by manifest.
4287 silly tarball no local data for prelude-ls@https://registry.npmjs.org/prelude-ls/-/prelude-ls-1.2.1.tgz. Extracting by manifest.
4288 silly tarball no local data for type-check@https://registry.npmjs.org/type-check/-/type-check-0.4.0.tgz. Extracting by manifest.
4289 silly tarball no local data for language-subtag-registry@https://registry.npmjs.org/language-subtag-registry/-/language-subtag-registry-0.3.22.tgz. Extracting by manifest.
4290 silly tarball no local data for json-schema@https://registry.npmjs.org/json-schema/-/json-schema-0.4.0.tgz. Extracting by manifest.
4291 silly tarball no local data for extsprintf@https://registry.npmjs.org/extsprintf/-/extsprintf-1.3.0.tgz. Extracting by manifest.
4292 silly tarball no local data for esprima@https://registry.npmjs.org/esprima/-/esprima-4.0.1.tgz. Extracting by manifest.
4293 silly tarball no local data for verror@https://registry.npmjs.org/verror/-/verror-1.10.0.tgz. Extracting by manifest.
4294 silly tarball no local data for sprintf-js@https://registry.npmjs.org/sprintf-js/-/sprintf-js-1.0.3.tgz. Extracting by manifest.
4295 silly tarball no local data for for-each@https://registry.npmjs.org/for-each/-/for-each-0.3.3.tgz. Extracting by manifest.
4296 silly tarball no local data for argparse@https://registry.npmjs.org/argparse/-/argparse-1.0.10.tgz. Extracting by manifest.
4297 silly tarball no local data for is-path-inside@https://registry.npmjs.org/is-path-inside/-/is-path-inside-3.0.3.tgz. Extracting by manifest.
4298 silly tarball no local data for ini@https://registry.npmjs.org/ini/-/ini-2.0.0.tgz. Extracting by manifest.
4299 silly tarball no local data for global-dirs@https://registry.npmjs.org/global-dirs/-/global-dirs-3.0.1.tgz. Extracting by manifest.
4300 silly tarball no local data for ci-info@https://registry.npmjs.org/ci-info/-/ci-info-3.8.0.tgz. Extracting by manifest.
4301 silly tarball no local data for is-extglob@https://registry.npmjs.org/is-extglob/-/is-extglob-2.1.1.tgz. Extracting by manifest.
4302 silly tarball no local data for resolve-from@https://registry.npmjs.org/resolve-from/-/resolve-from-4.0.0.tgz. Extracting by manifest.
4303 silly tarball no local data for parent-module@https://registry.npmjs.org/parent-module/-/parent-module-1.0.1.tgz. Extracting by manifest.
4304 silly tarball no local data for sshpk@https://registry.npmjs.org/sshpk/-/sshpk-1.17.0.tgz. Extracting by manifest.
4305 silly tarball no local data for jsprim@https://registry.npmjs.org/jsprim/-/jsprim-2.0.2.tgz. Extracting by manifest.
4306 silly tarball no local data for assert-plus@https://registry.npmjs.org/assert-plus/-/assert-plus-1.0.0.tgz. Extracting by manifest.
4307 silly tarball no local data for functions-have-names@https://registry.npmjs.org/functions-have-names/-/functions-have-names-1.2.3.tgz. Extracting by manifest.
4308 silly tarball no local data for async@https://registry.npmjs.org/async/-/async-3.2.4.tgz. Extracting by manifest.
4309 silly tarball no local data for pump@https://registry.npmjs.org/pump/-/pump-3.0.0.tgz. Extracting by manifest.
4310 silly tarball no local data for universalify@https://registry.npmjs.org/universalify/-/universalify-2.0.0.tgz. Extracting by manifest.
4311 silly tarball no local data for graceful-fs@https://registry.npmjs.org/graceful-fs/-/graceful-fs-4.2.11.tgz. Extracting by manifest.
4312 silly tarball no local data for jsonfile@https://registry.npmjs.org/jsonfile/-/jsonfile-6.1.0.tgz. Extracting by manifest.
4313 silly tarball no local data for at-least-node@https://registry.npmjs.org/at-least-node/-/at-least-node-1.0.0.tgz. Extracting by manifest.
4314 silly tarball no local data for asynckit@https://registry.npmjs.org/asynckit/-/asynckit-0.4.0.tgz. Extracting by manifest.
4315 silly tarball no local data for rimraf@https://registry.npmjs.org/rimraf/-/rimraf-3.0.2.tgz. Extracting by manifest.
4316 silly tarball no local data for flatted@https://registry.npmjs.org/flatted/-/flatted-3.2.7.tgz. Extracting by manifest.
4317 silly tarball no local data for pkg-dir@https://registry.npmjs.org/pkg-dir/-/pkg-dir-4.2.0.tgz. Extracting by manifest.
4318 silly tarball no local data for commondir@https://registry.npmjs.org/commondir/-/commondir-1.0.1.tgz. Extracting by manifest.
4319 silly tarball no local data for flat-cache@https://registry.npmjs.org/flat-cache/-/flat-cache-3.0.4.tgz. Extracting by manifest.
4320 silly tarball no local data for @types/yauzl@https://registry.npmjs.org/@types/yauzl/-/yauzl-2.10.0.tgz. Extracting by manifest.
4321 silly tarball no local data for pify@https://registry.npmjs.org/pify/-/pify-2.3.0.tgz. Extracting by manifest.
4322 silly tarball no local data for strip-final-newline@https://registry.npmjs.org/strip-final-newline/-/strip-final-newline-2.0.0.tgz. Extracting by manifest.
4323 silly tarball no local data for signal-exit@https://registry.npmjs.org/signal-exit/-/signal-exit-3.0.7.tgz. Extracting by manifest.
4324 silly tarball no local data for onetime@https://registry.npmjs.org/onetime/-/onetime-5.1.2.tgz. Extracting by manifest.
4325 silly tarball no local data for merge-stream@https://registry.npmjs.org/merge-stream/-/merge-stream-2.0.0.tgz. Extracting by manifest.
4326 silly tarball no local data for is-stream@https://registry.npmjs.org/is-stream/-/is-stream-2.0.1.tgz. Extracting by manifest.
4327 silly tarball no local data for npm-run-path@https://registry.npmjs.org/npm-run-path/-/npm-run-path-4.0.1.tgz. Extracting by manifest.
4328 silly tarball no local data for human-signals@https://registry.npmjs.org/human-signals/-/human-signals-1.1.1.tgz. Extracting by manifest.
4329 silly tarball no local data for get-stream@https://registry.npmjs.org/get-stream/-/get-stream-5.2.0.tgz. Extracting by manifest.
4330 silly tarball no local data for acorn-jsx@https://registry.npmjs.org/acorn-jsx/-/acorn-jsx-5.3.2.tgz. Extracting by manifest.
4331 silly tarball no local data for acorn@https://registry.npmjs.org/acorn/-/acorn-7.4.1.tgz. Extracting by manifest.
4332 silly tarball no local data for prop-types@https://registry.npmjs.org/prop-types/-/prop-types-15.8.1.tgz. Extracting by manifest.
4333 silly tarball no local data for esrecurse@https://registry.npmjs.org/esrecurse/-/esrecurse-4.3.0.tgz. Extracting by manifest.
4334 silly tarball no local data for string.prototype.matchall@https://registry.npmjs.org/string.prototype.matchall/-/string.prototype.matchall-4.0.8.tgz. Extracting by manifest.
4335 silly tarball no local data for object.values@https://registry.npmjs.org/object.values/-/object.values-1.1.6.tgz. Extracting by manifest.
4336 silly tarball no local data for object.hasown@https://registry.npmjs.org/object.hasown/-/object.hasown-1.1.2.tgz. Extracting by manifest.
4337 silly tarball no local data for estraverse@https://registry.npmjs.org/estraverse/-/estraverse-5.3.0.tgz. Extracting by manifest.
4338 silly tarball no local data for is-symbol@https://registry.npmjs.org/is-symbol/-/is-symbol-1.0.4.tgz. Extracting by manifest.
4339 silly tarball no local data for array.prototype.tosorted@https://registry.npmjs.org/array.prototype.tosorted/-/array.prototype.tosorted-1.1.1.tgz. Extracting by manifest.
4340 silly tarball no local data for stop-iteration-iterator@https://registry.npmjs.org/stop-iteration-iterator/-/stop-iteration-iterator-1.0.0.tgz. Extracting by manifest.
4341 silly tarball no local data for has-tostringtag@https://registry.npmjs.org/has-tostringtag/-/has-tostringtag-1.0.0.tgz. Extracting by manifest.
4342 silly tarball no local data for is-set@https://registry.npmjs.org/is-set/-/is-set-2.0.2.tgz. Extracting by manifest.
4343 silly tarball no local data for is-map@https://registry.npmjs.org/is-map/-/is-map-2.0.2.tgz. Extracting by manifest.
4344 silly tarball no local data for unbox-primitive@https://registry.npmjs.org/unbox-primitive/-/unbox-primitive-1.0.2.tgz. Extracting by manifest.
4345 silly tarball no local data for typed-array-length@https://registry.npmjs.org/typed-array-length/-/typed-array-length-1.0.4.tgz. Extracting by manifest.
4346 silly tarball no local data for string.prototype.trimend@https://registry.npmjs.org/string.prototype.trimend/-/string.prototype.trimend-1.0.6.tgz. Extracting by manifest.
4347 silly tarball no local data for string.prototype.trimstart@https://registry.npmjs.org/string.prototype.trimstart/-/string.prototype.trimstart-1.0.6.tgz. Extracting by manifest.
4348 silly tarball no local data for safe-regex-test@https://registry.npmjs.org/safe-regex-test/-/safe-regex-test-1.0.0.tgz. Extracting by manifest.
4349 silly tarball no local data for is-weakref@https://registry.npmjs.org/is-weakref/-/is-weakref-1.0.2.tgz. Extracting by manifest.
4350 silly tarball no local data for object-inspect@https://registry.npmjs.org/object-inspect/-/object-inspect-1.12.3.tgz. Extracting by manifest.
4351 silly tarball no local data for is-typed-array@https://registry.npmjs.org/is-typed-array/-/is-typed-array-1.1.10.tgz. Extracting by manifest.
4352 silly tarball no local data for internal-slot@https://registry.npmjs.org/internal-slot/-/internal-slot-1.0.5.tgz. Extracting by manifest.
4353 silly tarball no local data for is-callable@https://registry.npmjs.org/is-callable/-/is-callable-1.2.7.tgz. Extracting by manifest.
4354 silly tarball no local data for is-negative-zero@https://registry.npmjs.org/is-negative-zero/-/is-negative-zero-2.0.2.tgz. Extracting by manifest.
4355 silly tarball no local data for has-symbols@https://registry.npmjs.org/has-symbols/-/has-symbols-1.0.3.tgz. Extracting by manifest.
4356 silly tarball no local data for has-proto@https://registry.npmjs.org/has-proto/-/has-proto-1.0.1.tgz. Extracting by manifest.
4357 silly tarball no local data for gopd@https://registry.npmjs.org/gopd/-/gopd-1.0.1.tgz. Extracting by manifest.
4358 silly tarball no local data for get-symbol-description@https://registry.npmjs.org/get-symbol-description/-/get-symbol-description-1.0.0.tgz. Extracting by manifest.
4359 silly tarball no local data for globalthis@https://registry.npmjs.org/globalthis/-/globalthis-1.0.3.tgz. Extracting by manifest.
4360 silly tarball no local data for function.prototype.name@https://registry.npmjs.org/function.prototype.name/-/function.prototype.name-1.1.5.tgz. Extracting by manifest.
4361 silly tarball no local data for es-to-primitive@https://registry.npmjs.org/es-to-primitive/-/es-to-primitive-1.2.1.tgz. Extracting by manifest.
4362 silly tarball no local data for es-set-tostringtag@https://registry.npmjs.org/es-set-tostringtag/-/es-set-tostringtag-2.0.1.tgz. Extracting by manifest.
4363 silly tarball no local data for available-typed-arrays@https://registry.npmjs.org/available-typed-arrays/-/available-typed-arrays-1.0.5.tgz. Extracting by manifest.
4364 silly tarball no local data for has-property-descriptors@https://registry.npmjs.org/has-property-descriptors/-/has-property-descriptors-1.0.0.tgz. Extracting by manifest.
4365 silly tarball no local data for which-typed-array@https://registry.npmjs.org/which-typed-array/-/which-typed-array-1.1.9.tgz. Extracting by manifest.
4366 silly tarball no local data for which-collection@https://registry.npmjs.org/which-collection/-/which-collection-1.0.1.tgz. Extracting by manifest.
4367 silly tarball no local data for which-boxed-primitive@https://registry.npmjs.org/which-boxed-primitive/-/which-boxed-primitive-1.0.2.tgz. Extracting by manifest.
4368 silly tarball no local data for side-channel@https://registry.npmjs.org/side-channel/-/side-channel-1.0.4.tgz. Extracting by manifest.
4369 silly tarball no local data for regexp.prototype.flags@https://registry.npmjs.org/regexp.prototype.flags/-/regexp.prototype.flags-1.4.3.tgz. Extracting by manifest.
4370 silly tarball no local data for object.assign@https://registry.npmjs.org/object.assign/-/object.assign-4.1.4.tgz. Extracting by manifest.
4371 silly tarball no local data for object-keys@https://registry.npmjs.org/object-keys/-/object-keys-1.1.1.tgz. Extracting by manifest.
4372 silly tarball no local data for is-shared-array-buffer@https://registry.npmjs.org/is-shared-array-buffer/-/is-shared-array-buffer-1.0.2.tgz. Extracting by manifest.
4373 silly tarball no local data for isarray@https://registry.npmjs.org/isarray/-/isarray-2.0.5.tgz. Extracting by manifest.
4374 silly tarball no local data for is-regex@https://registry.npmjs.org/is-regex/-/is-regex-1.1.4.tgz. Extracting by manifest.
4375 silly tarball no local data for is-date-object@https://registry.npmjs.org/is-date-object/-/is-date-object-1.0.5.tgz. Extracting by manifest.
4376 silly tarball no local data for is-array-buffer@https://registry.npmjs.org/is-array-buffer/-/is-array-buffer-3.0.1.tgz. Extracting by manifest.
4377 silly tarball no local data for is-arguments@https://registry.npmjs.org/is-arguments/-/is-arguments-1.1.1.tgz. Extracting by manifest.
4378 silly tarball no local data for es-get-iterator@https://registry.npmjs.org/es-get-iterator/-/es-get-iterator-1.1.3.tgz. Extracting by manifest.
4379 silly tarball no local data for function-bind@https://registry.npmjs.org/function-bind/-/function-bind-1.1.1.tgz. Extracting by manifest.
4380 silly tarball no local data for es-shim-unscopables@https://registry.npmjs.org/es-shim-unscopables/-/es-shim-unscopables-1.0.0.tgz. Extracting by manifest.
4381 silly tarball no local data for is-string@https://registry.npmjs.org/is-string/-/is-string-1.0.7.tgz. Extracting by manifest.
4382 silly tarball no local data for es-abstract@https://registry.npmjs.org/es-abstract/-/es-abstract-1.21.1.tgz. Extracting by manifest.
4383 silly tarball no local data for get-intrinsic@https://registry.npmjs.org/get-intrinsic/-/get-intrinsic-1.2.0.tgz. Extracting by manifest.
4384 silly tarball no local data for call-bind@https://registry.npmjs.org/call-bind/-/call-bind-1.0.2.tgz. Extracting by manifest.
4385 silly tarball no local data for define-properties@https://registry.npmjs.org/define-properties/-/define-properties-1.2.0.tgz. Extracting by manifest.
4386 silly tarball no local data for deep-equal@https://registry.npmjs.org/deep-equal/-/deep-equal-2.2.0.tgz. Extracting by manifest.
4387 silly tarball no local data for regenerator-runtime@https://registry.npmjs.org/regenerator-runtime/-/regenerator-runtime-0.13.11.tgz. Extracting by manifest.
4388 silly tarball no local data for object.fromentries@https://registry.npmjs.org/object.fromentries/-/object.fromentries-2.0.6.tgz. Extracting by manifest.
4389 silly tarball no local data for object.entries@https://registry.npmjs.org/object.entries/-/object.entries-1.1.6.tgz. Extracting by manifest.
4390 silly tarball no local data for language-tags@https://registry.npmjs.org/language-tags/-/language-tags-1.0.5.tgz. Extracting by manifest.
4391 silly tarball no local data for jsx-ast-utils@https://registry.npmjs.org/jsx-ast-utils/-/jsx-ast-utils-3.3.3.tgz. Extracting by manifest.
4392 silly tarball no local data for has@https://registry.npmjs.org/has/-/has-1.0.3.tgz. Extracting by manifest.
4393 silly tarball no local data for emoji-regex@https://registry.npmjs.org/emoji-regex/-/emoji-regex-9.2.2.tgz. Extracting by manifest.
4394 silly tarball no local data for damerau-levenshtein@https://registry.npmjs.org/damerau-levenshtein/-/damerau-levenshtein-1.0.8.tgz. Extracting by manifest.
4395 silly tarball no local data for axobject-query@https://registry.npmjs.org/axobject-query/-/axobject-query-3.1.1.tgz. Extracting by manifest.
4396 silly tarball no local data for ast-types-flow@https://registry.npmjs.org/ast-types-flow/-/ast-types-flow-0.0.7.tgz. Extracting by manifest.
4397 silly tarball no local data for axe-core@https://registry.npmjs.org/axe-core/-/axe-core-4.6.3.tgz. Extracting by manifest.
4398 silly tarball no local data for array.prototype.flatmap@https://registry.npmjs.org/array.prototype.flatmap/-/array.prototype.flatmap-1.3.1.tgz. Extracting by manifest.
4399 silly tarball no local data for array-includes@https://registry.npmjs.org/array-includes/-/array-includes-3.1.6.tgz. Extracting by manifest.
4400 silly tarball no local data for aria-query@https://registry.npmjs.org/aria-query/-/aria-query-5.1.3.tgz. Extracting by manifest.
4401 silly tarball no local data for @babel/runtime@https://registry.npmjs.org/@babel/runtime/-/runtime-7.21.0.tgz. Extracting by manifest.
4402 silly tarball no local data for which@https://registry.npmjs.org/which/-/which-2.0.2.tgz. Extracting by manifest.
4403 silly tarball no local data for uri-js@https://registry.npmjs.org/uri-js/-/uri-js-4.4.1.tgz. Extracting by manifest.
4404 silly tarball no local data for path-key@https://registry.npmjs.org/path-key/-/path-key-3.1.1.tgz. Extracting by manifest.
4405 silly tarball no local data for fast-json-stable-stringify@https://registry.npmjs.org/fast-json-stable-stringify/-/fast-json-stable-stringify-2.1.0.tgz. Extracting by manifest.
4406 silly tarball no local data for json-schema-traverse@https://registry.npmjs.org/json-schema-traverse/-/json-schema-traverse-0.4.1.tgz. Extracting by manifest.
4407 silly tarball no local data for shebang-command@https://registry.npmjs.org/shebang-command/-/shebang-command-2.0.0.tgz. Extracting by manifest.
4408 silly tarball no local data for @humanwhocodes/object-schema@https://registry.npmjs.org/@humanwhocodes/object-schema/-/object-schema-1.2.1.tgz. Extracting by manifest.
4409 silly tarball no local data for text-table@https://registry.npmjs.org/text-table/-/text-table-0.2.0.tgz. Extracting by manifest.
4410 silly tarball no local data for table@https://registry.npmjs.org/table/-/table-6.8.1.tgz. Extracting by manifest.
4411 silly tarball no local data for v8-compile-cache@https://registry.npmjs.org/v8-compile-cache/-/v8-compile-cache-2.3.0.tgz. Extracting by manifest.
4412 silly tarball no local data for strip-json-comments@https://registry.npmjs.org/strip-json-comments/-/strip-json-comments-3.1.1.tgz. Extracting by manifest.
4413 silly tarball no local data for regexpp@https://registry.npmjs.org/regexpp/-/regexpp-3.2.0.tgz. Extracting by manifest.
4414 silly tarball no local data for strip-ansi@https://registry.npmjs.org/strip-ansi/-/strip-ansi-6.0.1.tgz. Extracting by manifest.
4415 silly tarball no local data for progress@https://registry.npmjs.org/progress/-/progress-2.0.3.tgz. Extracting by manifest.
4416 silly tarball no local data for optionator@https://registry.npmjs.org/optionator/-/optionator-0.9.1.tgz. Extracting by manifest.
4417 silly tarball no local data for natural-compare@https://registry.npmjs.org/natural-compare/-/natural-compare-1.4.0.tgz. Extracting by manifest.
4418 silly tarball no local data for minimatch@https://registry.npmjs.org/minimatch/-/minimatch-3.1.2.tgz. Extracting by manifest.
4419 silly tarball no local data for levn@https://registry.npmjs.org/levn/-/levn-0.4.1.tgz. Extracting by manifest.
4420 silly tarball no local data for js-yaml@https://registry.npmjs.org/js-yaml/-/js-yaml-3.14.2.tgz. Extracting by manifest.
4421 silly tarball no local data for lodash.merge@https://registry.npmjs.org/lodash.merge/-/lodash.merge-4.6.2.tgz. Extracting by manifest.
4422 silly tarball no local data for json-stable-stringify-without-jsonify@https://registry.npmjs.org/json-stable-stringify-without-jsonify/-/json-stable-stringify-without-jsonify-1.0.1.tgz. Extracting by manifest.
4423 silly tarball no local data for is-glob@https://registry.npmjs.org/is-glob/-/is-glob-4.0.3.tgz. Extracting by manifest.
4424 silly tarball no local data for imurmurhash@https://registry.npmjs.org/imurmurhash/-/imurmurhash-0.1.4.tgz. Extracting by manifest.
4425 silly tarball no local data for import-fresh@https://registry.npmjs.org/import-fresh/-/import-fresh-3.3.0.tgz. Extracting by manifest.
4426 silly tarball no local data for ignore@https://registry.npmjs.org/ignore/-/ignore-4.0.6.tgz. Extracting by manifest.
4427 silly tarball no local data for functional-red-black-tree@https://registry.npmjs.org/functional-red-black-tree/-/functional-red-black-tree-1.0.1.tgz. Extracting by manifest.
4428 silly tarball no local data for glob-parent@https://registry.npmjs.org/glob-parent/-/glob-parent-5.1.2.tgz. Extracting by manifest.
4429 silly tarball no local data for file-entry-cache@https://registry.npmjs.org/file-entry-cache/-/file-entry-cache-6.0.1.tgz. Extracting by manifest.
4430 silly tarball no local data for fast-deep-equal@https://registry.npmjs.org/fast-deep-equal/-/fast-deep-equal-3.1.3.tgz. Extracting by manifest.
4431 silly tarball no local data for esquery@https://registry.npmjs.org/esquery/-/esquery-1.5.0.tgz. Extracting by manifest.
4432 silly tarball no local data for espree@https://registry.npmjs.org/espree/-/espree-7.3.1.tgz. Extracting by manifest.
4433 silly tarball no local data for eslint-utils@https://registry.npmjs.org/eslint-utils/-/eslint-utils-2.1.0.tgz. Extracting by manifest.
4434 silly tarball no local data for doctrine@https://registry.npmjs.org/doctrine/-/doctrine-3.0.0.tgz. Extracting by manifest.
4435 silly tarball no local data for ajv@https://registry.npmjs.org/ajv/-/ajv-6.12.6.tgz. Extracting by manifest.
4436 silly tarball no local data for cross-spawn@https://registry.npmjs.org/cross-spawn/-/cross-spawn-7.0.3.tgz. Extracting by manifest.
4437 silly tarball no local data for @eslint/eslintrc@https://registry.npmjs.org/@eslint/eslintrc/-/eslintrc-0.4.3.tgz. Extracting by manifest.
4438 silly tarball no local data for @humanwhocodes/config-array@https://registry.npmjs.org/@humanwhocodes/config-array/-/config-array-0.5.0.tgz. Extracting by manifest.
4439 silly tarball no local data for ansi-colors@https://registry.npmjs.org/ansi-colors/-/ansi-colors-4.1.3.tgz. Extracting by manifest.
4440 silly tarball no local data for d3-timer@https://registry.npmjs.org/d3-timer/-/d3-timer-1.0.10.tgz. Extracting by manifest.
4441 silly tarball no local data for d3-ease@https://registry.npmjs.org/d3-ease/-/d3-ease-1.0.7.tgz. Extracting by manifest.
4442 silly tarball no local data for ms@https://registry.npmjs.org/ms/-/ms-2.1.2.tgz. Extracting by manifest.
4443 silly tarball no local data for d3-color@https://registry.npmjs.org/d3-color/-/d3-color-1.4.1.tgz. Extracting by manifest.
4444 silly tarball no local data for d3-transition@https://registry.npmjs.org/d3-transition/-/d3-transition-1.3.2.tgz. Extracting by manifest.
4445 silly tarball no local data for d3-interpolate@https://registry.npmjs.org/d3-interpolate/-/d3-interpolate-1.4.0.tgz. Extracting by manifest.
4446 silly tarball no local data for delayed-stream@https://registry.npmjs.org/delayed-stream/-/delayed-stream-1.0.0.tgz. Extracting by manifest.
4447 silly tarball no local data for restore-cursor@https://registry.npmjs.org/restore-cursor/-/restore-cursor-3.1.0.tgz. Extracting by manifest.
4448 silly tarball no local data for lodash.once@https://registry.npmjs.org/lodash.once/-/lodash.once-4.1.1.tgz. Extracting by manifest.
4449 silly tarball no local data for string-width@https://registry.npmjs.org/string-width/-/string-width-4.2.3.tgz. Extracting by manifest.
4450 silly tarball no local data for @colors/colors@https://registry.npmjs.org/@colors/colors/-/colors-1.5.0.tgz. Extracting by manifest.
4451 silly tarball no local data for tunnel-agent@https://registry.npmjs.org/tunnel-agent/-/tunnel-agent-0.6.0.tgz. Extracting by manifest.
4452 silly tarball no local data for uuid@https://registry.npmjs.org/uuid/-/uuid-8.3.2.tgz. Extracting by manifest.
4453 silly tarball no local data for tough-cookie@https://registry.npmjs.org/tough-cookie/-/tough-cookie-2.5.0.tgz. Extracting by manifest.
4454 silly tarball no local data for safe-buffer@https://registry.npmjs.org/safe-buffer/-/safe-buffer-5.2.1.tgz. Extracting by manifest.
4455 silly tarball no local data for qs@https://registry.npmjs.org/qs/-/qs-6.10.4.tgz. Extracting by manifest.
4456 silly tarball no local data for performance-now@https://registry.npmjs.org/performance-now/-/performance-now-2.1.0.tgz. Extracting by manifest.
4457 silly tarball no local data for mime-types@https://registry.npmjs.org/mime-types/-/mime-types-2.1.35.tgz. Extracting by manifest.
4458 silly tarball no local data for json-stringify-safe@https://registry.npmjs.org/json-stringify-safe/-/json-stringify-safe-5.0.1.tgz. Extracting by manifest.
4459 silly tarball no local data for is-typedarray@https://registry.npmjs.org/is-typedarray/-/is-typedarray-1.0.0.tgz. Extracting by manifest.
4460 silly tarball no local data for isstream@https://registry.npmjs.org/isstream/-/isstream-0.1.2.tgz. Extracting by manifest.
4461 silly tarball no local data for http-signature@https://registry.npmjs.org/http-signature/-/http-signature-1.3.6.tgz. Extracting by manifest.
4462 silly tarball no local data for form-data@https://registry.npmjs.org/form-data/-/form-data-2.3.3.tgz. Extracting by manifest.
4463 silly tarball no local data for forever-agent@https://registry.npmjs.org/forever-agent/-/forever-agent-0.6.1.tgz. Extracting by manifest.
4464 silly tarball no local data for extend@https://registry.npmjs.org/extend/-/extend-3.0.2.tgz. Extracting by manifest.
4465 silly tarball no local data for combined-stream@https://registry.npmjs.org/combined-stream/-/combined-stream-1.0.8.tgz. Extracting by manifest.
4466 silly tarball no local data for aws4@https://registry.npmjs.org/aws4/-/aws4-1.12.0.tgz. Extracting by manifest.
4467 silly tarball no local data for caseless@https://registry.npmjs.org/caseless/-/caseless-0.12.0.tgz. Extracting by manifest.
4468 silly tarball no local data for aws-sign2@https://registry.npmjs.org/aws-sign2/-/aws-sign2-0.7.0.tgz. Extracting by manifest.
4469 silly tarball no local data for yauzl@https://registry.npmjs.org/yauzl/-/yauzl-2.10.0.tgz. Extracting by manifest.
4470 silly tarball no local data for untildify@https://registry.npmjs.org/untildify/-/untildify-4.0.0.tgz. Extracting by manifest.
4471 silly tarball no local data for tmp@https://registry.npmjs.org/tmp/-/tmp-0.2.5.tgz. Extracting by manifest.
4472 silly tarball no local data for proxy-from-env@https://registry.npmjs.org/proxy-from-env/-/proxy-from-env-1.0.0.tgz. Extracting by manifest.
4473 silly tarball no local data for pretty-bytes@https://registry.npmjs.org/pretty-bytes/-/pretty-bytes-5.6.0.tgz. Extracting by manifest.
4474 silly tarball no local data for request-progress@https://registry.npmjs.org/request-progress/-/request-progress-3.0.0.tgz. Extracting by manifest.
4475 silly tarball no local data for ospath@https://registry.npmjs.org/ospath/-/ospath-1.2.2.tgz. Extracting by manifest.
4476 silly tarball no local data for log-symbols@https://registry.npmjs.org/log-symbols/-/log-symbols-4.1.0.tgz. Extracting by manifest.
4477 silly tarball no local data for minimist@https://registry.npmjs.org/minimist/-/minimist-1.2.8.tgz. Extracting by manifest.
4478 silly tarball no local data for lodash@https://registry.npmjs.org/lodash/-/lodash-4.17.23.tgz. Extracting by manifest.
4479 silly tarball no local data for listr2@https://registry.npmjs.org/listr2/-/listr2-3.14.0.tgz. Extracting by manifest.
4480 silly tarball no local data for lazy-ass@https://registry.npmjs.org/lazy-ass/-/lazy-ass-1.6.0.tgz. Extracting by manifest.
4481 silly tarball no local data for is-installed-globally@https://registry.npmjs.org/is-installed-globally/-/is-installed-globally-0.4.0.tgz. Extracting by manifest.
4482 silly tarball no local data for is-ci@https://registry.npmjs.org/is-ci/-/is-ci-3.0.1.tgz. Extracting by manifest.
4483 silly tarball no local data for fs-extra@https://registry.npmjs.org/fs-extra/-/fs-extra-9.1.0.tgz. Extracting by manifest.
4484 silly tarball no local data for getos@https://registry.npmjs.org/getos/-/getos-3.2.1.tgz. Extracting by manifest.
4485 silly tarball no local data for figures@https://registry.npmjs.org/figures/-/figures-3.2.0.tgz. Extracting by manifest.
4486 silly tarball no local data for executable@https://registry.npmjs.org/executable/-/executable-4.1.1.tgz. Extracting by manifest.
4487 silly tarball no local data for extract-zip@https://registry.npmjs.org/extract-zip/-/extract-zip-2.0.1.tgz. Extracting by manifest.
4488 silly tarball no local data for execa@https://registry.npmjs.org/execa/-/execa-4.1.0.tgz. Extracting by manifest.
4489 silly tarball no local data for eventemitter2@https://registry.npmjs.org/eventemitter2/-/eventemitter2-6.4.9.tgz. Extracting by manifest.
4490 silly tarball no local data for enquirer@https://registry.npmjs.org/enquirer/-/enquirer-2.3.6.tgz. Extracting by manifest.
4491 silly tarball no local data for dayjs@https://registry.npmjs.org/dayjs/-/dayjs-1.11.7.tgz. Extracting by manifest.
4492 silly tarball no local data for common-tags@https://registry.npmjs.org/common-tags/-/common-tags-1.8.2.tgz. Extracting by manifest.
4493 silly tarball no local data for commander@https://registry.npmjs.org/commander/-/commander-5.1.0.tgz. Extracting by manifest.
4494 silly tarball no local data for cli-table3@https://registry.npmjs.org/cli-table3/-/cli-table3-0.6.3.tgz. Extracting by manifest.
4495 silly tarball no local data for cli-cursor@https://registry.npmjs.org/cli-cursor/-/cli-cursor-3.1.0.tgz. Extracting by manifest.
4496 silly tarball no local data for check-more-types@https://registry.npmjs.org/check-more-types/-/check-more-types-2.24.0.tgz. Extracting by manifest.
4497 silly tarball no local data for cachedir@https://registry.npmjs.org/cachedir/-/cachedir-2.3.0.tgz. Extracting by manifest.
4498 silly tarball no local data for bluebird@https://registry.npmjs.org/bluebird/-/bluebird-3.7.2.tgz. Extracting by manifest.
4499 silly tarball no local data for blob-util@https://registry.npmjs.org/blob-util/-/blob-util-2.0.2.tgz. Extracting by manifest.
4500 silly tarball no local data for arch@https://registry.npmjs.org/arch/-/arch-2.2.0.tgz. Extracting by manifest.
4501 silly tarball no local data for @types/sizzle@https://registry.npmjs.org/@types/sizzle/-/sizzle-2.3.3.tgz. Extracting by manifest.
4502 silly tarball no local data for @types/sinonjs__fake-timers@https://registry.npmjs.org/@types/sinonjs__fake-timers/-/sinonjs__fake-timers-8.1.1.tgz. Extracting by manifest.
4503 silly tarball no local data for @cypress/xvfb@https://registry.npmjs.org/@cypress/xvfb/-/xvfb-1.2.4.tgz. Extracting by manifest.
4504 silly tarball no local data for @types/node@https://registry.npmjs.org/@types/node/-/node-14.18.36.tgz. Extracting by manifest.
4505 silly tarball no local data for @cypress/request@https://registry.npmjs.org/@cypress/request/-/request-2.88.11.tgz. Extracting by manifest.
4506 silly tarball no local data for postcss-value-parser@https://registry.npmjs.org/postcss-value-parser/-/postcss-value-parser-4.2.0.tgz. Extracting by manifest.
4507 silly tarball no local data for postcss-modules-values@https://registry.npmjs.org/postcss-modules-values/-/postcss-modules-values-4.0.0.tgz. Extracting by manifest.
4508 silly tarball no local data for postcss-modules-scope@https://registry.npmjs.org/postcss-modules-scope/-/postcss-modules-scope-3.0.0.tgz. Extracting by manifest.
4509 silly tarball no local data for postcss-modules-local-by-default@https://registry.npmjs.org/postcss-modules-local-by-default/-/postcss-modules-local-by-default-4.0.0.tgz. Extracting by manifest.
4510 silly tarball no local data for postcss-modules-extract-imports@https://registry.npmjs.org/postcss-modules-extract-imports/-/postcss-modules-extract-imports-3.0.0.tgz. Extracting by manifest.
4511 silly tarball no local data for postcss@https://registry.npmjs.org/postcss/-/postcss-8.4.31.tgz. Extracting by manifest.
4512 silly tarball no local data for icss-utils@https://registry.npmjs.org/icss-utils/-/icss-utils-5.1.0.tgz. Extracting by manifest.
4513 silly tarball no local data for color-name@https://registry.npmjs.org/color-name/-/color-name-1.1.3.tgz. Extracting by manifest.
4514 silly tarball no local data for supports-color@https://registry.npmjs.org/supports-color/-/supports-color-5.5.0.tgz. Extracting by manifest.
4515 silly tarball no local data for color-convert@https://registry.npmjs.org/color-convert/-/color-convert-1.9.3.tgz. Extracting by manifest.
4516 silly tarball no local data for escape-string-regexp@https://registry.npmjs.org/escape-string-regexp/-/escape-string-regexp-1.0.5.tgz. Extracting by manifest.
4517 silly tarball no local data for ansi-styles@https://registry.npmjs.org/ansi-styles/-/ansi-styles-3.2.1.tgz. Extracting by manifest.
4518 silly tarball no local data for ieee754@https://registry.npmjs.org/ieee754/-/ieee754-1.2.1.tgz. Extracting by manifest.
4519 silly tarball no local data for update-browserslist-db@https://registry.npmjs.org/update-browserslist-db/-/update-browserslist-db-1.2.3.tgz. Extracting by manifest.
4520 silly tarball no local data for base64-js@https://registry.npmjs.org/base64-js/-/base64-js-1.5.1.tgz. Extracting by manifest.
4521 silly tarball no local data for node-releases@https://registry.npmjs.org/node-releases/-/node-releases-2.0.27.tgz. Extracting by manifest.
4522 silly tarball no local data for electron-to-chromium@https://registry.npmjs.org/electron-to-chromium/-/electron-to-chromium-1.5.302.tgz. Extracting by manifest.
4523 silly tarball no local data for caniuse-lite@https://registry.npmjs.org/caniuse-lite/-/caniuse-lite-1.0.30001774.tgz. Extracting by manifest.
4524 silly tarball no local data for baseline-browser-mapping@https://registry.npmjs.org/baseline-browser-mapping/-/baseline-browser-mapping-2.10.0.tgz. Extracting by manifest.
4525 silly tarball no local data for pako@https://registry.npmjs.org/pako/-/pako-1.0.11.tgz. Extracting by manifest.
4526 silly tarball no local data for resolve@https://registry.npmjs.org/resolve/-/resolve-1.22.1.tgz. Extracting by manifest.
4527 silly tarball no local data for lodash.debounce@https://registry.npmjs.org/lodash.debounce/-/lodash.debounce-4.0.8.tgz. Extracting by manifest.
4528 silly tarball no local data for schema-utils@https://registry.npmjs.org/schema-utils/-/schema-utils-2.7.1.tgz. Extracting by manifest.
4529 silly tarball no local data for make-dir@https://registry.npmjs.org/make-dir/-/make-dir-3.1.0.tgz. Extracting by manifest.
4530 silly tarball no local data for @babel/helper-define-polyfill-provider@https://registry.npmjs.org/@babel/helper-define-polyfill-provider/-/helper-define-polyfill-provider-0.3.3.tgz. Extracting by manifest.
4531 silly tarball no local data for loader-utils@https://registry.npmjs.org/loader-utils/-/loader-utils-2.0.4.tgz. Extracting by manifest.
4532 silly tarball no local data for object-is@https://registry.npmjs.org/object-is/-/object-is-1.1.5.tgz. Extracting by manifest.
4533 silly tarball no local data for find-cache-dir@https://registry.npmjs.org/find-cache-dir/-/find-cache-dir-3.3.2.tgz. Extracting by manifest.
4534 silly tarball no local data for is-nan@https://registry.npmjs.org/is-nan/-/is-nan-1.3.2.tgz. Extracting by manifest.
4535 silly tarball no local data for es6-object-assign@https://registry.npmjs.org/es6-object-assign/-/es6-object-assign-1.1.0.tgz. Extracting by manifest.
4536 silly tarball no local data for eslint-scope@https://registry.npmjs.org/eslint-scope/-/eslint-scope-5.1.1.tgz. Extracting by manifest.
4537 silly tarball no local data for @jridgewell/resolve-uri@https://registry.npmjs.org/@jridgewell/resolve-uri/-/resolve-uri-3.1.0.tgz. Extracting by manifest.
4538 silly tarball no local data for @jridgewell/sourcemap-codec@https://registry.npmjs.org/@jridgewell/sourcemap-codec/-/sourcemap-codec-1.4.14.tgz. Extracting by manifest.
4539 silly tarball no local data for @jridgewell/set-array@https://registry.npmjs.org/@jridgewell/set-array/-/set-array-1.1.2.tgz. Extracting by manifest.
4540 silly tarball no local data for @babel/helper-string-parser@https://registry.npmjs.org/@babel/helper-string-parser/-/helper-string-parser-7.22.5.tgz. Extracting by manifest.
4541 silly tarball no local data for to-fast-properties@https://registry.npmjs.org/to-fast-properties/-/to-fast-properties-2.0.0.tgz. Extracting by manifest.
4542 silly tarball no local data for @babel/plugin-syntax-jsx@https://registry.npmjs.org/@babel/plugin-syntax-jsx/-/plugin-syntax-jsx-7.18.6.tgz. Extracting by manifest.
4543 silly tarball no local data for @babel/plugin-transform-react-pure-annotations@https://registry.npmjs.org/@babel/plugin-transform-react-pure-annotations/-/plugin-transform-react-pure-annotations-7.18.6.tgz. Extracting by manifest.
4544 silly tarball no local data for @babel/plugin-transform-react-jsx-development@https://registry.npmjs.org/@babel/plugin-transform-react-jsx-development/-/plugin-transform-react-jsx-development-7.18.6.tgz. Extracting by manifest.
4545 silly tarball no local data for @babel/plugin-transform-react-display-name@https://registry.npmjs.org/@babel/plugin-transform-react-display-name/-/plugin-transform-react-display-name-7.18.6.tgz. Extracting by manifest.
4546 silly tarball no local data for @babel/plugin-transform-react-jsx@https://registry.npmjs.org/@babel/plugin-transform-react-jsx/-/plugin-transform-react-jsx-7.21.0.tgz. Extracting by manifest.
4547 silly tarball no local data for regenerator-transform@https://registry.npmjs.org/regenerator-transform/-/regenerator-transform-0.15.1.tgz. Extracting by manifest.
4548 silly tarball no local data for esutils@https://registry.npmjs.org/esutils/-/esutils-2.0.3.tgz. Extracting by manifest.
4549 silly tarball no local data for @babel/helper-hoist-variables@https://registry.npmjs.org/@babel/helper-hoist-variables/-/helper-hoist-variables-7.22.5.tgz. Extracting by manifest.
4550 silly tarball no local data for @babel/helper-explode-assignable-expression@https://registry.npmjs.org/@babel/helper-explode-assignable-expression/-/helper-explode-assignable-expression-7.18.6.tgz. Extracting by manifest.
4551 silly tarball no local data for globals@https://registry.npmjs.org/globals/-/globals-11.12.0.tgz. Extracting by manifest.
4552 silly tarball no local data for @babel/helper-builder-binary-assignment-operator-visitor@https://registry.npmjs.org/@babel/helper-builder-binary-assignment-operator-visitor/-/helper-builder-binary-assignment-operator-visitor-7.18.9.tgz. Extracting by manifest.
4553 silly tarball no local data for regexpu-core@https://registry.npmjs.org/regexpu-core/-/regexpu-core-5.3.2.tgz. Extracting by manifest.
4554 silly tarball no local data for @babel/helper-create-regexp-features-plugin@https://registry.npmjs.org/@babel/helper-create-regexp-features-plugin/-/helper-create-regexp-features-plugin-7.21.0.tgz. Extracting by manifest.
4555 silly tarball no local data for @babel/helper-remap-async-to-generator@https://registry.npmjs.org/@babel/helper-remap-async-to-generator/-/helper-remap-async-to-generator-7.18.9.tgz. Extracting by manifest.
4556 silly tarball no local data for @babel/helper-wrap-function@https://registry.npmjs.org/@babel/helper-wrap-function/-/helper-wrap-function-7.20.5.tgz. Extracting by manifest.
4557 silly tarball no local data for core-js-compat@https://registry.npmjs.org/core-js-compat/-/core-js-compat-3.31.1.tgz. Extracting by manifest.
4558 silly tarball no local data for babel-plugin-polyfill-regenerator@https://registry.npmjs.org/babel-plugin-polyfill-regenerator/-/babel-plugin-polyfill-regenerator-0.4.1.tgz. Extracting by manifest.
4559 silly tarball no local data for babel-plugin-polyfill-corejs3@https://registry.npmjs.org/babel-plugin-polyfill-corejs3/-/babel-plugin-polyfill-corejs3-0.6.0.tgz. Extracting by manifest.
4560 silly tarball no local data for babel-plugin-polyfill-corejs2@https://registry.npmjs.org/babel-plugin-polyfill-corejs2/-/babel-plugin-polyfill-corejs2-0.3.3.tgz. Extracting by manifest.
4561 silly tarball no local data for @babel/preset-modules@https://registry.npmjs.org/@babel/preset-modules/-/preset-modules-0.1.5.tgz. Extracting by manifest.
4562 silly tarball no local data for @babel/plugin-transform-unicode-regex@https://registry.npmjs.org/@babel/plugin-transform-unicode-regex/-/plugin-transform-unicode-regex-7.18.6.tgz. Extracting by manifest.
4563 silly tarball no local data for @babel/plugin-transform-typeof-symbol@https://registry.npmjs.org/@babel/plugin-transform-typeof-symbol/-/plugin-transform-typeof-symbol-7.18.9.tgz. Extracting by manifest.
4564 silly tarball no local data for @babel/plugin-transform-unicode-escapes@https://registry.npmjs.org/@babel/plugin-transform-unicode-escapes/-/plugin-transform-unicode-escapes-7.18.10.tgz. Extracting by manifest.
4565 silly tarball no local data for @babel/plugin-transform-template-literals@https://registry.npmjs.org/@babel/plugin-transform-template-literals/-/plugin-transform-template-literals-7.18.9.tgz. Extracting by manifest.
4566 silly tarball no local data for @babel/plugin-transform-sticky-regex@https://registry.npmjs.org/@babel/plugin-transform-sticky-regex/-/plugin-transform-sticky-regex-7.18.6.tgz. Extracting by manifest.
4567 silly tarball no local data for @babel/plugin-transform-spread@https://registry.npmjs.org/@babel/plugin-transform-spread/-/plugin-transform-spread-7.20.7.tgz. Extracting by manifest.
4568 silly tarball no local data for @babel/plugin-transform-shorthand-properties@https://registry.npmjs.org/@babel/plugin-transform-shorthand-properties/-/plugin-transform-shorthand-properties-7.18.6.tgz. Extracting by manifest.
4569 silly tarball no local data for @babel/plugin-transform-reserved-words@https://registry.npmjs.org/@babel/plugin-transform-reserved-words/-/plugin-transform-reserved-words-7.18.6.tgz. Extracting by manifest.
4570 silly tarball no local data for @babel/plugin-transform-property-literals@https://registry.npmjs.org/@babel/plugin-transform-property-literals/-/plugin-transform-property-literals-7.18.6.tgz. Extracting by manifest.
4571 silly tarball no local data for @babel/plugin-transform-regenerator@https://registry.npmjs.org/@babel/plugin-transform-regenerator/-/plugin-transform-regenerator-7.20.5.tgz. Extracting by manifest.
4572 silly tarball no local data for @babel/plugin-transform-parameters@https://registry.npmjs.org/@babel/plugin-transform-parameters/-/plugin-transform-parameters-7.20.7.tgz. Extracting by manifest.
4573 silly tarball no local data for @babel/plugin-transform-object-super@https://registry.npmjs.org/@babel/plugin-transform-object-super/-/plugin-transform-object-super-7.18.6.tgz. Extracting by manifest.
4574 silly tarball no local data for @babel/plugin-transform-new-target@https://registry.npmjs.org/@babel/plugin-transform-new-target/-/plugin-transform-new-target-7.18.6.tgz. Extracting by manifest.
4575 silly tarball no local data for @babel/plugin-transform-modules-umd@https://registry.npmjs.org/@babel/plugin-transform-modules-umd/-/plugin-transform-modules-umd-7.18.6.tgz. Extracting by manifest.
4576 silly tarball no local data for @babel/plugin-transform-named-capturing-groups-regex@https://registry.npmjs.org/@babel/plugin-transform-named-capturing-groups-regex/-/plugin-transform-named-capturing-groups-regex-7.20.5.tgz. Extracting by manifest.
4577 silly tarball no local data for @babel/plugin-transform-modules-systemjs@https://registry.npmjs.org/@babel/plugin-transform-modules-systemjs/-/plugin-transform-modules-systemjs-7.20.11.tgz. Extracting by manifest.
4578 silly tarball no local data for @babel/plugin-transform-modules-commonjs@https://registry.npmjs.org/@babel/plugin-transform-modules-commonjs/-/plugin-transform-modules-commonjs-7.20.11.tgz. Extracting by manifest.
4579 silly tarball no local data for @babel/plugin-transform-modules-amd@https://registry.npmjs.org/@babel/plugin-transform-modules-amd/-/plugin-transform-modules-amd-7.20.11.tgz. Extracting by manifest.
4580 silly tarball no local data for @babel/plugin-transform-literals@https://registry.npmjs.org/@babel/plugin-transform-literals/-/plugin-transform-literals-7.18.9.tgz. Extracting by manifest.
4581 silly tarball no local data for @babel/plugin-transform-member-expression-literals@https://registry.npmjs.org/@babel/plugin-transform-member-expression-literals/-/plugin-transform-member-expression-literals-7.18.6.tgz. Extracting by manifest.
4582 silly tarball no local data for @babel/plugin-transform-function-name@https://registry.npmjs.org/@babel/plugin-transform-function-name/-/plugin-transform-function-name-7.18.9.tgz. Extracting by manifest.
4583 silly tarball no local data for @babel/plugin-transform-for-of@https://registry.npmjs.org/@babel/plugin-transform-for-of/-/plugin-transform-for-of-7.21.0.tgz. Extracting by manifest.
4584 silly tarball no local data for @babel/plugin-transform-exponentiation-operator@https://registry.npmjs.org/@babel/plugin-transform-exponentiation-operator/-/plugin-transform-exponentiation-operator-7.18.6.tgz. Extracting by manifest.
4585 silly tarball no local data for @babel/plugin-transform-duplicate-keys@https://registry.npmjs.org/@babel/plugin-transform-duplicate-keys/-/plugin-transform-duplicate-keys-7.18.9.tgz. Extracting by manifest.
4586 silly tarball no local data for @babel/plugin-transform-dotall-regex@https://registry.npmjs.org/@babel/plugin-transform-dotall-regex/-/plugin-transform-dotall-regex-7.18.6.tgz. Extracting by manifest.
4587 silly tarball no local data for @babel/plugin-transform-destructuring@https://registry.npmjs.org/@babel/plugin-transform-destructuring/-/plugin-transform-destructuring-7.20.7.tgz. Extracting by manifest.
4588 silly tarball no local data for @babel/plugin-transform-computed-properties@https://registry.npmjs.org/@babel/plugin-transform-computed-properties/-/plugin-transform-computed-properties-7.20.7.tgz. Extracting by manifest.
4589 silly tarball no local data for @babel/plugin-transform-classes@https://registry.npmjs.org/@babel/plugin-transform-classes/-/plugin-transform-classes-7.21.0.tgz. Extracting by manifest.
4590 silly tarball no local data for @babel/plugin-transform-block-scoping@https://registry.npmjs.org/@babel/plugin-transform-block-scoping/-/plugin-transform-block-scoping-7.21.0.tgz. Extracting by manifest.
4591 silly tarball no local data for @babel/plugin-transform-block-scoped-functions@https://registry.npmjs.org/@babel/plugin-transform-block-scoped-functions/-/plugin-transform-block-scoped-functions-7.18.6.tgz. Extracting by manifest.
4592 silly tarball no local data for @babel/plugin-transform-async-to-generator@https://registry.npmjs.org/@babel/plugin-transform-async-to-generator/-/plugin-transform-async-to-generator-7.20.7.tgz. Extracting by manifest.
4593 silly tarball no local data for @babel/plugin-transform-arrow-functions@https://registry.npmjs.org/@babel/plugin-transform-arrow-functions/-/plugin-transform-arrow-functions-7.20.7.tgz. Extracting by manifest.
4594 silly tarball no local data for @babel/plugin-syntax-top-level-await@https://registry.npmjs.org/@babel/plugin-syntax-top-level-await/-/plugin-syntax-top-level-await-7.14.5.tgz. Extracting by manifest.
4595 silly tarball no local data for @babel/plugin-syntax-private-property-in-object@https://registry.npmjs.org/@babel/plugin-syntax-private-property-in-object/-/plugin-syntax-private-property-in-object-7.14.5.tgz. Extracting by manifest.
4596 silly tarball no local data for @babel/plugin-syntax-optional-chaining@https://registry.npmjs.org/@babel/plugin-syntax-optional-chaining/-/plugin-syntax-optional-chaining-7.8.3.tgz. Extracting by manifest.
4597 silly tarball no local data for @babel/plugin-syntax-optional-catch-binding@https://registry.npmjs.org/@babel/plugin-syntax-optional-catch-binding/-/plugin-syntax-optional-catch-binding-7.8.3.tgz. Extracting by manifest.
4598 silly tarball no local data for @babel/plugin-syntax-object-rest-spread@https://registry.npmjs.org/@babel/plugin-syntax-object-rest-spread/-/plugin-syntax-object-rest-spread-7.8.3.tgz. Extracting by manifest.
4599 silly tarball no local data for @babel/plugin-syntax-nullish-coalescing-operator@https://registry.npmjs.org/@babel/plugin-syntax-nullish-coalescing-operator/-/plugin-syntax-nullish-coalescing-operator-7.8.3.tgz. Extracting by manifest.
4600 silly tarball no local data for @babel/plugin-syntax-numeric-separator@https://registry.npmjs.org/@babel/plugin-syntax-numeric-separator/-/plugin-syntax-numeric-separator-7.10.4.tgz. Extracting by manifest.
4601 silly tarball no local data for @babel/plugin-syntax-logical-assignment-operators@https://registry.npmjs.org/@babel/plugin-syntax-logical-assignment-operators/-/plugin-syntax-logical-assignment-operators-7.10.4.tgz. Extracting by manifest.
4602 silly tarball no local data for @babel/plugin-syntax-json-strings@https://registry.npmjs.org/@babel/plugin-syntax-json-strings/-/plugin-syntax-json-strings-7.8.3.tgz. Extracting by manifest.
4603 silly tarball no local data for @babel/plugin-syntax-import-assertions@https://registry.npmjs.org/@babel/plugin-syntax-import-assertions/-/plugin-syntax-import-assertions-7.20.0.tgz. Extracting by manifest.
4604 silly tarball no local data for @babel/plugin-syntax-export-namespace-from@https://registry.npmjs.org/@babel/plugin-syntax-export-namespace-from/-/plugin-syntax-export-namespace-from-7.8.3.tgz. Extracting by manifest.
4605 silly tarball no local data for @babel/plugin-syntax-dynamic-import@https://registry.npmjs.org/@babel/plugin-syntax-dynamic-import/-/plugin-syntax-dynamic-import-7.8.3.tgz. Extracting by manifest.
4606 silly tarball no local data for @babel/plugin-syntax-class-static-block@https://registry.npmjs.org/@babel/plugin-syntax-class-static-block/-/plugin-syntax-class-static-block-7.14.5.tgz. Extracting by manifest.
4607 silly tarball no local data for @babel/plugin-syntax-class-properties@https://registry.npmjs.org/@babel/plugin-syntax-class-properties/-/plugin-syntax-class-properties-7.12.13.tgz. Extracting by manifest.
4608 silly tarball no local data for @babel/plugin-syntax-async-generators@https://registry.npmjs.org/@babel/plugin-syntax-async-generators/-/plugin-syntax-async-generators-7.8.4.tgz. Extracting by manifest.
4609 silly tarball no local data for @babel/plugin-proposal-unicode-property-regex@https://registry.npmjs.org/@babel/plugin-proposal-unicode-property-regex/-/plugin-proposal-unicode-property-regex-7.18.6.tgz. Extracting by manifest.
4610 silly tarball no local data for @babel/plugin-proposal-private-property-in-object@https://registry.npmjs.org/@babel/plugin-proposal-private-property-in-object/-/plugin-proposal-private-property-in-object-7.21.0.tgz. Extracting by manifest.
4611 silly tarball no local data for @babel/plugin-proposal-private-methods@https://registry.npmjs.org/@babel/plugin-proposal-private-methods/-/plugin-proposal-private-methods-7.18.6.tgz. Extracting by manifest.
4612 silly tarball no local data for @babel/plugin-proposal-optional-chaining@https://registry.npmjs.org/@babel/plugin-proposal-optional-chaining/-/plugin-proposal-optional-chaining-7.21.0.tgz. Extracting by manifest.
4613 silly tarball no local data for @babel/plugin-proposal-optional-catch-binding@https://registry.npmjs.org/@babel/plugin-proposal-optional-catch-binding/-/plugin-proposal-optional-catch-binding-7.18.6.tgz. Extracting by manifest.
4614 silly tarball no local data for @babel/plugin-proposal-object-rest-spread@https://registry.npmjs.org/@babel/plugin-proposal-object-rest-spread/-/plugin-proposal-object-rest-spread-7.20.7.tgz. Extracting by manifest.
4615 silly tarball no local data for @babel/plugin-proposal-numeric-separator@https://registry.npmjs.org/@babel/plugin-proposal-numeric-separator/-/plugin-proposal-numeric-separator-7.18.6.tgz. Extracting by manifest.
4616 silly tarball no local data for @babel/plugin-proposal-logical-assignment-operators@https://registry.npmjs.org/@babel/plugin-proposal-logical-assignment-operators/-/plugin-proposal-logical-assignment-operators-7.20.7.tgz. Extracting by manifest.
4617 silly tarball no local data for @babel/plugin-proposal-nullish-coalescing-operator@https://registry.npmjs.org/@babel/plugin-proposal-nullish-coalescing-operator/-/plugin-proposal-nullish-coalescing-operator-7.18.6.tgz. Extracting by manifest.
4618 silly tarball no local data for @babel/plugin-proposal-json-strings@https://registry.npmjs.org/@babel/plugin-proposal-json-strings/-/plugin-proposal-json-strings-7.18.6.tgz. Extracting by manifest.
4619 silly tarball no local data for @babel/plugin-proposal-export-namespace-from@https://registry.npmjs.org/@babel/plugin-proposal-export-namespace-from/-/plugin-proposal-export-namespace-from-7.18.9.tgz. Extracting by manifest.
4620 silly tarball no local data for @babel/plugin-proposal-dynamic-import@https://registry.npmjs.org/@babel/plugin-proposal-dynamic-import/-/plugin-proposal-dynamic-import-7.18.6.tgz. Extracting by manifest.
4621 silly tarball no local data for @babel/plugin-proposal-class-static-block@https://registry.npmjs.org/@babel/plugin-proposal-class-static-block/-/plugin-proposal-class-static-block-7.21.0.tgz. Extracting by manifest.
4622 silly tarball no local data for @babel/plugin-proposal-async-generator-functions@https://registry.npmjs.org/@babel/plugin-proposal-async-generator-functions/-/plugin-proposal-async-generator-functions-7.20.7.tgz. Extracting by manifest.
4623 silly tarball no local data for @babel/plugin-bugfix-v8-spread-parameters-in-optional-chaining@https://registry.npmjs.org/@babel/plugin-bugfix-v8-spread-parameters-in-optional-chaining/-/plugin-bugfix-v8-spread-parameters-in-optional-chaining-7.20.7.tgz. Extracting by manifest.
4624 silly tarball no local data for @babel/plugin-bugfix-safari-id-destructuring-collision-in-function-expression@https://registry.npmjs.org/@babel/plugin-bugfix-safari-id-destructuring-collision-in-function-expression/-/plugin-bugfix-safari-id-destructuring-collision-in-function-expression-7.18.6.tgz. Extracting by manifest.
4625 silly tarball no local data for @babel/helper-skip-transparent-expression-wrappers@https://registry.npmjs.org/@babel/helper-skip-transparent-expression-wrappers/-/helper-skip-transparent-expression-wrappers-7.20.0.tgz. Extracting by manifest.
4626 silly tarball no local data for @babel/helper-replace-supers@https://registry.npmjs.org/@babel/helper-replace-supers/-/helper-replace-supers-7.20.7.tgz. Extracting by manifest.
4627 silly tarball no local data for @babel/helper-function-name@https://registry.npmjs.org/@babel/helper-function-name/-/helper-function-name-7.23.0.tgz. Extracting by manifest.
4628 silly tarball no local data for @babel/helper-optimise-call-expression@https://registry.npmjs.org/@babel/helper-optimise-call-expression/-/helper-optimise-call-expression-7.18.6.tgz. Extracting by manifest.
4629 silly tarball no local data for @babel/helper-member-expression-to-functions@https://registry.npmjs.org/@babel/helper-member-expression-to-functions/-/helper-member-expression-to-functions-7.21.0.tgz. Extracting by manifest.
4630 silly tarball no local data for @babel/helper-annotate-as-pure@https://registry.npmjs.org/@babel/helper-annotate-as-pure/-/helper-annotate-as-pure-7.18.6.tgz. Extracting by manifest.
4631 silly tarball no local data for @babel/helper-plugin-utils@https://registry.npmjs.org/@babel/helper-plugin-utils/-/helper-plugin-utils-7.20.2.tgz. Extracting by manifest.
4632 silly tarball no local data for @babel/helper-create-class-features-plugin@https://registry.npmjs.org/@babel/helper-create-class-features-plugin/-/helper-create-class-features-plugin-7.21.0.tgz. Extracting by manifest.
4633 silly tarball no local data for js-tokens@https://registry.npmjs.org/js-tokens/-/js-tokens-4.0.0.tgz. Extracting by manifest.
4634 silly tarball no local data for @babel/helper-validator-identifier@https://registry.npmjs.org/@babel/helper-validator-identifier/-/helper-validator-identifier-7.22.20.tgz. Extracting by manifest.
4635 silly tarball no local data for chalk@https://registry.npmjs.org/chalk/-/chalk-2.4.2.tgz. Extracting by manifest.
4636 silly tarball no local data for @babel/helper-split-export-declaration@https://registry.npmjs.org/@babel/helper-split-export-declaration/-/helper-split-export-declaration-7.22.6.tgz. Extracting by manifest.
4637 silly tarball no local data for @babel/helper-simple-access@https://registry.npmjs.org/@babel/helper-simple-access/-/helper-simple-access-7.22.5.tgz. Extracting by manifest.
4638 silly tarball no local data for @babel/helper-module-imports@https://registry.npmjs.org/@babel/helper-module-imports/-/helper-module-imports-7.22.5.tgz. Extracting by manifest.
4639 silly tarball no local data for lru-cache@https://registry.npmjs.org/lru-cache/-/lru-cache-5.1.1.tgz. Extracting by manifest.
4640 silly tarball no local data for @babel/helper-environment-visitor@https://registry.npmjs.org/@babel/helper-environment-visitor/-/helper-environment-visitor-7.22.20.tgz. Extracting by manifest.
4641 silly tarball no local data for browserslist@https://registry.npmjs.org/browserslist/-/browserslist-4.28.1.tgz. Extracting by manifest.
4642 silly tarball no local data for @babel/helper-validator-option@https://registry.npmjs.org/@babel/helper-validator-option/-/helper-validator-option-7.22.5.tgz. Extracting by manifest.
4643 silly tarball no local data for @babel/compat-data@https://registry.npmjs.org/@babel/compat-data/-/compat-data-7.22.6.tgz. Extracting by manifest.
4644 silly tarball no local data for jsesc@https://registry.npmjs.org/jsesc/-/jsesc-2.5.2.tgz. Extracting by manifest.
4645 silly tarball no local data for semver@https://registry.npmjs.org/semver/-/semver-6.3.1.tgz. Extracting by manifest.
4646 silly tarball no local data for eslint-visitor-keys@https://registry.npmjs.org/eslint-visitor-keys/-/eslint-visitor-keys-2.1.0.tgz. Extracting by manifest.
4647 silly tarball no local data for @babel/highlight@https://registry.npmjs.org/@babel/highlight/-/highlight-7.22.20.tgz. Extracting by manifest.
4648 silly tarball no local data for @nicolo-ribaudo/eslint-scope-5-internals@https://registry.npmjs.org/@nicolo-ribaudo/eslint-scope-5-internals/-/eslint-scope-5-internals-5.1.1-v1.tgz. Extracting by manifest.
4649 silly tarball no local data for @jridgewell/trace-mapping@https://registry.npmjs.org/@jridgewell/trace-mapping/-/trace-mapping-0.3.31.tgz. Extracting by manifest.
4650 silly tarball no local data for @jridgewell/gen-mapping@https://registry.npmjs.org/@jridgewell/gen-mapping/-/gen-mapping-0.1.1.tgz. Extracting by manifest.
4651 silly tarball no local data for json5@https://registry.npmjs.org/json5/-/json5-2.2.3.tgz. Extracting by manifest.
4652 silly tarball no local data for gensync@https://registry.npmjs.org/gensync/-/gensync-1.0.0-beta.2.tgz. Extracting by manifest.
4653 silly tarball no local data for debug@https://registry.npmjs.org/debug/-/debug-4.3.4.tgz. Extracting by manifest.
4654 silly tarball no local data for convert-source-map@https://registry.npmjs.org/convert-source-map/-/convert-source-map-1.9.0.tgz. Extracting by manifest.
4655 silly tarball no local data for @babel/types@https://registry.npmjs.org/@babel/types/-/types-7.23.0.tgz. Extracting by manifest.
4656 silly tarball no local data for @nicolo-ribaudo/semver-v6@https://registry.npmjs.org/@nicolo-ribaudo/semver-v6/-/semver-v6-6.3.3.tgz. Extracting by manifest.
4657 silly tarball no local data for @babel/traverse@https://registry.npmjs.org/@babel/traverse/-/traverse-7.23.2.tgz. Extracting by manifest.
4658 silly tarball no local data for @babel/template@https://registry.npmjs.org/@babel/template/-/template-7.22.15.tgz. Extracting by manifest.
4659 silly tarball no local data for @babel/parser@https://registry.npmjs.org/@babel/parser/-/parser-7.23.0.tgz. Extracting by manifest.
4660 silly tarball no local data for @babel/helpers@https://registry.npmjs.org/@babel/helpers/-/helpers-7.22.6.tgz. Extracting by manifest.
4661 silly tarball no local data for @babel/helper-module-transforms@https://registry.npmjs.org/@babel/helper-module-transforms/-/helper-module-transforms-7.22.5.tgz. Extracting by manifest.
4662 silly tarball no local data for @babel/helper-compilation-targets@https://registry.npmjs.org/@babel/helper-compilation-targets/-/helper-compilation-targets-7.22.6.tgz. Extracting by manifest.
4663 silly tarball no local data for @babel/generator@https://registry.npmjs.org/@babel/generator/-/generator-7.23.0.tgz. Extracting by manifest.
4664 silly tarball no local data for @babel/code-frame@https://registry.npmjs.org/@babel/code-frame/-/code-frame-7.22.5.tgz. Extracting by manifest.
4665 silly tarball no local data for @ampproject/remapping@https://registry.npmjs.org/@ampproject/remapping/-/remapping-2.2.0.tgz. Extracting by manifest.
4666 silly tarball no local data for whatwg-fetch@https://registry.npmjs.org/whatwg-fetch/-/whatwg-fetch-3.6.2.tgz. Extracting by manifest.
4667 silly tarball no local data for webpack-cli@https://registry.npmjs.org/webpack-cli/-/webpack-cli-4.10.0.tgz. Extracting by manifest.
4668 silly tarball no local data for webpack-merge@https://registry.npmjs.org/webpack-merge/-/webpack-merge-5.8.0.tgz. Extracting by manifest.
4669 silly tarball no local data for url@https://registry.npmjs.org/url/-/url-0.11.0.tgz. Extracting by manifest.
4670 silly tarball no local data for three@https://registry.npmjs.org/three/-/three-0.105.2.tgz. Extracting by manifest.
4671 silly tarball no local data for style-loader@https://registry.npmjs.org/style-loader/-/style-loader-3.3.1.tgz. Extracting by manifest.
4672 silly tarball no local data for util@https://registry.npmjs.org/util/-/util-0.12.5.tgz. Extracting by manifest.
4673 silly tarball no local data for stream-http@https://registry.npmjs.org/stream-http/-/stream-http-3.2.0.tgz. Extracting by manifest.
4674 silly tarball no local data for stream-browserify@https://registry.npmjs.org/stream-browserify/-/stream-browserify-3.0.0.tgz. Extracting by manifest.
4675 silly tarball no local data for react-resize-detector@https://registry.npmjs.org/react-resize-detector/-/react-resize-detector-7.1.2.tgz. Extracting by manifest.
4676 silly tarball no local data for react-modal@https://registry.npmjs.org/react-modal/-/react-modal-3.16.1.tgz. Extracting by manifest.
4677 silly tarball no local data for react-grid-layout@https://registry.npmjs.org/react-grid-layout/-/react-grid-layout-0.16.6.tgz. Extracting by manifest.
4678 silly tarball no local data for react-dom@https://registry.npmjs.org/react-dom/-/react-dom-17.0.2.tgz. Extracting by manifest.
4679 silly tarball no local data for react-devtools@https://registry.npmjs.org/react-devtools/-/react-devtools-4.27.2.tgz. Extracting by manifest.
4680 silly tarball no local data for react@https://registry.npmjs.org/react/-/react-17.0.2.tgz. Extracting by manifest.
4681 silly tarball no local data for rc-tree-select@https://registry.npmjs.org/rc-tree-select/-/rc-tree-select-1.12.13.tgz. Extracting by manifest.
4682 silly tarball no local data for pngjs@https://registry.npmjs.org/pngjs/-/pngjs-6.0.0.tgz. Extracting by manifest.
4683 silly tarball no local data for prettier@https://registry.npmjs.org/prettier/-/prettier-2.8.4.tgz. Extracting by manifest.
4684 silly tarball no local data for pixelmatch@https://registry.npmjs.org/pixelmatch/-/pixelmatch-5.3.0.tgz. Extracting by manifest.
4685 silly tarball no local data for ml-savitzky-golay-generalized@https://registry.npmjs.org/ml-savitzky-golay-generalized/-/ml-savitzky-golay-generalized-4.0.1.tgz. Extracting by manifest.
4686 silly tarball no local data for jquery@https://registry.npmjs.org/jquery/-/jquery-3.6.3.tgz. Extracting by manifest.
4687 silly tarball no local data for https-browserify@https://registry.npmjs.org/https-browserify/-/https-browserify-1.0.0.tgz. Extracting by manifest.
4688 silly tarball no local data for fast-json-patch@https://registry.npmjs.org/fast-json-patch/-/fast-json-patch-3.1.1.tgz. Extracting by manifest.
4689 silly tarball no local data for eslint-plugin-simple-import-sort@https://registry.npmjs.org/eslint-plugin-simple-import-sort/-/eslint-plugin-simple-import-sort-8.0.0.tgz. Extracting by manifest.
4690 silly tarball no local data for eslint-plugin-react@https://registry.npmjs.org/eslint-plugin-react/-/eslint-plugin-react-7.32.2.tgz. Extracting by manifest.
4691 silly tarball no local data for eslint-plugin-jsx-a11y@https://registry.npmjs.org/eslint-plugin-jsx-a11y/-/eslint-plugin-jsx-a11y-6.7.1.tgz. Extracting by manifest.
4692 silly tarball no local data for eslint-plugin-ignore-generated-and-nolint@https://registry.npmjs.org/eslint-plugin-ignore-generated-and-nolint/-/eslint-plugin-ignore-generated-and-nolint-1.0.0.tgz. Extracting by manifest.
4693 silly tarball no local data for eslint-plugin-cypress@https://registry.npmjs.org/eslint-plugin-cypress/-/eslint-plugin-cypress-2.12.1.tgz. Extracting by manifest.
4694 silly tarball no local data for eslint-config-prettier@https://registry.npmjs.org/eslint-config-prettier/-/eslint-config-prettier-8.6.0.tgz. Extracting by manifest.
4695 silly tarball no local data for debounce@https://registry.npmjs.org/debounce/-/debounce-1.2.1.tgz. Extracting by manifest.
4696 silly tarball no local data for d3-zoom@https://registry.npmjs.org/d3-zoom/-/d3-zoom-1.8.3.tgz. Extracting by manifest.
4697 silly tarball no local data for d3-selection@https://registry.npmjs.org/d3-selection/-/d3-selection-1.4.2.tgz. Extracting by manifest.
4698 silly tarball no local data for d3-polygon@https://registry.npmjs.org/d3-polygon/-/d3-polygon-1.0.6.tgz. Extracting by manifest.
4699 silly tarball no local data for d3-drag@https://registry.npmjs.org/d3-drag/-/d3-drag-1.2.5.tgz. Extracting by manifest.
4700 silly tarball no local data for d3-dispatch@https://registry.npmjs.org/d3-dispatch/-/d3-dispatch-1.0.6.tgz. Extracting by manifest.
4701 silly tarball no local data for css-loader@https://registry.npmjs.org/css-loader/-/css-loader-6.7.3.tgz. Extracting by manifest.
4702 silly tarball no local data for browserify-zlib@https://registry.npmjs.org/browserify-zlib/-/browserify-zlib-0.2.0.tgz. Extracting by manifest.
4703 silly tarball no local data for buffer@https://registry.npmjs.org/buffer/-/buffer-6.0.3.tgz. Extracting by manifest.
4704 silly tarball no local data for babel-loader@https://registry.npmjs.org/babel-loader/-/babel-loader-8.3.0.tgz. Extracting by manifest.
4705 silly tarball no local data for webpack@https://registry.npmjs.org/webpack/-/webpack-5.104.1.tgz. Extracting by manifest.
4706 silly tarball no local data for assert@https://registry.npmjs.org/assert/-/assert-2.0.0.tgz. Extracting by manifest.
4707 silly tarball no local data for @babel/preset-react@https://registry.npmjs.org/@babel/preset-react/-/preset-react-7.18.6.tgz. Extracting by manifest.
4708 silly tarball no local data for @babel/preset-env@https://registry.npmjs.org/@babel/preset-env/-/preset-env-7.20.2.tgz. Extracting by manifest.
4709 silly tarball no local data for @babel/plugin-proposal-class-properties@https://registry.npmjs.org/@babel/plugin-proposal-class-properties/-/plugin-proposal-class-properties-7.18.6.tgz. Extracting by manifest.
4710 silly tarball no local data for eslint@https://registry.npmjs.org/eslint/-/eslint-7.32.0.tgz. Extracting by manifest.
4711 silly tarball no local data for @babel/eslint-parser@https://registry.npmjs.org/@babel/eslint-parser/-/eslint-parser-7.19.1.tgz. Extracting by manifest.
4712 silly tarball no local data for @babel/core@https://registry.npmjs.org/@babel/core/-/core-7.22.8.tgz. Extracting by manifest.
4713 silly tarball no local data for cypress@https://registry.npmjs.org/cypress/-/cypress-9.7.0.tgz. Extracting by manifest.
4714 silly tarball no local data for @4tw/cypress-drag-drop@https://registry.npmjs.org/@4tw/cypress-drag-drop/-/cypress-drag-drop-2.2.3.tgz. Extracting by manifest.
4715 silly tarball no local data for ajv@https://registry.npmjs.org/ajv/-/ajv-8.18.0.tgz. Extracting by manifest.
4716 silly tarball no local data for string_decoder@https://registry.npmjs.org/string_decoder/-/string_decoder-1.1.1.tgz. Extracting by manifest.
4717 silly tarball no local data for json-schema-traverse@https://registry.npmjs.org/json-schema-traverse/-/json-schema-traverse-1.0.0.tgz. Extracting by manifest.
4718 silly tarball no local data for safe-buffer@https://registry.npmjs.org/safe-buffer/-/safe-buffer-5.1.2.tgz. Extracting by manifest.
4719 silly tarball no local data for isarray@https://registry.npmjs.org/isarray/-/isarray-1.0.0.tgz. Extracting by manifest.
4720 silly tarball no local data for readable-stream@https://registry.npmjs.org/readable-stream/-/readable-stream-2.3.7.tgz. Extracting by manifest.
4721 silly tarball no local data for commander@https://registry.npmjs.org/commander/-/commander-2.20.3.tgz. Extracting by manifest.
4722 silly tarball no local data for @jridgewell/gen-mapping@https://registry.npmjs.org/@jridgewell/gen-mapping/-/gen-mapping-0.3.2.tgz. Extracting by manifest.
4723 silly tarball no local data for resolve-from@https://registry.npmjs.org/resolve-from/-/resolve-from-5.0.0.tgz. Extracting by manifest.
4724 silly tarball no local data for acorn@https://registry.npmjs.org/acorn/-/acorn-8.16.0.tgz. Extracting by manifest.
4725 silly tarball no local data for has-flag@https://registry.npmjs.org/has-flag/-/has-flag-4.0.0.tgz. Extracting by manifest.
4726 silly tarball no local data for supports-color@https://registry.npmjs.org/supports-color/-/supports-color-8.1.1.tgz. Extracting by manifest.
4727 silly tarball no local data for ajv@https://registry.npmjs.org/ajv/-/ajv-8.18.0.tgz. Extracting by manifest.
4728 silly tarball no local data for ajv-keywords@https://registry.npmjs.org/ajv-keywords/-/ajv-keywords-5.1.0.tgz. Extracting by manifest.
4729 silly tarball no local data for schema-utils@https://registry.npmjs.org/schema-utils/-/schema-utils-4.3.3.tgz. Extracting by manifest.
4730 silly tarball no local data for strip-json-comments@https://registry.npmjs.org/strip-json-comments/-/strip-json-comments-2.0.1.tgz. Extracting by manifest.
4731 silly tarball no local data for ini@https://registry.npmjs.org/ini/-/ini-1.3.8.tgz. Extracting by manifest.
4732 silly tarball no local data for json-schema-traverse@https://registry.npmjs.org/json-schema-traverse/-/json-schema-traverse-1.0.0.tgz. Extracting by manifest.
4733 silly tarball no local data for prepend-http@https://registry.npmjs.org/prepend-http/-/prepend-http-1.0.4.tgz. Extracting by manifest.
4734 silly tarball no local data for url-parse-lax@https://registry.npmjs.org/url-parse-lax/-/url-parse-lax-1.0.0.tgz. Extracting by manifest.
4735 silly tarball no local data for is-stream@https://registry.npmjs.org/is-stream/-/is-stream-1.1.0.tgz. Extracting by manifest.
4736 silly tarball no local data for get-stream@https://registry.npmjs.org/get-stream/-/get-stream-3.0.0.tgz. Extracting by manifest.
4737 silly tarball no local data for semver@https://registry.npmjs.org/semver/-/semver-5.7.2.tgz. Extracting by manifest.
4738 silly tarball no local data for got@https://registry.npmjs.org/got/-/got-6.7.1.tgz. Extracting by manifest.
4739 silly tarball no local data for strip-ansi@https://registry.npmjs.org/strip-ansi/-/strip-ansi-4.0.0.tgz. Extracting by manifest.
4740 silly tarball no local data for ansi-regex@https://registry.npmjs.org/ansi-regex/-/ansi-regex-3.0.1.tgz. Extracting by manifest.
4741 silly tarball no local data for string-width@https://registry.npmjs.org/string-width/-/string-width-2.1.1.tgz. Extracting by manifest.
4742 silly tarball no local data for is-fullwidth-code-point@https://registry.npmjs.org/is-fullwidth-code-point/-/is-fullwidth-code-point-2.0.0.tgz. Extracting by manifest.
4743 silly tarball no local data for shebang-regex@https://registry.npmjs.org/shebang-regex/-/shebang-regex-1.0.0.tgz. Extracting by manifest.
4744 silly tarball no local data for path-key@https://registry.npmjs.org/path-key/-/path-key-2.0.1.tgz. Extracting by manifest.
4745 silly tarball no local data for yallist@https://registry.npmjs.org/yallist/-/yallist-2.1.2.tgz. Extracting by manifest.
4746 silly tarball no local data for which@https://registry.npmjs.org/which/-/which-1.3.1.tgz. Extracting by manifest.
4747 silly tarball no local data for lru-cache@https://registry.npmjs.org/lru-cache/-/lru-cache-4.1.5.tgz. Extracting by manifest.
4748 silly tarball no local data for shebang-command@https://registry.npmjs.org/shebang-command/-/shebang-command-1.2.0.tgz. Extracting by manifest.
4749 silly tarball no local data for npm-run-path@https://registry.npmjs.org/npm-run-path/-/npm-run-path-2.0.2.tgz. Extracting by manifest.
4750 silly tarball no local data for is-stream@https://registry.npmjs.org/is-stream/-/is-stream-1.1.0.tgz. Extracting by manifest.
4751 silly tarball no local data for get-stream@https://registry.npmjs.org/get-stream/-/get-stream-3.0.0.tgz. Extracting by manifest.
4752 silly tarball no local data for cross-spawn@https://registry.npmjs.org/cross-spawn/-/cross-spawn-5.1.0.tgz. Extracting by manifest.
4753 silly tarball no local data for execa@https://registry.npmjs.org/execa/-/execa-0.7.0.tgz. Extracting by manifest.
4754 silly tarball no local data for ansi-regex@https://registry.npmjs.org/ansi-regex/-/ansi-regex-3.0.1.tgz. Extracting by manifest.
4755 silly tarball no local data for strip-ansi@https://registry.npmjs.org/strip-ansi/-/strip-ansi-4.0.0.tgz. Extracting by manifest.
4756 silly tarball no local data for is-fullwidth-code-point@https://registry.npmjs.org/is-fullwidth-code-point/-/is-fullwidth-code-point-2.0.0.tgz. Extracting by manifest.
4757 silly tarball no local data for string-width@https://registry.npmjs.org/string-width/-/string-width-2.1.1.tgz. Extracting by manifest.
4758 silly tarball no local data for semver@https://registry.npmjs.org/semver/-/semver-5.7.2.tgz. Extracting by manifest.
4759 silly tarball no local data for pify@https://registry.npmjs.org/pify/-/pify-3.0.0.tgz. Extracting by manifest.
4760 silly tarball no local data for make-dir@https://registry.npmjs.org/make-dir/-/make-dir-1.3.0.tgz. Extracting by manifest.
4761 silly tarball no local data for ansi-regex@https://registry.npmjs.org/ansi-regex/-/ansi-regex-3.0.1.tgz. Extracting by manifest.
4762 silly tarball no local data for strip-ansi@https://registry.npmjs.org/strip-ansi/-/strip-ansi-4.0.0.tgz. Extracting by manifest.
4763 silly tarball no local data for is-fullwidth-code-point@https://registry.npmjs.org/is-fullwidth-code-point/-/is-fullwidth-code-point-2.0.0.tgz. Extracting by manifest.
4764 silly tarball no local data for string-width@https://registry.npmjs.org/string-width/-/string-width-2.1.1.tgz. Extracting by manifest.
4765 silly tarball no local data for react-draggable@https://registry.npmjs.org/react-draggable/-/react-draggable-4.4.5.tgz. Extracting by manifest.
4766 silly tarball no local data for ini@https://registry.npmjs.org/ini/-/ini-1.3.8.tgz. Extracting by manifest.
4767 silly tarball no local data for lowercase-keys@https://registry.npmjs.org/lowercase-keys/-/lowercase-keys-2.0.0.tgz. Extracting by manifest.
4768 silly tarball no local data for pify@https://registry.npmjs.org/pify/-/pify-3.0.0.tgz. Extracting by manifest.
4769 silly tarball no local data for jsesc@https://registry.npmjs.org/jsesc/-/jsesc-0.5.0.tgz. Extracting by manifest.
4770 silly tarball no local data for type-fest@https://registry.npmjs.org/type-fest/-/type-fest-0.13.1.tgz. Extracting by manifest.
4771 silly tarball no local data for sprintf-js@https://registry.npmjs.org/sprintf-js/-/sprintf-js-1.1.2.tgz. Extracting by manifest.
4772 silly tarball no local data for escape-string-regexp@https://registry.npmjs.org/escape-string-regexp/-/escape-string-regexp-4.0.0.tgz. Extracting by manifest.
4773 silly tarball no local data for yallist@https://registry.npmjs.org/yallist/-/yallist-4.0.0.tgz. Extracting by manifest.
4774 silly tarball no local data for lru-cache@https://registry.npmjs.org/lru-cache/-/lru-cache-6.0.0.tgz. Extracting by manifest.
4775 silly tarball no local data for semver@https://registry.npmjs.org/semver/-/semver-7.5.4.tgz. Extracting by manifest.
4776 silly tarball no local data for get-stream@https://registry.npmjs.org/get-stream/-/get-stream-4.1.0.tgz. Extracting by manifest.
4777 silly tarball no local data for universalify@https://registry.npmjs.org/universalify/-/universalify-0.1.2.tgz. Extracting by manifest.
4778 silly tarball no local data for jsonfile@https://registry.npmjs.org/jsonfile/-/jsonfile-4.0.0.tgz. Extracting by manifest.
4779 silly tarball no local data for ini@https://registry.npmjs.org/ini/-/ini-1.3.8.tgz. Extracting by manifest.
4780 silly tarball no local data for fs-extra@https://registry.npmjs.org/fs-extra/-/fs-extra-8.1.0.tgz. Extracting by manifest.
4781 silly tarball no local data for is-path-inside@https://registry.npmjs.org/is-path-inside/-/is-path-inside-1.0.1.tgz. Extracting by manifest.
4782 silly tarball no local data for ci-info@https://registry.npmjs.org/ci-info/-/ci-info-1.6.0.tgz. Extracting by manifest.
4783 silly tarball no local data for global-dirs@https://registry.npmjs.org/global-dirs/-/global-dirs-0.1.1.tgz. Extracting by manifest.
4784 silly tarball no local data for is-installed-globally@https://registry.npmjs.org/is-installed-globally/-/is-installed-globally-0.1.0.tgz. Extracting by manifest.
4785 silly tarball no local data for is-ci@https://registry.npmjs.org/is-ci/-/is-ci-1.2.1.tgz. Extracting by manifest.
4786 silly tarball no local data for ms@https://registry.npmjs.org/ms/-/ms-2.0.0.tgz. Extracting by manifest.
4787 silly tarball no local data for extract-zip@https://registry.npmjs.org/extract-zip/-/extract-zip-1.7.0.tgz. Extracting by manifest.
4788 silly tarball no local data for debug@https://registry.npmjs.org/debug/-/debug-2.6.9.tgz. Extracting by manifest.
4789 silly tarball no local data for @types/node@https://registry.npmjs.org/@types/node/-/node-12.20.55.tgz. Extracting by manifest.
4790 silly tarball no local data for regenerator-runtime@https://registry.npmjs.org/regenerator-runtime/-/regenerator-runtime-0.11.1.tgz. Extracting by manifest.
4791 silly tarball no local data for color-name@https://registry.npmjs.org/color-name/-/color-name-1.1.4.tgz. Extracting by manifest.
4792 silly tarball no local data for color-convert@https://registry.npmjs.org/color-convert/-/color-convert-2.0.1.tgz. Extracting by manifest.
4793 silly tarball no local data for ansi-styles@https://registry.npmjs.org/ansi-styles/-/ansi-styles-4.3.0.tgz. Extracting by manifest.
4794 silly tarball no local data for color-name@https://registry.npmjs.org/color-name/-/color-name-1.1.4.tgz. Extracting by manifest.
4795 silly tarball no local data for color-convert@https://registry.npmjs.org/color-convert/-/color-convert-2.0.1.tgz. Extracting by manifest.
4796 silly tarball no local data for ansi-styles@https://registry.npmjs.org/ansi-styles/-/ansi-styles-4.3.0.tgz. Extracting by manifest.
4797 silly tarball no local data for color-name@https://registry.npmjs.org/color-name/-/color-name-1.1.4.tgz. Extracting by manifest.
4798 silly tarball no local data for color-convert@https://registry.npmjs.org/color-convert/-/color-convert-2.0.1.tgz. Extracting by manifest.
4799 silly tarball no local data for ansi-styles@https://registry.npmjs.org/ansi-styles/-/ansi-styles-4.3.0.tgz. Extracting by manifest.
4800 silly tarball no local data for wrap-ansi@https://registry.npmjs.org/wrap-ansi/-/wrap-ansi-6.2.0.tgz. Extracting by manifest.
4801 silly tarball no local data for slice-ansi@https://registry.npmjs.org/slice-ansi/-/slice-ansi-4.0.0.tgz. Extracting by manifest.
4802 silly tarball no local data for color-convert@https://registry.npmjs.org/color-convert/-/color-convert-2.0.1.tgz. Extracting by manifest.
4803 silly tarball no local data for color-name@https://registry.npmjs.org/color-name/-/color-name-1.1.4.tgz. Extracting by manifest.
4804 silly tarball no local data for json-schema-traverse@https://registry.npmjs.org/json-schema-traverse/-/json-schema-traverse-1.0.0.tgz. Extracting by manifest.
4805 silly tarball no local data for ansi-styles@https://registry.npmjs.org/ansi-styles/-/ansi-styles-4.3.0.tgz. Extracting by manifest.
4806 silly tarball no local data for slice-ansi@https://registry.npmjs.org/slice-ansi/-/slice-ansi-4.0.0.tgz. Extracting by manifest.
4807 silly tarball no local data for ajv@https://registry.npmjs.org/ajv/-/ajv-8.12.0.tgz. Extracting by manifest.
4808 silly tarball no local data for eslint-visitor-keys@https://registry.npmjs.org/eslint-visitor-keys/-/eslint-visitor-keys-1.3.0.tgz. Extracting by manifest.
4809 silly tarball no local data for eslint-visitor-keys@https://registry.npmjs.org/eslint-visitor-keys/-/eslint-visitor-keys-1.3.0.tgz. Extracting by manifest.
4810 silly tarball no local data for type-fest@https://registry.npmjs.org/type-fest/-/type-fest-0.20.2.tgz. Extracting by manifest.
4811 silly tarball no local data for globals@https://registry.npmjs.org/globals/-/globals-13.20.0.tgz. Extracting by manifest.
4812 silly tarball no local data for emoji-regex@https://registry.npmjs.org/emoji-regex/-/emoji-regex-8.0.0.tgz. Extracting by manifest.
4813 silly tarball no local data for has-flag@https://registry.npmjs.org/has-flag/-/has-flag-4.0.0.tgz. Extracting by manifest.
4814 silly tarball no local data for color-name@https://registry.npmjs.org/color-name/-/color-name-1.1.4.tgz. Extracting by manifest.
4815 silly tarball no local data for color-convert@https://registry.npmjs.org/color-convert/-/color-convert-2.0.1.tgz. Extracting by manifest.
4816 silly tarball no local data for supports-color@https://registry.npmjs.org/supports-color/-/supports-color-7.2.0.tgz. Extracting by manifest.
4817 silly tarball no local data for ansi-styles@https://registry.npmjs.org/ansi-styles/-/ansi-styles-4.3.0.tgz. Extracting by manifest.
4818 silly tarball no local data for chalk@https://registry.npmjs.org/chalk/-/chalk-4.1.2.tgz. Extracting by manifest.
4819 silly tarball no local data for estraverse@https://registry.npmjs.org/estraverse/-/estraverse-4.3.0.tgz. Extracting by manifest.
4820 silly tarball no local data for debug@https://registry.npmjs.org/debug/-/debug-3.2.7.tgz. Extracting by manifest.
4821 silly tarball no local data for @babel/code-frame@https://registry.npmjs.org/@babel/code-frame/-/code-frame-7.22.13.tgz. Extracting by manifest.
4822 silly tarball no local data for @babel/code-frame@https://registry.npmjs.org/@babel/code-frame/-/code-frame-7.22.13.tgz. Extracting by manifest.
4823 silly tarball no local data for @jridgewell/gen-mapping@https://registry.npmjs.org/@jridgewell/gen-mapping/-/gen-mapping-0.3.2.tgz. Extracting by manifest.
4824 silly tarball no local data for commander@https://registry.npmjs.org/commander/-/commander-7.2.0.tgz. Extracting by manifest.
4825 silly tarball no local data for warning@https://registry.npmjs.org/warning/-/warning-4.0.3.tgz. Extracting by manifest.
4826 silly tarball no local data for shebang-regex@https://registry.npmjs.org/shebang-regex/-/shebang-regex-1.0.0.tgz. Extracting by manifest.
4827 silly tarball no local data for punycode@https://registry.npmjs.org/punycode/-/punycode-1.3.2.tgz. Extracting by manifest.
4828 silly tarball no local data for yallist@https://registry.npmjs.org/yallist/-/yallist-2.1.2.tgz. Extracting by manifest.
4829 silly tarball no local data for which@https://registry.npmjs.org/which/-/which-1.3.1.tgz. Extracting by manifest.
4830 silly tarball no local data for shebang-command@https://registry.npmjs.org/shebang-command/-/shebang-command-1.2.0.tgz. Extracting by manifest.
4831 silly tarball no local data for cross-spawn@https://registry.npmjs.org/cross-spawn/-/cross-spawn-5.1.0.tgz. Extracting by manifest.
4832 silly tarball no local data for lru-cache@https://registry.npmjs.org/lru-cache/-/lru-cache-4.1.5.tgz. Extracting by manifest.
4833 silly tarball no local data for resolve@https://registry.npmjs.org/resolve/-/resolve-2.0.0-next.4.tgz. Extracting by manifest.
4834 silly tarball no local data for doctrine@https://registry.npmjs.org/doctrine/-/doctrine-2.1.0.tgz. Extracting by manifest.
4835 silly tarball no local data for lru-cache@https://registry.npmjs.org/lru-cache/-/lru-cache-6.0.0.tgz. Extracting by manifest.
4836 silly tarball no local data for yallist@https://registry.npmjs.org/yallist/-/yallist-4.0.0.tgz. Extracting by manifest.
4837 silly tarball no local data for semver@https://registry.npmjs.org/semver/-/semver-7.5.4.tgz. Extracting by manifest.
4838 silly tarball no local data for json-schema-traverse@https://registry.npmjs.org/json-schema-traverse/-/json-schema-traverse-1.0.0.tgz. Extracting by manifest.
4839 silly tarball no local data for ajv-keywords@https://registry.npmjs.org/ajv-keywords/-/ajv-keywords-5.1.0.tgz. Extracting by manifest.
4840 silly tarball no local data for ajv@https://registry.npmjs.org/ajv/-/ajv-8.18.0.tgz. Extracting by manifest.
4841 silly tarball no local data for schema-utils@https://registry.npmjs.org/schema-utils/-/schema-utils-4.3.3.tgz. Extracting by manifest.
4842 silly tarball no local data for acorn-import-phases@https://registry.npmjs.org/acorn-import-phases/-/acorn-import-phases-1.0.4.tgz. Extracting by manifest.
4843 silly tarball no local data for acorn@https://registry.npmjs.org/acorn/-/acorn-8.16.0.tgz. Extracting by manifest.
4844 silly tarball no local data for yallist@https://registry.npmjs.org/yallist/-/yallist-4.0.0.tgz. Extracting by manifest.
4845 silly tarball no local data for has-flag@https://registry.npmjs.org/has-flag/-/has-flag-4.0.0.tgz. Extracting by manifest.
4846 silly tarball no local data for type-fest@https://registry.npmjs.org/type-fest/-/type-fest-0.20.2.tgz. Extracting by manifest.
4847 silly tarball no local data for lru-cache@https://registry.npmjs.org/lru-cache/-/lru-cache-6.0.0.tgz. Extracting by manifest.
4848 silly tarball no local data for color-name@https://registry.npmjs.org/color-name/-/color-name-1.1.4.tgz. Extracting by manifest.
4849 silly tarball no local data for supports-color@https://registry.npmjs.org/supports-color/-/supports-color-7.2.0.tgz. Extracting by manifest.
4850 silly tarball no local data for ansi-styles@https://registry.npmjs.org/ansi-styles/-/ansi-styles-4.3.0.tgz. Extracting by manifest.
4851 silly tarball no local data for color-convert@https://registry.npmjs.org/color-convert/-/color-convert-2.0.1.tgz. Extracting by manifest.
4852 silly tarball no local data for semver@https://registry.npmjs.org/semver/-/semver-7.5.4.tgz. Extracting by manifest.
4853 silly tarball no local data for escape-string-regexp@https://registry.npmjs.org/escape-string-regexp/-/escape-string-regexp-4.0.0.tgz. Extracting by manifest.
4854 silly tarball no local data for globals@https://registry.npmjs.org/globals/-/globals-13.20.0.tgz. Extracting by manifest.
4855 silly tarball no local data for chalk@https://registry.npmjs.org/chalk/-/chalk-4.1.2.tgz. Extracting by manifest.
4856 silly tarball no local data for has-flag@https://registry.npmjs.org/has-flag/-/has-flag-4.0.0.tgz. Extracting by manifest.
4857 silly tarball no local data for @babel/code-frame@https://registry.npmjs.org/@babel/code-frame/-/code-frame-7.12.11.tgz. Extracting by manifest.
4858 silly tarball no local data for yallist@https://registry.npmjs.org/yallist/-/yallist-4.0.0.tgz. Extracting by manifest.
4859 silly tarball no local data for color-name@https://registry.npmjs.org/color-name/-/color-name-1.1.4.tgz. Extracting by manifest.
4860 silly tarball no local data for lru-cache@https://registry.npmjs.org/lru-cache/-/lru-cache-6.0.0.tgz. Extracting by manifest.
4861 silly tarball no local data for color-convert@https://registry.npmjs.org/color-convert/-/color-convert-2.0.1.tgz. Extracting by manifest.
4862 silly tarball no local data for ansi-styles@https://registry.npmjs.org/ansi-styles/-/ansi-styles-4.3.0.tgz. Extracting by manifest.
4863 silly tarball no local data for supports-color@https://registry.npmjs.org/supports-color/-/supports-color-8.1.1.tgz. Extracting by manifest.
4864 silly tarball no local data for semver@https://registry.npmjs.org/semver/-/semver-7.5.4.tgz. Extracting by manifest.
4865 silly tarball no local data for supports-color@https://registry.npmjs.org/supports-color/-/supports-color-7.2.0.tgz. Extracting by manifest.
4866 silly tarball no local data for buffer@https://registry.npmjs.org/buffer/-/buffer-5.7.1.tgz. Extracting by manifest.
4867 silly tarball no local data for chalk@https://registry.npmjs.org/chalk/-/chalk-4.1.2.tgz. Extracting by manifest.
4868 http fetch POST 200 https://registry.npmjs.org/-/npm/v1/security/advisories/bulk 2278ms
4869 silly audit report {
4869 silly audit report   three: [
4869 silly audit report     {
4869 silly audit report       id: 1093634,
4869 silly audit report       url: 'https://github.com/advisories/GHSA-fq6p-x6j3-cmmq',
4869 silly audit report       title: 'Denial of service in three',
4869 silly audit report       severity: 'high',
4869 silly audit report       vulnerable_versions: '<0.125.0',
4869 silly audit report       cwe: [Array],
4869 silly audit report       cvss: [Object]
4869 silly audit report     }
4869 silly audit report   ],
4869 silly audit report   '@babel/helpers': [
4869 silly audit report     {
4869 silly audit report       id: 1104001,
4869 silly audit report       url: 'https://github.com/advisories/GHSA-968p-4wvh-cqc8',
4869 silly audit report       title: 'Babel has inefficient RegExp complexity in generated code with .replace when transpiling named capturing groups',
4869 silly audit report       severity: 'moderate',
4869 silly audit report       vulnerable_versions: '<7.26.10',
4869 silly audit report       cwe: [Array],
4869 silly audit report       cvss: [Object]
4869 silly audit report     }
4869 silly audit report   ],
4869 silly audit report   '@cypress/request': [
4869 silly audit report     {
4869 silly audit report       id: 1096726,
4869 silly audit report       url: 'https://github.com/advisories/GHSA-p8p7-x288-28g6',
4869 silly audit report       title: 'Server-Side Request Forgery in Request',
4869 silly audit report       severity: 'moderate',
4869 silly audit report       vulnerable_versions: '<=2.88.12',
4869 silly audit report       cwe: [Array],
4869 silly audit report       cvss: [Object]
4869 silly audit report     }
4869 silly audit report   ],
4869 silly audit report   'form-data': [
4869 silly audit report     {
4869 silly audit report       id: 1109540,
4869 silly audit report       url: 'https://github.com/advisories/GHSA-fjxv-7rqg-78g4',
4869 silly audit report       title: 'form-data uses unsafe random function in form-data for choosing boundary',
4869 silly audit report       severity: 'critical',
4869 silly audit report       vulnerable_versions: '<2.5.4',
4869 silly audit report       cwe: [Array],
4869 silly audit report       cvss: [Object]
4869 silly audit report     }
4869 silly audit report   ],
4869 silly audit report   qs: [
4869 silly audit report     {
4869 silly audit report       id: 1113161,
4869 silly audit report       url: 'https://github.com/advisories/GHSA-w7fw-mjwx-w883',
4869 silly audit report       title: "qs's arrayLimit bypass in comma parsing allows denial of service",
4869 silly audit report       severity: 'low',
4869 silly audit report       vulnerable_versions: '>=6.7.0 <=6.14.1',
4869 silly audit report       cwe: [Array],
4869 silly audit report       cvss: [Object]
4869 silly audit report     },
4869 silly audit report     {
4869 silly audit report       id: 1113719,
4869 silly audit report       url: 'https://github.com/advisories/GHSA-6rw7-vpxm-498p',
4869 silly audit report       title: "qs's arrayLimit bypass in its bracket notation allows DoS via memory exhaustion",
4869 silly audit report       severity: 'moderate',
4869 silly audit report       vulnerable_versions: '<6.14.1',
4869 silly audit report       cwe: [Array],
4869 silly audit report       cvss: [Object]
4869 silly audit report     }
4869 silly audit report   ],
4869 silly audit report   'tough-cookie': [
4869 silly audit report     {
4869 silly audit report       id: 1097682,
4869 silly audit report       url: 'https://github.com/advisories/GHSA-72xf-g2v4-qvf3',
4869 silly audit report       title: 'tough-cookie Prototype Pollution vulnerability',
4869 silly audit report       severity: 'moderate',
4869 silly audit report       vulnerable_versions: '<4.1.3',
4869 silly audit report       cwe: [Array],
4869 silly audit report       cvss: [Object]
4869 silly audit report     }
4869 silly audit report   ],
4869 silly audit report   'd3-color': [
4869 silly audit report     {
4869 silly audit report       id: 1088594,
4869 silly audit report       url: 'https://github.com/advisories/GHSA-36jr-mh4h-2g58',
4869 silly audit report       title: 'd3-color vulnerable to ReDoS',
4869 silly audit report       severity: 'high',
4869 silly audit report       vulnerable_versions: '<3.1.0',
4869 silly audit report       cwe: [Array],
4869 silly audit report       cvss: [Object]
4869 silly audit report     }
4869 silly audit report   ],
4869 silly audit report   ajv: [
4869 silly audit report     {
4869 silly audit report       id: 1113714,
4869 silly audit report       url: 'https://github.com/advisories/GHSA-2g4f-4pwh-qvx6',
4869 silly audit report       title: 'ajv has ReDoS when using `$data` option',
4869 silly audit report       severity: 'moderate',
4869 silly audit report       vulnerable_versions: '<6.14.0',
4869 silly audit report       cwe: [Array],
4869 silly audit report       cvss: [Object]
4869 silly audit report     },
4869 silly audit report     {
4869 silly audit report       id: 1113715,
4869 silly audit report       url: 'https://github.com/advisories/GHSA-2g4f-4pwh-qvx6',
4869 silly audit report       title: 'ajv has ReDoS when using `$data` option',
4869 silly audit report       severity: 'moderate',
4869 silly audit report       vulnerable_versions: '>=7.0.0-alpha.0 <8.18.0',
4869 silly audit report       cwe: [Array],
4869 silly audit report       cvss: [Object]
4869 silly audit report     }
4869 silly audit report   ],
4869 silly audit report   'cross-spawn': [
4869 silly audit report     {
4869 silly audit report       id: 1104663,
4869 silly audit report       url: 'https://github.com/advisories/GHSA-3xgq-45jj-v275',
4869 silly audit report       title: 'Regular Expression Denial of Service (ReDoS) in cross-spawn',
4869 silly audit report       severity: 'high',
4869 silly audit report       vulnerable_versions: '<6.0.6',
4869 silly audit report       cwe: [Array],
4869 silly audit report       cvss: [Object]
4869 silly audit report     },
4869 silly audit report     {
4869 silly audit report       id: 1104664,
4869 silly audit report       url: 'https://github.com/advisories/GHSA-3xgq-45jj-v275',
4869 silly audit report       title: 'Regular Expression Denial of Service (ReDoS) in cross-spawn',
4869 silly audit report       severity: 'high',
4869 silly audit report       vulnerable_versions: '>=7.0.0 <7.0.5',
4869 silly audit report       cwe: [Array],
4869 silly audit report       cvss: [Object]
4869 silly audit report     }
4869 silly audit report   ],
4869 silly audit report   minimatch: [
4869 silly audit report     {
4869 silly audit report       id: 1113459,
4869 silly audit report       url: 'https://github.com/advisories/GHSA-3ppc-4f35-3m26',
4869 silly audit report       title: 'minimatch has a ReDoS via repeated wildcards with non-matching literal in pattern',
4869 silly audit report       severity: 'high',
4869 silly audit report       vulnerable_versions: '<3.1.3',
4869 silly audit report       cwe: [Array],
4869 silly audit report       cvss: [Object]
4869 silly audit report     },
4869 silly audit report     {
4869 silly audit report       id: 1113538,
4869 silly audit report       url: 'https://github.com/advisories/GHSA-7r86-cg39-jmmj',
4869 silly audit report       title: 'minimatch has ReDoS: matchOne() combinatorial backtracking via multiple non-adjacent GLOBSTAR segments',
4869 silly audit report       severity: 'high',
4869 silly audit report       vulnerable_versions: '<3.1.3',
4869 silly audit report       cwe: [Array],
4869 silly audit report       cvss: [Object]
4869 silly audit report     },
4869 silly audit report     {
4869 silly audit report       id: 1113546,
4869 silly audit report       url: 'https://github.com/advisories/GHSA-23c5-xmqv-rm74',
4869 silly audit report       title: 'minimatch ReDoS: nested *() extglobs generate catastrophically backtracking regular expressions',
4869 silly audit report       severity: 'high',
4869 silly audit report       vulnerable_versions: '<3.1.4',
4869 silly audit report       cwe: [Array],
4869 silly audit report       cvss: [Object]
4869 silly audit report     }
4869 silly audit report   ],
4869 silly audit report   '@babel/runtime': [
4869 silly audit report     {
4869 silly audit report       id: 1104000,
4869 silly audit report       url: 'https://github.com/advisories/GHSA-968p-4wvh-cqc8',
4869 silly audit report       title: 'Babel has inefficient RegExp complexity in generated code with .replace when transpiling named capturing groups',
4869 silly audit report       severity: 'moderate',
4869 silly audit report       vulnerable_versions: '<7.26.10',
4869 silly audit report       cwe: [Array],
4869 silly audit report       cvss: [Object]
4869 silly audit report     }
4869 silly audit report   ],
4869 silly audit report   flatted: [
4869 silly audit report     {
4869 silly audit report       id: 1114526,
4869 silly audit report       url: 'https://github.com/advisories/GHSA-25h7-pfq9-p65f',
4869 silly audit report       title: 'flatted vulnerable to unbounded recursion DoS in parse() revive phase',
4869 silly audit report       severity: 'high',
4869 silly audit report       vulnerable_versions: '<3.4.0',
4869 silly audit report       cwe: [Array],
4869 silly audit report       cvss: [Object]
4869 silly audit report     },
4869 silly audit report     {
4869 silly audit report       id: 1115357,
4869 silly audit report       url: 'https://github.com/advisories/GHSA-rf6f-7fwh-wjgh',
4869 silly audit report       title: 'Prototype Pollution via parse() in NodeJS flatted',
4869 silly audit report       severity: 'high',
4869 silly audit report       vulnerable_versions: '<=3.4.1',
4869 silly audit report       cwe: [Array],
4869 silly audit report       cvss: [Object]
4869 silly audit report     }
4869 silly audit report   ],
4869 silly audit report   'brace-expansion': [
4869 silly audit report     {
4869 silly audit report       id: 1105443,
4869 silly audit report       url: 'https://github.com/advisories/GHSA-v6h2-p8h4-qcjw',
4869 silly audit report       title: 'brace-expansion Regular Expression Denial of Service vulnerability',
4869 silly audit report       severity: 'low',
4869 silly audit report       vulnerable_versions: '>=1.0.0 <=1.1.11',
4869 silly audit report       cwe: [Array],
4869 silly audit report       cvss: [Object]
4869 silly audit report     }
4869 silly audit report   ],
4869 silly audit report   electron: [
4869 silly audit report     {
4869 silly audit report       id: 1099657,
4869 silly audit report       url: 'https://github.com/advisories/GHSA-7m48-wc93-9g85',
4869 silly audit report       title: 'ASAR Integrity bypass via filetype confusion in electron',
4869 silly audit report       severity: 'moderate',
4869 silly audit report       vulnerable_versions: '<22.3.24',
4869 silly audit report       cwe: [Array],
4869 silly audit report       cvss: [Object]
4869 silly audit report     },
4869 silly audit report     {
4869 silly audit report       id: 1089220,
4869 silly audit report       url: 'https://github.com/advisories/GHSA-p2jh-44qj-pf2v',
4869 silly audit report       title: 'Exfiltration of hashed SMB credentials on Windows via file:// redirect',
4869 silly audit report       severity: 'moderate',
4869 silly audit report       vulnerable_versions: '<18.3.7',
4869 silly audit report       cwe: [Array],
4869 silly audit report       cvss: [Object]
4869 silly audit report     },
4869 silly audit report     {
4869 silly audit report       id: 1105820,
4869 silly audit report       url: 'https://github.com/advisories/GHSA-6r2x-8pq8-9489',
4869 silly audit report       title: 'Electron vulnerable to Heap Buffer Overflow in NativeImage',
4869 silly audit report       severity: 'moderate',
4869 silly audit report       vulnerable_versions: '<28.3.2',
4869 silly audit report       cwe: [Array],
4869 silly audit report       cvss: [Object]
4869 silly audit report     },
4869 silly audit report     {
4869 silly audit report       id: 1107272,
4869 silly audit report       url: 'https://github.com/advisories/GHSA-vmqv-hx8q-j7mg',
4869 silly audit report       title: 'Electron has ASAR Integrity Bypass via resource modification',
4869 silly audit report       severity: 'moderate',
4869 silly audit report       vulnerable_versions: '<35.7.5',
4869 silly audit report       cwe: [Array],
4869 silly audit report       cvss: [Object]
4869 silly audit report     },
4869 silly audit report     {
4869 silly audit report       id: 1096494,
4869 silly audit report       url: 'https://github.com/advisories/GHSA-qqvq-6xgj-jw8g',
4869 silly audit report       title: "Electron affected by libvpx's heap buffer overflow in vp8 encoding",
4869 silly audit report       severity: 'high',
4869 silly audit report       vulnerable_versions: '<22.3.25',
4869 silly audit report       cwe: [Array],
4869 silly audit report       cvss: [Object]
4869 silly audit report     },
4869 silly audit report     {
4869 silly audit report       id: 1092662,
4869 silly audit report       url: 'https://github.com/advisories/GHSA-3p22-ghq8-v749',
4869 silly audit report       title: 'Renderers can obtain access to random bluetooth device without permission in Electron',
4869 silly audit report       severity: 'low',
4869 silly audit report       vulnerable_versions: '<13.6.6',
4869 silly audit report       cwe: [Array],
4869 silly audit report       cvss: [Object]
4869 silly audit report     },
4869 silly audit report     {
4869 silly audit report       id: 1088971,
4869 silly audit report       url: 'https://github.com/advisories/GHSA-77xc-hjv8-ww97',
4869 silly audit report       title: 'AutoUpdater module fails to validate certain nested components of the bundle',
4869 silly audit report       severity: 'moderate',
4869 silly audit report       vulnerable_versions: '<15.5.0',
4869 silly audit report       cwe: [Array],
4869 silly audit report       cvss: [Object]
4869 silly audit report     },
4869 silly audit report     {
4869 silly audit report       id: 1088975,
4869 silly audit report       url: 'https://github.com/advisories/GHSA-mq8j-3h7h-p8g7',
4869 silly audit report       title: 'Compromised child renderer processes could obtain IPC access without nodeIntegrationInSubFrames being enabled',
4869 silly audit report       severity: 'low',
4869 silly audit report       vulnerable_versions: '<15.5.5',
4869 silly audit report       cwe: [Array],
4869 silly audit report       cvss: [Object]
4869 silly audit report     },
4869 silly audit report     {
4869 silly audit report       id: 1094579,
4869 silly audit report       url: 'https://github.com/advisories/GHSA-7x97-j373-85x5',
4869 silly audit report       title: 'Electron vulnerable to out-of-package code execution when launched with arbitrary cwd',
4869 silly audit report       severity: 'moderate',
4869 silly audit report       vulnerable_versions: '<22.3.19',
4869 silly audit report       cwe: [Array],
4869 silly audit report       cvss: [Object]
4869 silly audit report     },
4869 silly audit report     {
4869 silly audit report       id: 1094583,
4869 silly audit report       url: 'https://github.com/advisories/GHSA-p7v2-p9m8-qqg7',
4869 silly audit report       title: 'Electron context isolation bypass via nested unserializable return value',
4869 silly audit report       severity: 'moderate',
4869 silly audit report       vulnerable_versions: '<22.3.6',
4869 silly audit report       cwe: [Array],
4869 silly audit report       cvss: [Object]
4869 silly audit report     }
4869 silly audit report   ],
4869 silly audit report   ip: [
4869 silly audit report     {
4869 silly audit report       id: 1101851,
4869 silly audit report       url: 'https://github.com/advisories/GHSA-2p57-rm9w-gvfp',
4869 silly audit report       title: 'ip SSRF improper categorization in isPublic',
4869 silly audit report       severity: 'high',
4869 silly audit report       vulnerable_versions: '<=2.0.1',
4869 silly audit report       cwe: [Array],
4869 silly audit report       cvss: [Object]
4869 silly audit report     },
4869 silly audit report     {
4869 silly audit report       id: 1114831,
4869 silly audit report       url: 'https://github.com/advisories/GHSA-78xj-cgh5-2h22',
4869 silly audit report       title: 'NPM IP package incorrectly identifies some private IP addresses as public',
4869 silly audit report       severity: 'low',
4869 silly audit report       vulnerable_versions: '<1.1.9',
4869 silly audit report       cwe: [Array],
4869 silly audit report       cvss: [Object]
4869 silly audit report     }
4869 silly audit report   ],
4869 silly audit report   'react-devtools-core': [
4869 silly audit report     {
4869 silly audit report       id: 1099563,
4869 silly audit report       url: 'https://github.com/advisories/GHSA-rxrc-rgv4-jpvx',
4869 silly audit report       title: 'React Developer Tools extension Improper Authorization vulnerability',
4869 silly audit report       severity: 'moderate',
4869 silly audit report       vulnerable_versions: '<4.28.4',
4869 silly audit report       cwe: [Array],
4869 silly audit report       cvss: [Object]
4869 silly audit report     }
4869 silly audit report   ],
4869 silly audit report   got: [
4869 silly audit report     {
4869 silly audit report       id: 1088948,
4869 silly audit report       url: 'https://github.com/advisories/GHSA-pfrx-2q88-qq97',
4869 silly audit report       title: 'Got allows a redirect to a UNIX socket',
4869 silly audit report       severity: 'moderate',
4869 silly audit report       vulnerable_versions: '<11.8.5',
4869 silly audit report       cwe: [],
4869 silly audit report       cvss: [Object]
4869 silly audit report     }
4869 silly audit report   ],
4869 silly audit report   'serialize-javascript': [
4869 silly audit report     {
4869 silly audit report       id: 1113686,
4869 silly audit report       url: 'https://github.com/advisories/GHSA-5c6j-r48x-rmvq',
4869 silly audit report       title: 'Serialize JavaScript is Vulnerable to RCE via RegExp.flags and Date.prototype.toISOString()',
4869 silly audit report       severity: 'high',
4869 silly audit report       vulnerable_versions: '<=7.0.2',
4869 silly audit report       cwe: [Array],
4869 silly audit report       cvss: [Object]
4869 silly audit report     }
4869 silly audit report   ]
4869 silly audit report }
4870 silly packumentCache corgi:https://registry.npmjs.org/three cache-miss
4871 silly packumentCache corgi:https://registry.npmjs.org/@babel%2fhelpers cache-miss
4872 silly packumentCache corgi:https://registry.npmjs.org/@cypress%2frequest cache-miss
4873 silly packumentCache corgi:https://registry.npmjs.org/form-data cache-miss
4874 silly packumentCache corgi:https://registry.npmjs.org/qs cache-miss
4875 silly packumentCache corgi:https://registry.npmjs.org/tough-cookie cache-miss
4876 silly packumentCache corgi:https://registry.npmjs.org/d3-color cache-miss
4877 silly packumentCache corgi:https://registry.npmjs.org/ajv cache-miss
4878 silly packumentCache corgi:https://registry.npmjs.org/cross-spawn cache-miss
4879 silly packumentCache corgi:https://registry.npmjs.org/minimatch cache-miss
4880 silly packumentCache corgi:https://registry.npmjs.org/@babel%2fruntime cache-miss
4881 silly packumentCache corgi:https://registry.npmjs.org/flatted cache-miss
4882 silly packumentCache corgi:https://registry.npmjs.org/brace-expansion cache-miss
4883 silly packumentCache corgi:https://registry.npmjs.org/electron cache-miss
4884 silly packumentCache corgi:https://registry.npmjs.org/ip cache-miss
4885 silly packumentCache corgi:https://registry.npmjs.org/react-devtools-core cache-miss
4886 silly packumentCache corgi:https://registry.npmjs.org/got cache-miss
4887 silly packumentCache corgi:https://registry.npmjs.org/serialize-javascript cache-miss
4888 http fetch GET 200 https://registry.npmjs.org/ajv-formats/-/ajv-formats-2.1.1.tgz 2073ms (cache miss)
4889 http fetch GET 200 https://registry.npmjs.org/path-is-inside/-/path-is-inside-1.0.2.tgz 2081ms (cache miss)
4890 http fetch GET 200 https://registry.npmjs.org/p-finally/-/p-finally-1.0.0.tgz 2070ms (cache miss)
4891 http fetch GET 200 https://registry.npmjs.org/require-from-string/-/require-from-string-2.0.2.tgz 2065ms (cache miss)
4892 http fetch GET 200 https://registry.npmjs.org/strip-eof/-/strip-eof-1.0.0.tgz 2065ms (cache miss)
4893 http fetch GET 200 https://registry.npmjs.org/process-nextick-args/-/process-nextick-args-2.0.1.tgz 2040ms (cache miss)
4894 http fetch GET 200 https://registry.npmjs.org/mkdirp/-/mkdirp-0.5.6.tgz 2077ms (cache miss)
4895 http fetch GET 200 https://registry.npmjs.org/typedarray/-/typedarray-0.0.6.tgz 2076ms (cache miss)
4896 http fetch GET 200 https://registry.npmjs.org/concat-stream/-/concat-stream-1.6.2.tgz 2071ms (cache miss)
4897 http fetch GET 200 https://registry.npmjs.org/pend/-/pend-1.2.0.tgz 2069ms (cache miss)
4898 http fetch GET 200 https://registry.npmjs.org/fd-slicer/-/fd-slicer-1.1.0.tgz 2095ms (cache miss)
4899 http fetch GET 200 https://registry.npmjs.org/is-weakset/-/is-weakset-2.0.2.tgz 2108ms (cache miss)
4900 http fetch GET 200 https://registry.npmjs.org/buffer-crc32/-/buffer-crc32-0.2.13.tgz 2154ms (cache miss)
4901 http fetch GET 200 https://registry.npmjs.org/is-weakmap/-/is-weakmap-2.0.1.tgz 2167ms (cache miss)
4902 http fetch GET 200 https://registry.npmjs.org/is-number-object/-/is-number-object-1.0.7.tgz 2166ms (cache miss)
4903 http fetch GET 200 https://registry.npmjs.org/is-bigint/-/is-bigint-1.0.4.tgz 2171ms (cache miss)
4904 http fetch GET 200 https://registry.npmjs.org/isexe/-/isexe-2.0.0.tgz 2174ms (cache miss)
4905 http fetch GET 200 https://registry.npmjs.org/shallow-clone/-/shallow-clone-3.0.1.tgz 2173ms (cache miss)
4906 http fetch GET 200 https://registry.npmjs.org/is-boolean-object/-/is-boolean-object-1.1.2.tgz 2177ms (cache miss)
4907 http fetch GET 200 https://registry.npmjs.org/is-plain-object/-/is-plain-object-2.0.4.tgz 2182ms (cache miss)
4908 http fetch GET 200 https://registry.npmjs.org/isobject/-/isobject-3.0.1.tgz 2187ms (cache miss)
4909 http fetch GET 200 https://registry.npmjs.org/wildcard/-/wildcard-2.0.0.tgz 2188ms (cache miss)
4910 http fetch GET 200 https://registry.npmjs.org/resolve-cwd/-/resolve-cwd-3.0.0.tgz 2186ms (cache miss)
4911 http fetch GET 200 https://registry.npmjs.org/kind-of/-/kind-of-6.0.3.tgz 2192ms (cache miss)
4912 http fetch GET 200 https://registry.npmjs.org/clone-deep/-/clone-deep-4.0.1.tgz 2192ms (cache miss)
4913 http fetch GET 200 https://registry.npmjs.org/create-error-class/-/create-error-class-3.0.2.tgz 2231ms (cache miss)
4914 http fetch GET 200 https://registry.npmjs.org/timed-out/-/timed-out-4.0.1.tgz 2245ms (cache miss)
4915 http fetch GET 200 https://registry.npmjs.org/is-redirect/-/is-redirect-1.0.0.tgz 2234ms (cache miss)
4916 http fetch GET 200 https://registry.npmjs.org/clsx/-/clsx-1.2.1.tgz 2239ms (cache miss)
4917 http fetch GET 200 https://registry.npmjs.org/is-retry-allowed/-/is-retry-allowed-1.2.0.tgz 2238ms (cache miss)
4918 http fetch GET 200 https://registry.npmjs.org/rechoir/-/rechoir-0.7.1.tgz 2194ms (cache miss)
4919 http fetch GET 200 https://registry.npmjs.org/envinfo/-/envinfo-7.8.1.tgz 2196ms (cache miss)
4920 http fetch GET 200 https://registry.npmjs.org/unzip-response/-/unzip-response-2.0.1.tgz 2238ms (cache miss)
4921 http fetch GET 200 https://registry.npmjs.org/capture-stack-trace/-/capture-stack-trace-1.0.2.tgz 2257ms (cache miss)
4922 http fetch GET 200 https://registry.npmjs.org/pseudomap/-/pseudomap-1.0.2.tgz 2260ms (cache miss)
4923 http fetch GET 200 https://registry.npmjs.org/interpret/-/interpret-2.2.0.tgz 2230ms (cache miss)
4924 http fetch GET 200 https://registry.npmjs.org/fast-uri/-/fast-uri-3.1.0.tgz 2316ms (cache miss)
4925 http fetch GET 200 https://registry.npmjs.org/fastest-levenshtein/-/fastest-levenshtein-1.0.16.tgz 2229ms (cache miss)
4926 http fetch GET 200 https://registry.npmjs.org/import-local/-/import-local-3.1.0.tgz 2228ms (cache miss)
4927 http fetch GET 200 https://registry.npmjs.org/buffer-from/-/buffer-from-1.1.2.tgz 2556ms (cache miss)
4928 http fetch GET 200 https://registry.npmjs.org/@xtuc/ieee754/-/ieee754-1.2.0.tgz 2543ms (cache miss)
4929 http fetch GET 200 https://registry.npmjs.org/randombytes/-/randombytes-2.1.0.tgz 2549ms (cache miss)
4930 http fetch GET 200 https://registry.npmjs.org/serialize-javascript/-/serialize-javascript-6.0.2.tgz 2574ms (cache miss)
4931 http fetch GET 200 https://registry.npmjs.org/@webassemblyjs/utf8/-/utf8-1.13.2.tgz 2584ms (cache miss)
4932 http fetch GET 200 https://registry.npmjs.org/@webpack-cli/configtest/-/configtest-1.2.0.tgz 2615ms (cache miss)
4933 http fetch GET 200 https://registry.npmjs.org/@webassemblyjs/leb128/-/leb128-1.13.2.tgz 2585ms (cache miss)
4934 http fetch GET 200 https://registry.npmjs.org/source-map-support/-/source-map-support-0.5.21.tgz 2627ms (cache miss)
4935 http fetch GET 200 https://registry.npmjs.org/jest-worker/-/jest-worker-27.5.1.tgz 2671ms (cache miss)
4936 http fetch GET 200 https://registry.npmjs.org/@discoveryjs/json-ext/-/json-ext-0.5.7.tgz 2697ms (cache miss)
4937 http fetch GET 200 https://registry.npmjs.org/@jridgewell/source-map/-/source-map-0.3.5.tgz 2700ms (cache miss)
4938 http fetch GET 200 https://registry.npmjs.org/source-map/-/source-map-0.6.1.tgz 2738ms (cache miss)
4939 http fetch GET 200 https://registry.npmjs.org/@webassemblyjs/ieee754/-/ieee754-1.13.2.tgz 2787ms (cache miss)
4940 http fetch GET 200 https://registry.npmjs.org/@webassemblyjs/wasm-opt/-/wasm-opt-1.14.1.tgz 2807ms (cache miss)
4941 http fetch GET 200 https://registry.npmjs.org/@webassemblyjs/helper-wasm-section/-/helper-wasm-section-1.14.1.tgz 2816ms (cache miss)
4942 http fetch GET 200 https://registry.npmjs.org/@webassemblyjs/wasm-gen/-/wasm-gen-1.14.1.tgz 2824ms (cache miss)
4943 http fetch GET 200 https://registry.npmjs.org/@webassemblyjs/helper-api-error/-/helper-api-error-1.13.2.tgz 2822ms (cache miss)
4944 http fetch GET 200 https://registry.npmjs.org/@webassemblyjs/helper-wasm-bytecode/-/helper-wasm-bytecode-1.13.2.tgz 2822ms (cache miss)
4945 http fetch GET 200 https://registry.npmjs.org/@webpack-cli/serve/-/serve-1.7.0.tgz 3011ms (cache miss)
4946 http fetch GET 200 https://registry.npmjs.org/@webpack-cli/info/-/info-1.5.0.tgz 3009ms (cache miss)
4947 http fetch GET 200 https://registry.npmjs.org/loader-runner/-/loader-runner-4.3.1.tgz 2961ms (cache miss)
4948 http fetch GET 200 https://registry.npmjs.org/watchpack/-/watchpack-2.5.1.tgz 2980ms (cache miss)
4949 http fetch GET 200 https://registry.npmjs.org/terser/-/terser-5.46.0.tgz 3032ms (cache miss)
4950 http fetch GET 200 https://registry.npmjs.org/terser-webpack-plugin/-/terser-webpack-plugin-5.3.16.tgz 3012ms (cache miss)
4951 http fetch GET 200 https://registry.npmjs.org/tapable/-/tapable-2.3.0.tgz 3016ms (cache miss)
4952 http fetch GET 200 https://registry.npmjs.org/@webassemblyjs/wast-printer/-/wast-printer-1.14.1.tgz 3039ms (cache miss)
4953 http fetch GET 200 https://registry.npmjs.org/webpack-sources/-/webpack-sources-3.3.4.tgz 3030ms (cache miss)
4954 http fetch GET 200 https://registry.npmjs.org/@webassemblyjs/floating-point-hex-parser/-/floating-point-hex-parser-1.13.2.tgz 3149ms (cache miss)
4955 http fetch GET 200 https://registry.npmjs.org/glob-to-regexp/-/glob-to-regexp-0.4.1.tgz 3137ms (cache miss)
4956 http fetch GET 200 https://registry.npmjs.org/@webassemblyjs/helper-buffer/-/helper-buffer-1.14.1.tgz 3163ms (cache miss)
4957 http fetch GET 200 https://registry.npmjs.org/@xtuc/long/-/long-4.2.2.tgz 3167ms (cache miss)
4958 http fetch GET 200 https://registry.npmjs.org/json-parse-even-better-errors/-/json-parse-even-better-errors-2.3.1.tgz 3161ms (cache miss)
4959 http fetch GET 200 https://registry.npmjs.org/chrome-trace-event/-/chrome-trace-event-1.0.3.tgz 3165ms (cache miss)
4960 http fetch GET 200 https://registry.npmjs.org/@webassemblyjs/helper-numbers/-/helper-numbers-1.13.2.tgz 3204ms (cache miss)
4961 http fetch GET 200 https://registry.npmjs.org/@webassemblyjs/wasm-edit/-/wasm-edit-1.14.1.tgz 3191ms (cache miss)
4962 http fetch GET 200 https://registry.npmjs.org/@webassemblyjs/wasm-parser/-/wasm-parser-1.14.1.tgz 3222ms (cache miss)
4963 http fetch GET 200 https://registry.npmjs.org/es-module-lexer/-/es-module-lexer-2.0.0.tgz 3236ms (cache miss)
4964 http fetch GET 200 https://registry.npmjs.org/events/-/events-3.3.0.tgz 3238ms (cache miss)
4965 http fetch GET 200 https://registry.npmjs.org/@types/estree/-/estree-1.0.8.tgz 3230ms (cache miss)
4966 http fetch GET 200 https://registry.npmjs.org/neo-async/-/neo-async-2.6.2.tgz 3253ms (cache miss)
4967 http fetch GET 200 https://registry.npmjs.org/enhanced-resolve/-/enhanced-resolve-5.19.0.tgz 3302ms (cache miss)
4968 http fetch GET 200 https://registry.npmjs.org/prepend-http/-/prepend-http-2.0.0.tgz 3298ms (cache miss)
4969 http fetch GET 200 https://registry.npmjs.org/core-util-is/-/core-util-is-1.0.2.tgz 3301ms (cache miss)
4970 http fetch GET 200 https://registry.npmjs.org/@webassemblyjs/ast/-/ast-1.14.1.tgz 3309ms (cache miss)
4971 http fetch GET 200 https://registry.npmjs.org/crypto-random-string/-/crypto-random-string-1.0.0.tgz 3394ms (cache miss)
4972 http fetch GET 200 https://registry.npmjs.org/querystring/-/querystring-0.2.0.tgz 3394ms (cache miss)
4973 http fetch GET 200 https://registry.npmjs.org/deep-extend/-/deep-extend-0.6.0.tgz 3393ms (cache miss)
4974 http fetch GET 200 https://registry.npmjs.org/is-generator-function/-/is-generator-function-1.0.10.tgz 3396ms (cache miss)
4975 warn deprecated querystring@0.2.0: The querystring API is considered Legacy. new code should use the URLSearchParams API instead.
4976 http fetch GET 200 https://registry.npmjs.org/rc/-/rc-1.2.8.tgz 3404ms (cache miss)
4977 http fetch GET 200 https://registry.npmjs.org/registry-url/-/registry-url-3.1.0.tgz 3410ms (cache miss)
4978 http fetch GET 200 https://registry.npmjs.org/write-file-atomic/-/write-file-atomic-2.4.3.tgz 3448ms (cache miss)
4979 http fetch GET 200 https://registry.npmjs.org/package-json/-/package-json-4.0.1.tgz 3450ms (cache miss)
4980 http fetch GET 200 https://registry.npmjs.org/registry-auth-token/-/registry-auth-token-3.4.0.tgz 3455ms (cache miss)
4981 http fetch GET 200 https://registry.npmjs.org/is-obj/-/is-obj-1.0.1.tgz 3499ms (cache miss)
4982 http fetch GET 200 https://registry.npmjs.org/unique-string/-/unique-string-1.0.0.tgz 3533ms (cache miss)
4983 http fetch GET 200 https://registry.npmjs.org/@types/eslint-scope/-/eslint-scope-3.7.7.tgz 3548ms (cache miss)
4984 http fetch GET 200 https://registry.npmjs.org/dot-prop/-/dot-prop-4.2.1.tgz 3533ms (cache miss)
4985 http fetch GET 200 https://registry.npmjs.org/widest-line/-/widest-line-2.0.1.tgz 3533ms (cache miss)
4986 http fetch GET 200 https://registry.npmjs.org/term-size/-/term-size-1.2.0.tgz 3920ms (cache miss)
4987 http fetch GET 200 https://registry.npmjs.org/semver-diff/-/semver-diff-2.1.0.tgz 3969ms (cache miss)
4988 http fetch GET 200 https://registry.npmjs.org/cli-boxes/-/cli-boxes-1.0.0.tgz 3972ms (cache miss)
4989 http fetch GET 200 https://registry.npmjs.org/xdg-basedir/-/xdg-basedir-3.0.0.tgz 3971ms (cache miss)
4990 http fetch GET 200 https://registry.npmjs.org/ansi-align/-/ansi-align-2.0.0.tgz 3972ms (cache miss)
4991 http fetch GET 200 https://registry.npmjs.org/camelcase/-/camelcase-4.1.0.tgz 3969ms (cache miss)
4992 http fetch GET 200 https://registry.npmjs.org/latest-version/-/latest-version-3.1.0.tgz 4021ms (cache miss)
4993 http fetch GET 200 https://registry.npmjs.org/import-lazy/-/import-lazy-2.1.0.tgz 4019ms (cache miss)
4994 http fetch GET 200 https://registry.npmjs.org/is-npm/-/is-npm-1.0.0.tgz 4021ms (cache miss)
4995 http fetch GET 200 https://registry.npmjs.org/boxen/-/boxen-1.3.0.tgz 4013ms (cache miss)
4996 http fetch GET 200 https://registry.npmjs.org/unicode-property-aliases-ecmascript/-/unicode-property-aliases-ecmascript-2.1.0.tgz 4022ms (cache miss)
4997 http fetch GET 200 https://registry.npmjs.org/unicode-canonical-property-names-ecmascript/-/unicode-canonical-property-names-ecmascript-2.0.0.tgz 4022ms (cache miss)
4998 http fetch GET 200 https://registry.npmjs.org/has-bigints/-/has-bigints-1.0.2.tgz 4021ms (cache miss)
4999 http fetch GET 200 https://registry.npmjs.org/lodash.truncate/-/lodash.truncate-4.4.2.tgz 4019ms (cache miss)
5000 http fetch GET 200 https://registry.npmjs.org/has-flag/-/has-flag-3.0.0.tgz 4025ms (cache miss)
5001 http fetch GET 200 https://registry.npmjs.org/punycode/-/punycode-2.3.0.tgz 4028ms (cache miss)
5002 http fetch GET 200 https://registry.npmjs.org/xtend/-/xtend-4.0.2.tgz 4023ms (cache miss)
5003 http fetch GET 200 https://registry.npmjs.org/ansi-regex/-/ansi-regex-5.0.1.tgz 4027ms (cache miss)
5004 http fetch GET 200 https://registry.npmjs.org/configstore/-/configstore-3.1.5.tgz 4046ms (cache miss)
5005 http fetch GET 200 https://registry.npmjs.org/escalade/-/escalade-3.2.0.tgz 4063ms (cache miss)
5006 http fetch GET 200 https://registry.npmjs.org/string_decoder/-/string_decoder-1.3.0.tgz 4067ms (cache miss)
5007 http fetch GET 200 https://registry.npmjs.org/builtin-status-codes/-/builtin-status-codes-3.0.0.tgz 4066ms (cache miss)
5008 http fetch GET 200 https://registry.npmjs.org/getpass/-/getpass-0.1.7.tgz 4085ms (cache miss)
5009 http fetch GET 200 https://registry.npmjs.org/ecc-jsbn/-/ecc-jsbn-0.1.2.tgz 4088ms (cache miss)
5010 http fetch GET 200 https://registry.npmjs.org/jsbn/-/jsbn-0.1.1.tgz 4101ms (cache miss)
5011 http fetch GET 200 https://registry.npmjs.org/bcrypt-pbkdf/-/bcrypt-pbkdf-1.0.2.tgz 4097ms (cache miss)
5012 http fetch GET 200 https://registry.npmjs.org/is-fullwidth-code-point/-/is-fullwidth-code-point-3.0.0.tgz 4095ms (cache miss)
5013 http fetch GET 200 https://registry.npmjs.org/dashdash/-/dashdash-1.14.1.tgz 4100ms (cache miss)
5014 http fetch GET 200 https://registry.npmjs.org/astral-regex/-/astral-regex-2.0.0.tgz 4096ms (cache miss)
5015 http fetch GET 200 https://registry.npmjs.org/shebang-regex/-/shebang-regex-3.0.0.tgz 4098ms (cache miss)
5016 http fetch GET 200 https://registry.npmjs.org/asn1/-/asn1-0.2.6.tgz 4101ms (cache miss)
5017 http fetch GET 200 https://registry.npmjs.org/semver-compare/-/semver-compare-1.0.0.tgz 4105ms (cache miss)
5018 http fetch GET 200 https://registry.npmjs.org/@types/json-schema/-/json-schema-7.0.15.tgz 4107ms (cache miss)
5019 http fetch GET 200 https://registry.npmjs.org/safer-buffer/-/safer-buffer-2.1.2.tgz 4122ms (cache miss)
5020 http fetch GET 200 https://registry.npmjs.org/@types/eslint/-/eslint-8.44.0.tgz 4199ms (cache miss)
5021 http fetch GET 200 https://registry.npmjs.org/inherits/-/inherits-2.0.4.tgz 4101ms (cache miss)
5022 http fetch GET 200 https://registry.npmjs.org/detect-node/-/detect-node-2.1.0.tgz 4119ms (cache miss)
5023 http fetch GET 200 https://registry.npmjs.org/path-is-absolute/-/path-is-absolute-1.0.1.tgz 4118ms (cache miss)
5024 http fetch GET 200 https://registry.npmjs.org/inflight/-/inflight-1.0.6.tgz 4122ms (cache miss)
5025 warn deprecated inflight@1.0.6: This module is not supported, and leaks memory. Do not use it. Check out lru-cache if you want a good and tested way to coalesce async requests by a key value, which is much more comprehensive and powerful.
5026 http fetch GET 200 https://registry.npmjs.org/tslib/-/tslib-2.5.0.tgz 4142ms (cache miss)
5027 http fetch GET 200 https://registry.npmjs.org/tweetnacl/-/tweetnacl-0.14.5.tgz 4168ms (cache miss)
5028 http fetch GET 200 https://registry.npmjs.org/readable-stream/-/readable-stream-3.6.0.tgz 4171ms (cache miss)
5029 http fetch GET 200 https://registry.npmjs.org/is-core-module/-/is-core-module-2.11.0.tgz 4151ms (cache miss)
5030 http fetch GET 200 https://registry.npmjs.org/path-parse/-/path-parse-1.0.7.tgz 4153ms (cache miss)
5031 http fetch GET 200 https://registry.npmjs.org/glob/-/glob-7.2.3.tgz 4158ms (cache miss)
5032 warn deprecated glob@7.2.3: Old versions of glob are not supported, and contain widely publicized security vulnerabilities, which have been fixed in the current version. Please update. Support for old versions may be purchased (at exorbitant rates) by contacting i@izs.me
5033 http fetch GET 200 https://registry.npmjs.org/fs.realpath/-/fs.realpath-1.0.0.tgz 4158ms (cache miss)
5034 http fetch GET 200 https://registry.npmjs.org/supports-preserve-symlinks-flag/-/supports-preserve-symlinks-flag-1.0.0.tgz 4160ms (cache miss)
5035 http fetch GET 200 https://registry.npmjs.org/ajv-keywords/-/ajv-keywords-3.5.2.tgz 4181ms (cache miss)
5036 http fetch GET 200 https://registry.npmjs.org/psl/-/psl-1.9.0.tgz 4202ms (cache miss)
5037 http fetch GET 200 https://registry.npmjs.org/throttleit/-/throttleit-1.0.0.tgz 4213ms (cache miss)
5038 http fetch GET 200 https://registry.npmjs.org/unicode-match-property-ecmascript/-/unicode-match-property-ecmascript-2.0.0.tgz 4211ms (cache miss)
5039 http fetch GET 200 https://registry.npmjs.org/unicode-match-property-value-ecmascript/-/unicode-match-property-value-ecmascript-2.1.0.tgz 4212ms (cache miss)
5040 http fetch GET 200 https://registry.npmjs.org/regjsparser/-/regjsparser-0.9.1.tgz 4311ms (cache miss)
5041 http fetch GET 200 https://registry.npmjs.org/regenerate/-/regenerate-1.4.2.tgz 4430ms (cache miss)
5042 http fetch GET 200 https://registry.npmjs.org/regenerate-unicode-properties/-/regenerate-unicode-properties-10.1.0.tgz 4459ms (cache miss)
5043 http fetch GET 200 https://registry.npmjs.org/exenv/-/exenv-1.2.2.tgz 4475ms (cache miss)
5044 http fetch GET 200 https://registry.npmjs.org/@babel/regjsgen/-/regjsgen-0.8.0.tgz 4503ms (cache miss)
5045 http fetch GET 200 https://registry.npmjs.org/lodash.isequal/-/lodash.isequal-4.5.0.tgz 4636ms (cache miss)
5046 warn deprecated lodash.isequal@4.5.0: This package is deprecated. Use require('node:util').isDeepStrictEqual instead.
5047 http fetch GET 200 https://registry.npmjs.org/proto-list/-/proto-list-1.2.4.tgz 4732ms (cache miss)
5048 http fetch GET 200 https://registry.npmjs.org/config-chain/-/config-chain-1.1.13.tgz 4734ms (cache miss)
5049 http fetch GET 200 https://registry.npmjs.org/json-buffer/-/json-buffer-3.0.0.tgz 4733ms (cache miss)
5050 http fetch GET 200 https://registry.npmjs.org/responselike/-/responselike-1.0.2.tgz 4735ms (cache miss)
5051 http fetch GET 200 https://registry.npmjs.org/normalize-url/-/normalize-url-4.5.1.tgz 4756ms (cache miss)
5052 http fetch GET 200 https://registry.npmjs.org/keyv/-/keyv-3.1.0.tgz 4873ms (cache miss)
5053 http fetch GET 200 https://registry.npmjs.org/shell-quote/-/shell-quote-1.8.0.tgz 4988ms (cache miss)
5054 http fetch GET 200 https://registry.npmjs.org/ws/-/ws-7.5.10.tgz 5006ms (cache miss)
5055 http fetch GET 200 https://registry.npmjs.org/mimic-response/-/mimic-response-1.0.1.tgz 5019ms (cache miss)
5056 http fetch GET 200 https://registry.npmjs.org/url-parse-lax/-/url-parse-lax-3.0.0.tgz 5022ms (cache miss)
5057 http fetch GET 200 https://registry.npmjs.org/to-readable-stream/-/to-readable-stream-1.0.0.tgz 5021ms (cache miss)
5058 http fetch GET 200 https://registry.npmjs.org/http-cache-semantics/-/http-cache-semantics-4.1.1.tgz 5059ms (cache miss)
5059 http fetch GET 200 https://registry.npmjs.org/p-cancelable/-/p-cancelable-1.1.0.tgz 5047ms (cache miss)
5060 http fetch GET 200 https://registry.npmjs.org/lowercase-keys/-/lowercase-keys-1.0.1.tgz 5047ms (cache miss)
5061 http fetch GET 200 https://registry.npmjs.org/duplexer3/-/duplexer3-0.1.5.tgz 5046ms (cache miss)
5062 http fetch GET 200 https://registry.npmjs.org/decompress-response/-/decompress-response-3.3.0.tgz 5046ms (cache miss)
5063 http fetch GET 200 https://registry.npmjs.org/defer-to-connect/-/defer-to-connect-1.1.3.tgz 5100ms (cache miss)
5064 http fetch GET 200 https://registry.npmjs.org/cacheable-request/-/cacheable-request-6.1.0.tgz 5093ms (cache miss)
5065 http fetch GET 200 https://registry.npmjs.org/clone-response/-/clone-response-1.0.3.tgz 5124ms (cache miss)
5066 http fetch GET 200 https://registry.npmjs.org/scheduler/-/scheduler-0.20.2.tgz 5166ms (cache miss)
5067 http fetch GET 200 https://registry.npmjs.org/encodeurl/-/encodeurl-1.0.2.tgz 5213ms (cache miss)
5068 http fetch GET 200 https://registry.npmjs.org/npm-conf/-/npm-conf-1.1.3.tgz 5231ms (cache miss)
5069 http fetch GET 200 https://registry.npmjs.org/matcher/-/matcher-3.0.0.tgz 5228ms (cache miss)
5070 http fetch GET 200 https://registry.npmjs.org/boolean/-/boolean-3.2.0.tgz 5225ms (cache miss)
5071 http fetch GET 200 https://registry.npmjs.org/es6-error/-/es6-error-4.1.1.tgz 5228ms (cache miss)
5072 http fetch GET 200 https://registry.npmjs.org/serialize-error/-/serialize-error-7.0.1.tgz 5231ms (cache miss)
5073 http fetch GET 200 https://registry.npmjs.org/global-tunnel-ng/-/global-tunnel-ng-2.7.1.tgz 5260ms (cache miss)
5074 http fetch GET 200 https://registry.npmjs.org/env-paths/-/env-paths-2.2.1.tgz 5259ms (cache miss)
5075 http fetch GET 200 https://registry.npmjs.org/tunnel/-/tunnel-0.0.6.tgz 5309ms (cache miss)
5076 http fetch GET 200 https://registry.npmjs.org/shallowequal/-/shallowequal-1.1.0.tgz 5292ms (cache miss)
5077 http fetch GET 200 https://registry.npmjs.org/warning/-/warning-3.0.0.tgz 5290ms (cache miss)
5078 http fetch GET 200 https://registry.npmjs.org/rc-align/-/rc-align-2.4.5.tgz 5289ms (cache miss)
5079 http fetch GET 200 https://registry.npmjs.org/component-classes/-/component-classes-1.2.6.tgz 5288ms (cache miss)
5080 http fetch GET 200 https://registry.npmjs.org/update-notifier/-/update-notifier-2.5.0.tgz 5328ms (cache miss)
5081 http fetch GET 200 https://registry.npmjs.org/add-dom-event-listener/-/add-dom-event-listener-1.1.0.tgz 5318ms (cache miss)
5082 http fetch GET 200 https://registry.npmjs.org/react-draggable/-/react-draggable-3.3.2.tgz 5424ms (cache miss)
5083 http fetch GET 200 https://registry.npmjs.org/ip/-/ip-1.1.8.tgz 5380ms (cache miss)
5084 http fetch GET 200 https://registry.npmjs.org/raf/-/raf-3.4.1.tgz 5417ms (cache miss)
5085 http fetch GET 200 https://registry.npmjs.org/react-resizable/-/react-resizable-1.11.1.tgz 5623ms (cache miss)
5086 http fetch GET 200 https://registry.npmjs.org/react-lifecycles-compat/-/react-lifecycles-compat-3.0.4.tgz 5560ms (cache miss)
5087 http fetch GET 200 https://registry.npmjs.org/rc-animate/-/rc-animate-2.11.1.tgz 5555ms (cache miss)
5088 http fetch GET 200 https://registry.npmjs.org/classnames/-/classnames-2.3.2.tgz 5555ms (cache miss)
5089 http fetch GET 200 https://registry.npmjs.org/@szmarczak/http-timer/-/http-timer-1.1.2.tgz 5595ms (cache miss)
5090 http fetch GET 200 https://registry.npmjs.org/@sindresorhus/is/-/is-0.14.0.tgz 5596ms (cache miss)
5091 http fetch GET 200 https://registry.npmjs.org/component-indexof/-/component-indexof-0.0.3.tgz 5601ms (cache miss)
5092 http fetch GET 200 https://registry.npmjs.org/css-animation/-/css-animation-1.6.1.tgz 5596ms (cache miss)
5093 http fetch GET 200 https://registry.npmjs.org/wrappy/-/wrappy-1.0.2.tgz 5588ms (cache miss)
5094 http fetch GET 200 https://registry.npmjs.org/end-of-stream/-/end-of-stream-1.4.4.tgz 5588ms (cache miss)
5095 http fetch GET 200 https://registry.npmjs.org/once/-/once-1.4.0.tgz 5634ms (cache miss)
5096 http fetch GET 200 https://registry.npmjs.org/object-assign/-/object-assign-4.1.1.tgz 5633ms (cache miss)
5097 warn deprecated boolean@3.2.0: Package no longer supported. Contact Support at https://www.npmjs.com/support for more info.
5098 http fetch GET 200 https://registry.npmjs.org/react-is/-/react-is-16.13.1.tgz 5680ms (cache miss)
5099 http fetch GET 200 https://registry.npmjs.org/cssesc/-/cssesc-3.0.0.tgz 5678ms (cache miss)
5100 http fetch GET 200 https://registry.npmjs.org/loose-envify/-/loose-envify-1.4.0.tgz 5708ms (cache miss)
5101 http fetch GET 200 https://registry.npmjs.org/util-deprecate/-/util-deprecate-1.0.2.tgz 5707ms (cache miss)
5102 http fetch GET 200 https://registry.npmjs.org/p-try/-/p-try-2.2.0.tgz 5703ms (cache miss)
5103 http fetch GET 200 https://registry.npmjs.org/nanoid/-/nanoid-3.3.11.tgz 5705ms (cache miss)
5104 http fetch GET 200 https://registry.npmjs.org/picocolors/-/picocolors-1.1.1.tgz 5706ms (cache miss)
5105 http fetch GET 200 https://registry.npmjs.org/p-limit/-/p-limit-2.3.0.tgz 5709ms (cache miss)
5106 http fetch GET 200 https://registry.npmjs.org/locate-path/-/locate-path-5.0.0.tgz 5709ms (cache miss)
5107 http fetch GET 200 https://registry.npmjs.org/path-exists/-/path-exists-4.0.0.tgz 5708ms (cache miss)
5108 http fetch GET 200 https://registry.npmjs.org/got/-/got-9.6.0.tgz 5779ms (cache miss)
5109 http fetch GET 200 https://registry.npmjs.org/find-up/-/find-up-4.1.0.tgz 5726ms (cache miss)
5110 http fetch GET 200 https://registry.npmjs.org/p-locate/-/p-locate-4.1.0.tgz 5747ms (cache miss)
5111 http fetch GET 200 https://registry.npmjs.org/sumchecker/-/sumchecker-3.0.1.tgz 5820ms (cache miss)
5112 http fetch GET 200 https://registry.npmjs.org/callsites/-/callsites-3.1.0.tgz 5767ms (cache miss)
5113 http fetch GET 200 https://registry.npmjs.org/aggregate-error/-/aggregate-error-3.1.0.tgz 5765ms (cache miss)
5114 http fetch GET 200 https://registry.npmjs.org/clean-stack/-/clean-stack-2.2.0.tgz 5791ms (cache miss)
5115 http fetch GET 200 https://registry.npmjs.org/word-wrap/-/word-wrap-1.2.4.tgz 5790ms (cache miss)
5116 http fetch GET 200 https://registry.npmjs.org/deep-is/-/deep-is-0.1.4.tgz 5788ms (cache miss)
5117 http fetch GET 200 https://registry.npmjs.org/mimic-fn/-/mimic-fn-2.1.0.tgz 5787ms (cache miss)
5118 http fetch GET 200 https://registry.npmjs.org/indent-string/-/indent-string-4.0.0.tgz 5807ms (cache miss)
5119 http fetch GET 200 https://registry.npmjs.org/balanced-match/-/balanced-match-1.0.2.tgz 5797ms (cache miss)
5120 http fetch GET 200 https://registry.npmjs.org/cheminfo-types/-/cheminfo-types-1.4.0.tgz 5799ms (cache miss)
5121 http fetch GET 200 https://registry.npmjs.org/concat-map/-/concat-map-0.0.1.tgz 5798ms (cache miss)
5122 http fetch GET 200 https://registry.npmjs.org/is-any-array/-/is-any-array-2.0.0.tgz 5800ms (cache miss)
5123 http fetch GET 200 https://registry.npmjs.org/fast-levenshtein/-/fast-levenshtein-2.0.6.tgz 5846ms (cache miss)
5124 http fetch GET 200 https://registry.npmjs.org/brace-expansion/-/brace-expansion-1.1.11.tgz 5839ms (cache miss)
5125 http fetch GET 200 https://registry.npmjs.org/rc-trigger/-/rc-trigger-2.6.5.tgz 5907ms (cache miss)
5126 http fetch GET 200 https://registry.npmjs.org/yallist/-/yallist-3.1.1.tgz 5866ms (cache miss)
5127 http fetch GET 200 https://registry.npmjs.org/wrap-ansi/-/wrap-ansi-7.0.0.tgz 5861ms (cache miss)
5128 http fetch GET 200 https://registry.npmjs.org/dom-align/-/dom-align-1.12.4.tgz 5957ms (cache miss)
5129 http fetch GET 200 https://registry.npmjs.org/is-unicode-supported/-/is-unicode-supported-0.1.0.tgz 5904ms (cache miss)
5130 http fetch GET 200 https://registry.npmjs.org/emojis-list/-/emojis-list-3.0.0.tgz 5903ms (cache miss)
5131 http fetch GET 200 https://registry.npmjs.org/ansi-escapes/-/ansi-escapes-4.3.2.tgz 5904ms (cache miss)
5132 http fetch GET 200 https://registry.npmjs.org/big.js/-/big.js-5.2.2.tgz 5904ms (cache miss)
5133 http fetch GET 200 https://registry.npmjs.org/slice-ansi/-/slice-ansi-3.0.0.tgz 5904ms (cache miss)
5134 http fetch GET 200 https://registry.npmjs.org/log-update/-/log-update-4.0.0.tgz 5900ms (cache miss)
5135 http fetch GET 200 https://registry.npmjs.org/p-map/-/p-map-4.0.0.tgz 5900ms (cache miss)
5136 http fetch GET 200 https://registry.npmjs.org/cli-truncate/-/cli-truncate-2.1.0.tgz 5891ms (cache miss)
5137 http fetch GET 200 https://registry.npmjs.org/colorette/-/colorette-2.0.19.tgz 5893ms (cache miss)
5138 http fetch GET 200 https://registry.npmjs.org/rfdc/-/rfdc-1.3.0.tgz 5894ms (cache miss)
5139 http fetch GET 200 https://registry.npmjs.org/through/-/through-2.3.8.tgz 5918ms (cache miss)
5140 http fetch GET 200 https://registry.npmjs.org/type-check/-/type-check-0.4.0.tgz 5906ms (cache miss)
5141 http fetch GET 200 https://registry.npmjs.org/prelude-ls/-/prelude-ls-1.2.1.tgz 5909ms (cache miss)
5142 http fetch GET 200 https://registry.npmjs.org/json-schema/-/json-schema-0.4.0.tgz 5921ms (cache miss)
5143 http fetch GET 200 https://registry.npmjs.org/extsprintf/-/extsprintf-1.3.0.tgz 5921ms (cache miss)
5144 http fetch GET 200 https://registry.npmjs.org/global-dirs/-/global-dirs-3.0.1.tgz 5931ms (cache miss)
5145 http fetch GET 200 https://registry.npmjs.org/verror/-/verror-1.10.0.tgz 5938ms (cache miss)
5146 http fetch GET 200 https://registry.npmjs.org/is-path-inside/-/is-path-inside-3.0.3.tgz 5935ms (cache miss)
5147 http fetch GET 200 https://registry.npmjs.org/for-each/-/for-each-0.3.3.tgz 5952ms (cache miss)
5148 http fetch GET 200 https://registry.npmjs.org/ci-info/-/ci-info-3.8.0.tgz 5979ms (cache miss)
5149 http fetch GET 200 https://registry.npmjs.org/ini/-/ini-2.0.0.tgz 5982ms (cache miss)
5150 http fetch GET 200 https://registry.npmjs.org/is-extglob/-/is-extglob-2.1.1.tgz 5979ms (cache miss)
5151 http fetch GET 200 https://registry.npmjs.org/mime-db/-/mime-db-1.52.0.tgz 6044ms (cache miss)
5152 http fetch GET 200 https://registry.npmjs.org/roarr/-/roarr-2.15.4.tgz 6146ms (cache miss)
5153 http fetch GET 200 https://registry.npmjs.org/source-map-js/-/source-map-js-1.0.2.tgz 6103ms (cache miss)
5154 http fetch GET 200 https://registry.npmjs.org/parent-module/-/parent-module-1.0.1.tgz 6051ms (cache miss)
5155 http fetch GET 200 https://registry.npmjs.org/resolve-from/-/resolve-from-4.0.0.tgz 6052ms (cache miss)
5156 http fetch GET 200 https://registry.npmjs.org/jsprim/-/jsprim-2.0.2.tgz 6050ms (cache miss)
5157 http fetch GET 200 https://registry.npmjs.org/functions-have-names/-/functions-have-names-1.2.3.tgz 6118ms (cache miss)
5158 http fetch GET 200 https://registry.npmjs.org/sprintf-js/-/sprintf-js-1.0.3.tgz 6170ms (cache miss)
5159 http fetch GET 200 https://registry.npmjs.org/assert-plus/-/assert-plus-1.0.0.tgz 6157ms (cache miss)
5160 http fetch GET 200 https://registry.npmjs.org/graceful-fs/-/graceful-fs-4.2.11.tgz 6151ms (cache miss)
5161 http fetch GET 200 https://registry.npmjs.org/jsonfile/-/jsonfile-6.1.0.tgz 6154ms (cache miss)
5162 http fetch GET 200 https://registry.npmjs.org/pump/-/pump-3.0.0.tgz 6158ms (cache miss)
5163 http fetch GET 200 https://registry.npmjs.org/universalify/-/universalify-2.0.0.tgz 6173ms (cache miss)
5164 http fetch GET 200 https://registry.npmjs.org/flatted/-/flatted-3.2.7.tgz 6161ms (cache miss)
5165 http fetch GET 200 https://registry.npmjs.org/asynckit/-/asynckit-0.4.0.tgz 6164ms (cache miss)
5166 http fetch GET 200 https://registry.npmjs.org/rimraf/-/rimraf-3.0.2.tgz 6165ms (cache miss)
5167 warn deprecated rimraf@3.0.2: Rimraf versions prior to v4 are no longer supported
5168 http fetch GET 200 https://registry.npmjs.org/commondir/-/commondir-1.0.1.tgz 6163ms (cache miss)
5169 http fetch GET 200 https://registry.npmjs.org/pkg-dir/-/pkg-dir-4.2.0.tgz 6165ms (cache miss)
5170 http fetch GET 200 https://registry.npmjs.org/at-least-node/-/at-least-node-1.0.0.tgz 6190ms (cache miss)
5171 http fetch GET 200 https://registry.npmjs.org/pify/-/pify-2.3.0.tgz 6186ms (cache miss)
5172 http fetch GET 200 https://registry.npmjs.org/strip-final-newline/-/strip-final-newline-2.0.0.tgz 6186ms (cache miss)
5173 http fetch GET 200 https://registry.npmjs.org/signal-exit/-/signal-exit-3.0.7.tgz 6204ms (cache miss)
5174 http fetch GET 200 https://registry.npmjs.org/merge-stream/-/merge-stream-2.0.0.tgz 6245ms (cache miss)
5175 http fetch GET 200 https://registry.npmjs.org/onetime/-/onetime-5.1.2.tgz 6246ms (cache miss)
5176 http fetch GET 200 https://registry.npmjs.org/esprima/-/esprima-4.0.1.tgz 6324ms (cache miss)
5177 http fetch GET 200 https://registry.npmjs.org/flat-cache/-/flat-cache-3.0.4.tgz 6288ms (cache miss)
5178 http fetch GET 200 https://registry.npmjs.org/is-stream/-/is-stream-2.0.1.tgz 6281ms (cache miss)
5179 http fetch GET 200 https://registry.npmjs.org/acorn-jsx/-/acorn-jsx-5.3.2.tgz 6309ms (cache miss)
5180 http fetch GET 200 https://registry.npmjs.org/npm-run-path/-/npm-run-path-4.0.1.tgz 6313ms (cache miss)
5181 http fetch GET 200 https://registry.npmjs.org/get-stream/-/get-stream-5.2.0.tgz 6311ms (cache miss)
5182 http fetch GET 200 https://registry.npmjs.org/electron/-/electron-11.5.0.tgz 6471ms (cache miss)
5183 http fetch GET 200 https://registry.npmjs.org/esrecurse/-/esrecurse-4.3.0.tgz 6548ms (cache miss)
5184 http fetch GET 200 https://registry.npmjs.org/string.prototype.matchall/-/string.prototype.matchall-4.0.8.tgz 6548ms (cache miss)
5185 http fetch GET 200 https://registry.npmjs.org/human-signals/-/human-signals-1.1.1.tgz 6640ms (cache miss)
5186 http fetch GET 200 https://registry.npmjs.org/object.values/-/object.values-1.1.6.tgz 6635ms (cache miss)
5187 http fetch GET 200 https://registry.npmjs.org/estraverse/-/estraverse-5.3.0.tgz 6635ms (cache miss)
5188 http fetch GET 200 https://registry.npmjs.org/is-symbol/-/is-symbol-1.0.4.tgz 6713ms (cache miss)
5189 http fetch GET 200 https://registry.npmjs.org/array.prototype.tosorted/-/array.prototype.tosorted-1.1.1.tgz 6712ms (cache miss)
5190 http fetch GET 200 https://registry.npmjs.org/is-set/-/is-set-2.0.2.tgz 6709ms (cache miss)
5191 http fetch GET 200 https://registry.npmjs.org/stop-iteration-iterator/-/stop-iteration-iterator-1.0.0.tgz 6712ms (cache miss)
5192 http fetch GET 200 https://registry.npmjs.org/unbox-primitive/-/unbox-primitive-1.0.2.tgz 6752ms (cache miss)
5193 http fetch GET 200 https://registry.npmjs.org/@types/yauzl/-/yauzl-2.10.0.tgz 6786ms (cache miss)
5194 http fetch GET 200 https://registry.npmjs.org/typed-array-length/-/typed-array-length-1.0.4.tgz 6751ms (cache miss)
5195 http fetch GET 200 https://registry.npmjs.org/safe-regex-test/-/safe-regex-test-1.0.0.tgz 6780ms (cache miss)
5196 http fetch GET 200 https://registry.npmjs.org/string.prototype.trimstart/-/string.prototype.trimstart-1.0.6.tgz 6781ms (cache miss)
5197 http fetch GET 200 https://registry.npmjs.org/has-tostringtag/-/has-tostringtag-1.0.0.tgz 6852ms (cache miss)
5198 http fetch GET 200 https://registry.npmjs.org/is-map/-/is-map-2.0.2.tgz 6913ms (cache miss)
5199 http fetch GET 200 https://registry.npmjs.org/is-typed-array/-/is-typed-array-1.1.10.tgz 6895ms (cache miss)
5200 http fetch GET 200 https://registry.npmjs.org/is-weakref/-/is-weakref-1.0.2.tgz 6898ms (cache miss)
5201 http fetch GET 200 https://registry.npmjs.org/internal-slot/-/internal-slot-1.0.5.tgz 6895ms (cache miss)
5202 http fetch GET 200 https://registry.npmjs.org/is-negative-zero/-/is-negative-zero-2.0.2.tgz 6931ms (cache miss)
5203 http fetch GET 200 https://registry.npmjs.org/get-symbol-description/-/get-symbol-description-1.0.0.tgz 6927ms (cache miss)
5204 http fetch GET 200 https://registry.npmjs.org/has-symbols/-/has-symbols-1.0.3.tgz 6931ms (cache miss)
5205 http fetch GET 200 https://registry.npmjs.org/has-proto/-/has-proto-1.0.1.tgz 6931ms (cache miss)
5206 http fetch GET 200 https://registry.npmjs.org/is-callable/-/is-callable-1.2.7.tgz 6995ms (cache miss)
5207 http fetch GET 200 https://registry.npmjs.org/gopd/-/gopd-1.0.1.tgz 6993ms (cache miss)
5208 http fetch GET 200 https://registry.npmjs.org/globalthis/-/globalthis-1.0.3.tgz 6990ms (cache miss)
5209 http fetch GET 200 https://registry.npmjs.org/function.prototype.name/-/function.prototype.name-1.1.5.tgz 6989ms (cache miss)
5210 http fetch GET 200 https://registry.npmjs.org/es-set-tostringtag/-/es-set-tostringtag-2.0.1.tgz 6988ms (cache miss)
5211 http fetch GET 200 https://registry.npmjs.org/has-property-descriptors/-/has-property-descriptors-1.0.0.tgz 6988ms (cache miss)
5212 http fetch GET 200 https://registry.npmjs.org/object.hasown/-/object.hasown-1.1.2.tgz 7073ms (cache miss)
5213 http fetch GET 200 https://registry.npmjs.org/string.prototype.trimend/-/string.prototype.trimend-1.0.6.tgz 7053ms (cache miss)
5214 http fetch GET 200 https://registry.npmjs.org/available-typed-arrays/-/available-typed-arrays-1.0.5.tgz 7040ms (cache miss)
5215 http fetch GET 200 https://registry.npmjs.org/which-typed-array/-/which-typed-array-1.1.9.tgz 7038ms (cache miss)
5216 http fetch GET 200 https://registry.npmjs.org/which-collection/-/which-collection-1.0.1.tgz 7038ms (cache miss)
5217 http fetch GET 200 https://registry.npmjs.org/postcss-selector-parser/-/postcss-selector-parser-6.0.11.tgz 7242ms (cache miss)
5218 http fetch GET 200 https://registry.npmjs.org/which-boxed-primitive/-/which-boxed-primitive-1.0.2.tgz 7094ms (cache miss)
5219 http fetch GET 200 https://registry.npmjs.org/side-channel/-/side-channel-1.0.4.tgz 7093ms (cache miss)
5220 http fetch GET 200 https://registry.npmjs.org/argparse/-/argparse-1.0.10.tgz 7236ms (cache miss)
5221 http fetch GET 200 https://registry.npmjs.org/object-keys/-/object-keys-1.1.1.tgz 7148ms (cache miss)
5222 http fetch GET 200 https://registry.npmjs.org/is-array-buffer/-/is-array-buffer-3.0.1.tgz 7137ms (cache miss)
5223 http fetch GET 200 https://registry.npmjs.org/is-regex/-/is-regex-1.1.4.tgz 7140ms (cache miss)
5224 http fetch GET 200 https://registry.npmjs.org/regexp.prototype.flags/-/regexp.prototype.flags-1.4.3.tgz 7152ms (cache miss)
5225 http fetch GET 200 https://registry.npmjs.org/is-arguments/-/is-arguments-1.1.1.tgz 7137ms (cache miss)
5226 http fetch GET 200 https://registry.npmjs.org/isarray/-/isarray-2.0.5.tgz 7148ms (cache miss)
5227 http fetch GET 200 https://registry.npmjs.org/is-shared-array-buffer/-/is-shared-array-buffer-1.0.2.tgz 7150ms (cache miss)
5228 http fetch GET 200 https://registry.npmjs.org/is-date-object/-/is-date-object-1.0.5.tgz 7140ms (cache miss)
5229 http fetch GET 200 https://registry.npmjs.org/function-bind/-/function-bind-1.1.1.tgz 7174ms (cache miss)
5230 http fetch GET 200 https://registry.npmjs.org/is-string/-/is-string-1.0.7.tgz 7173ms (cache miss)
5231 http fetch GET 200 https://registry.npmjs.org/es-shim-unscopables/-/es-shim-unscopables-1.0.0.tgz 7175ms (cache miss)
5232 http fetch GET 200 https://registry.npmjs.org/prop-types/-/prop-types-15.8.1.tgz 7294ms (cache miss)
5233 http fetch GET 200 https://registry.npmjs.org/get-intrinsic/-/get-intrinsic-1.2.0.tgz 7230ms (cache miss)
5234 http fetch GET 200 https://registry.npmjs.org/call-bind/-/call-bind-1.0.2.tgz 7229ms (cache miss)
5235 http fetch GET 200 https://registry.npmjs.org/define-properties/-/define-properties-1.2.0.tgz 7228ms (cache miss)
5236 http fetch GET 200 https://registry.npmjs.org/object.fromentries/-/object.fromentries-2.0.6.tgz 7226ms (cache miss)
5237 http fetch GET 200 https://registry.npmjs.org/regenerator-runtime/-/regenerator-runtime-0.13.11.tgz 7309ms (cache miss)
5238 http fetch GET 200 https://registry.npmjs.org/ast-types-flow/-/ast-types-flow-0.0.7.tgz 7301ms (cache miss)
5239 http fetch GET 200 https://registry.npmjs.org/damerau-levenshtein/-/damerau-levenshtein-1.0.8.tgz 7304ms (cache miss)
5240 http fetch GET 200 https://registry.npmjs.org/array.prototype.flatmap/-/array.prototype.flatmap-1.3.1.tgz 7300ms (cache miss)
5241 http fetch GET 200 https://registry.npmjs.org/object.entries/-/object.entries-1.1.6.tgz 7348ms (cache miss)
5242 http fetch GET 200 https://registry.npmjs.org/has/-/has-1.0.3.tgz 7346ms (cache miss)
5243 http fetch GET 200 https://registry.npmjs.org/path-key/-/path-key-3.1.1.tgz 7336ms (cache miss)
5244 http fetch GET 200 https://registry.npmjs.org/fast-json-stable-stringify/-/fast-json-stable-stringify-2.1.0.tgz 7330ms (cache miss)
5245 http fetch GET 200 https://registry.npmjs.org/shebang-command/-/shebang-command-2.0.0.tgz 7332ms (cache miss)
5246 http fetch GET 200 https://registry.npmjs.org/language-tags/-/language-tags-1.0.5.tgz 7395ms (cache miss)
5247 http fetch GET 200 https://registry.npmjs.org/which/-/which-2.0.2.tgz 7389ms (cache miss)
5248 http fetch GET 200 https://registry.npmjs.org/json-schema-traverse/-/json-schema-traverse-0.4.1.tgz 7381ms (cache miss)
5249 http fetch GET 200 https://registry.npmjs.org/strip-json-comments/-/strip-json-comments-3.1.1.tgz 7378ms (cache miss)
5250 http fetch GET 200 https://registry.npmjs.org/strip-ansi/-/strip-ansi-6.0.1.tgz 7376ms (cache miss)
5251 http fetch GET 200 https://registry.npmjs.org/es-to-primitive/-/es-to-primitive-1.2.1.tgz 7524ms (cache miss)
5252 http fetch GET 200 https://registry.npmjs.org/v8-compile-cache/-/v8-compile-cache-2.3.0.tgz 7467ms (cache miss)
5253 http fetch GET 200 https://registry.npmjs.org/type-fest/-/type-fest-0.21.3.tgz 7726ms (cache miss)
5254 http fetch GET 200 https://registry.npmjs.org/progress/-/progress-2.0.3.tgz 7558ms (cache miss)
5255 http fetch GET 200 https://registry.npmjs.org/optionator/-/optionator-0.9.1.tgz 7557ms (cache miss)
5256 http fetch GET 200 https://registry.npmjs.org/natural-compare/-/natural-compare-1.4.0.tgz 7557ms (cache miss)
5257 http fetch GET 200 https://registry.npmjs.org/levn/-/levn-0.4.1.tgz 7555ms (cache miss)
5258 http fetch GET 200 https://registry.npmjs.org/array-includes/-/array-includes-3.1.6.tgz 7642ms (cache miss)
5259 http fetch GET 200 https://registry.npmjs.org/minimatch/-/minimatch-3.1.2.tgz 7619ms (cache miss)
5260 http fetch GET 200 https://registry.npmjs.org/json-stable-stringify-without-jsonify/-/json-stable-stringify-without-jsonify-1.0.1.tgz 7616ms (cache miss)
5261 http fetch GET 200 https://registry.npmjs.org/is-glob/-/is-glob-4.0.3.tgz 7616ms (cache miss)
5262 http fetch GET 200 https://registry.npmjs.org/imurmurhash/-/imurmurhash-0.1.4.tgz 7615ms (cache miss)
5263 http fetch GET 200 https://registry.npmjs.org/ignore/-/ignore-4.0.6.tgz 7613ms (cache miss)
5264 http fetch GET 200 https://registry.npmjs.org/import-fresh/-/import-fresh-3.3.0.tgz 7615ms (cache miss)
5265 http fetch GET 200 https://registry.npmjs.org/es-get-iterator/-/es-get-iterator-1.1.3.tgz 7741ms (cache miss)
5266 http fetch GET 200 https://registry.npmjs.org/deep-equal/-/deep-equal-2.2.0.tgz 7732ms (cache miss)
5267 http fetch GET 200 https://registry.npmjs.org/text-table/-/text-table-0.2.0.tgz 7709ms (cache miss)
5268 http fetch GET 200 https://registry.npmjs.org/lodash.merge/-/lodash.merge-4.6.2.tgz 7697ms (cache miss)
5269 http fetch GET 200 https://registry.npmjs.org/@humanwhocodes/object-schema/-/object-schema-1.2.1.tgz 7711ms (cache miss)
5270 http fetch GET 200 https://registry.npmjs.org/fast-deep-equal/-/fast-deep-equal-3.1.3.tgz 7688ms (cache miss)
5271 http fetch GET 200 https://registry.npmjs.org/functional-red-black-tree/-/functional-red-black-tree-1.0.1.tgz 7750ms (cache miss)
5272 http fetch GET 200 https://registry.npmjs.org/file-entry-cache/-/file-entry-cache-6.0.1.tgz 7807ms (cache miss)
5273 http fetch GET 200 https://registry.npmjs.org/glob-parent/-/glob-parent-5.1.2.tgz 7808ms (cache miss)
5274 http fetch GET 200 https://registry.npmjs.org/ansi-colors/-/ansi-colors-4.1.3.tgz 7835ms (cache miss)
5275 http fetch GET 200 https://registry.npmjs.org/d3-ease/-/d3-ease-1.0.7.tgz 7834ms (cache miss)
5276 http fetch GET 200 https://registry.npmjs.org/ms/-/ms-2.1.2.tgz 7833ms (cache miss)
5277 http fetch GET 200 https://registry.npmjs.org/d3-timer/-/d3-timer-1.0.10.tgz 7866ms (cache miss)
5278 http fetch GET 200 https://registry.npmjs.org/delayed-stream/-/delayed-stream-1.0.0.tgz 7861ms (cache miss)
5279 http fetch GET 200 https://registry.npmjs.org/rc-tree/-/rc-tree-1.7.12.tgz 8150ms (cache miss)
5280 http fetch GET 200 https://registry.npmjs.org/string-width/-/string-width-4.2.3.tgz 7895ms (cache miss)
5281 http fetch GET 200 https://registry.npmjs.org/restore-cursor/-/restore-cursor-3.1.0.tgz 7898ms (cache miss)
5282 http fetch GET 200 https://registry.npmjs.org/lodash.once/-/lodash.once-4.1.1.tgz 7897ms (cache miss)
5283 http fetch GET 200 https://registry.npmjs.org/cross-spawn/-/cross-spawn-7.0.3.tgz 7952ms (cache miss)
5284 http fetch GET 200 https://registry.npmjs.org/tunnel-agent/-/tunnel-agent-0.6.0.tgz 7939ms (cache miss)
5285 http fetch GET 200 https://registry.npmjs.org/@colors/colors/-/colors-1.5.0.tgz 7940ms (cache miss)
5286 http fetch GET 200 https://registry.npmjs.org/espree/-/espree-7.3.1.tgz 8010ms (cache miss)
5287 http fetch GET 200 https://registry.npmjs.org/safe-buffer/-/safe-buffer-5.2.1.tgz 7985ms (cache miss)
5288 http fetch GET 200 https://registry.npmjs.org/performance-now/-/performance-now-2.1.0.tgz 7984ms (cache miss)
5289 http fetch GET 200 https://registry.npmjs.org/mime-types/-/mime-types-2.1.35.tgz 7984ms (cache miss)
5290 http fetch GET 200 https://registry.npmjs.org/is-typedarray/-/is-typedarray-1.0.0.tgz 7982ms (cache miss)
5291 http fetch GET 200 https://registry.npmjs.org/json-stringify-safe/-/json-stringify-safe-5.0.1.tgz 7983ms (cache miss)
5292 http fetch GET 200 https://registry.npmjs.org/emoji-regex/-/emoji-regex-9.2.2.tgz 8113ms (cache miss)
5293 http fetch GET 200 https://registry.npmjs.org/doctrine/-/doctrine-3.0.0.tgz 8070ms (cache miss)
5294 http fetch GET 200 https://registry.npmjs.org/isstream/-/isstream-0.1.2.tgz 8045ms (cache miss)
5295 http fetch GET 200 https://registry.npmjs.org/http-signature/-/http-signature-1.3.6.tgz 8044ms (cache miss)
5296 http fetch GET 200 https://registry.npmjs.org/tough-cookie/-/tough-cookie-2.5.0.tgz 8080ms (cache miss)
5297 http fetch GET 200 https://registry.npmjs.org/combined-stream/-/combined-stream-1.0.8.tgz 8062ms (cache miss)
5298 http fetch GET 200 https://registry.npmjs.org/forever-agent/-/forever-agent-0.6.1.tgz 8071ms (cache miss)
5299 http fetch GET 200 https://registry.npmjs.org/extend/-/extend-3.0.2.tgz 8071ms (cache miss)
5300 http fetch GET 200 https://registry.npmjs.org/aws4/-/aws4-1.12.0.tgz 8062ms (cache miss)
5301 http fetch GET 200 https://registry.npmjs.org/aws-sign2/-/aws-sign2-0.7.0.tgz 8061ms (cache miss)
5302 http fetch GET 200 https://registry.npmjs.org/d3-color/-/d3-color-1.4.1.tgz 8138ms (cache miss)
5303 http fetch GET 200 https://registry.npmjs.org/caseless/-/caseless-0.12.0.tgz 8112ms (cache miss)
5304 http fetch GET 200 https://registry.npmjs.org/untildify/-/untildify-4.0.0.tgz 8110ms (cache miss)
5305 http fetch GET 200 https://registry.npmjs.org/@electron/get/-/get-1.14.1.tgz 8472ms (cache miss)
5306 warn deprecated @humanwhocodes/object-schema@1.2.1: Use @eslint/object-schema instead
5307 http fetch GET 200 https://registry.npmjs.org/yauzl/-/yauzl-2.10.0.tgz 8164ms (cache miss)
5308 http fetch GET 200 https://registry.npmjs.org/proxy-from-env/-/proxy-from-env-1.0.0.tgz 8161ms (cache miss)
5309 http fetch GET 200 https://registry.npmjs.org/tmp/-/tmp-0.2.5.tgz 8163ms (cache miss)
5310 http fetch GET 200 https://registry.npmjs.org/pretty-bytes/-/pretty-bytes-5.6.0.tgz 8161ms (cache miss)
5311 http fetch GET 200 https://registry.npmjs.org/ospath/-/ospath-1.2.2.tgz 8159ms (cache miss)
5312 http fetch GET 200 https://registry.npmjs.org/minimist/-/minimist-1.2.8.tgz 8157ms (cache miss)
5313 http fetch GET 200 https://registry.npmjs.org/request-progress/-/request-progress-3.0.0.tgz 8161ms (cache miss)
5314 http fetch GET 200 https://registry.npmjs.org/log-symbols/-/log-symbols-4.1.0.tgz 8159ms (cache miss)
5315 http fetch GET 200 https://registry.npmjs.org/regexpp/-/regexpp-3.2.0.tgz 8250ms (cache miss)
5316 http fetch GET 200 https://registry.npmjs.org/is-installed-globally/-/is-installed-globally-0.4.0.tgz 8174ms (cache miss)
5317 http fetch GET 200 https://registry.npmjs.org/lazy-ass/-/lazy-ass-1.6.0.tgz 8175ms (cache miss)
5318 http fetch GET 200 https://registry.npmjs.org/is-ci/-/is-ci-3.0.1.tgz 8173ms (cache miss)
5319 http fetch GET 200 https://registry.npmjs.org/figures/-/figures-3.2.0.tgz 8171ms (cache miss)
5320 http fetch GET 200 https://registry.npmjs.org/executable/-/executable-4.1.1.tgz 8170ms (cache miss)
5321 http fetch GET 200 https://registry.npmjs.org/form-data/-/form-data-2.3.3.tgz 8226ms (cache miss)
5322 http fetch GET 200 https://registry.npmjs.org/execa/-/execa-4.1.0.tgz 8198ms (cache miss)
5323 http fetch GET 200 https://registry.npmjs.org/eventemitter2/-/eventemitter2-6.4.9.tgz 8232ms (cache miss)
5324 http fetch GET 200 https://registry.npmjs.org/cachedir/-/cachedir-2.3.0.tgz 8221ms (cache miss)
5325 http fetch GET 200 https://registry.npmjs.org/extract-zip/-/extract-zip-2.0.1.tgz 8264ms (cache miss)
5326 http fetch GET 200 https://registry.npmjs.org/arch/-/arch-2.2.0.tgz 8246ms (cache miss)
5327 http fetch GET 200 https://registry.npmjs.org/cli-table3/-/cli-table3-0.6.3.tgz 8318ms (cache miss)
5328 http fetch GET 200 https://registry.npmjs.org/cli-cursor/-/cli-cursor-3.1.0.tgz 8317ms (cache miss)
5329 http fetch GET 200 https://registry.npmjs.org/check-more-types/-/check-more-types-2.24.0.tgz 8310ms (cache miss)
5330 http fetch GET 200 https://registry.npmjs.org/postcss-modules-values/-/postcss-modules-values-4.0.0.tgz 8298ms (cache miss)
5331 http fetch GET 200 https://registry.npmjs.org/@humanwhocodes/config-array/-/config-array-0.5.0.tgz 8383ms (cache miss)
5332 warn deprecated @humanwhocodes/config-array@0.5.0: Use @eslint/config-array instead
5333 http fetch GET 200 https://registry.npmjs.org/postcss-modules-local-by-default/-/postcss-modules-local-by-default-4.0.0.tgz 8300ms (cache miss)
5334 http fetch GET 200 https://registry.npmjs.org/commander/-/commander-5.1.0.tgz 8342ms (cache miss)
5335 http fetch GET 200 https://registry.npmjs.org/postcss-value-parser/-/postcss-value-parser-4.2.0.tgz 8322ms (cache miss)
5336 http fetch GET 200 https://registry.npmjs.org/icss-utils/-/icss-utils-5.1.0.tgz 8316ms (cache miss)
5337 http fetch GET 200 https://registry.npmjs.org/postcss-modules-extract-imports/-/postcss-modules-extract-imports-3.0.0.tgz 8319ms (cache miss)
5338 http fetch GET 200 https://registry.npmjs.org/color-name/-/color-name-1.1.3.tgz 8316ms (cache miss)
5339 http fetch GET 200 https://registry.npmjs.org/postcss-modules-scope/-/postcss-modules-scope-3.0.0.tgz 8321ms (cache miss)
5340 http fetch GET 200 https://registry.npmjs.org/blob-util/-/blob-util-2.0.2.tgz 8360ms (cache miss)
5341 http fetch GET 200 https://registry.npmjs.org/supports-color/-/supports-color-5.5.0.tgz 8350ms (cache miss)
5342 http fetch GET 200 https://registry.npmjs.org/sshpk/-/sshpk-1.17.0.tgz 8636ms (cache miss)
5343 http fetch GET 200 https://registry.npmjs.org/object-inspect/-/object-inspect-1.12.3.tgz 8569ms (cache miss)
5344 http fetch GET 200 https://registry.npmjs.org/color-convert/-/color-convert-1.9.3.tgz 8380ms (cache miss)
5345 http fetch GET 200 https://registry.npmjs.org/escape-string-regexp/-/escape-string-regexp-1.0.5.tgz 8379ms (cache miss)
5346 http fetch GET 200 https://registry.npmjs.org/ansi-styles/-/ansi-styles-3.2.1.tgz 8378ms (cache miss)
5347 http fetch GET 200 https://registry.npmjs.org/ieee754/-/ieee754-1.2.1.tgz 8377ms (cache miss)
5348 http fetch GET 200 https://registry.npmjs.org/eslint-utils/-/eslint-utils-2.1.0.tgz 8527ms (cache miss)
5349 http fetch GET 200 https://registry.npmjs.org/base64-js/-/base64-js-1.5.1.tgz 8426ms (cache miss)
5350 http fetch GET 200 https://registry.npmjs.org/@types/sizzle/-/sizzle-2.3.3.tgz 8445ms (cache miss)
5351 http fetch GET 200 https://registry.npmjs.org/update-browserslist-db/-/update-browserslist-db-1.2.3.tgz 8428ms (cache miss)
5352 http fetch GET 200 https://registry.npmjs.org/node-releases/-/node-releases-2.0.27.tgz 8426ms (cache miss)
5353 http fetch GET 200 https://registry.npmjs.org/lodash.debounce/-/lodash.debounce-4.0.8.tgz 8441ms (cache miss)
5354 http fetch GET 200 https://registry.npmjs.org/make-dir/-/make-dir-3.1.0.tgz 8457ms (cache miss)
5355 http fetch GET 200 https://registry.npmjs.org/object-is/-/object-is-1.1.5.tgz 8476ms (cache miss)
5356 http fetch GET 200 https://registry.npmjs.org/find-cache-dir/-/find-cache-dir-3.3.2.tgz 8473ms (cache miss)
5357 http fetch GET 200 https://registry.npmjs.org/es6-object-assign/-/es6-object-assign-1.1.0.tgz 8481ms (cache miss)
5358 http fetch GET 200 https://registry.npmjs.org/is-nan/-/is-nan-1.3.2.tgz 8484ms (cache miss)
5359 http fetch GET 200 https://registry.npmjs.org/global-agent/-/global-agent-3.0.0.tgz 8907ms (cache miss)
5360 http fetch GET 200 https://registry.npmjs.org/@cypress/xvfb/-/xvfb-1.2.4.tgz 8559ms (cache miss)
5361 http fetch GET 200 https://registry.npmjs.org/@jridgewell/sourcemap-codec/-/sourcemap-codec-1.4.14.tgz 8489ms (cache miss)
5362 http fetch GET 200 https://registry.npmjs.org/@jridgewell/set-array/-/set-array-1.1.2.tgz 8506ms (cache miss)
5363 http fetch GET 200 https://registry.npmjs.org/to-fast-properties/-/to-fast-properties-2.0.0.tgz 8518ms (cache miss)
5364 http fetch GET 200 https://registry.npmjs.org/@babel/plugin-syntax-jsx/-/plugin-syntax-jsx-7.18.6.tgz 8529ms (cache miss)
5365 http fetch GET 200 https://registry.npmjs.org/@babel/plugin-transform-react-jsx-development/-/plugin-transform-react-jsx-development-7.18.6.tgz 8526ms (cache miss)
5366 http fetch GET 200 https://registry.npmjs.org/@babel/plugin-transform-react-pure-annotations/-/plugin-transform-react-pure-annotations-7.18.6.tgz 8527ms (cache miss)
5367 http fetch GET 200 https://registry.npmjs.org/qs/-/qs-6.10.4.tgz 8723ms (cache miss)
5368 http fetch GET 200 https://registry.npmjs.org/esutils/-/esutils-2.0.3.tgz 8568ms (cache miss)
5369 http fetch GET 200 https://registry.npmjs.org/globals/-/globals-11.12.0.tgz 8565ms (cache miss)
5370 http fetch GET 200 https://registry.npmjs.org/d3-interpolate/-/d3-interpolate-1.4.0.tgz 8765ms (cache miss)
5371 http fetch GET 200 https://registry.npmjs.org/@babel/helper-explode-assignable-expression/-/helper-explode-assignable-expression-7.18.6.tgz 8599ms (cache miss)
5372 http fetch GET 200 https://registry.npmjs.org/@jridgewell/resolve-uri/-/resolve-uri-3.1.0.tgz 8651ms (cache miss)
5373 http fetch GET 200 https://registry.npmjs.org/eslint-scope/-/eslint-scope-5.1.1.tgz 8677ms (cache miss)
5374 http fetch GET 200 https://registry.npmjs.org/regexpu-core/-/regexpu-core-5.3.2.tgz 8635ms (cache miss)
5375 http fetch GET 200 https://registry.npmjs.org/d3-transition/-/d3-transition-1.3.2.tgz 8830ms (cache miss)
5376 http fetch GET 200 https://registry.npmjs.org/loader-utils/-/loader-utils-2.0.4.tgz 8714ms (cache miss)
5377 http fetch GET 200 https://registry.npmjs.org/babel-plugin-polyfill-regenerator/-/babel-plugin-polyfill-regenerator-0.4.1.tgz 8653ms (cache miss)
5378 http fetch GET 200 https://registry.npmjs.org/electron-to-chromium/-/electron-to-chromium-1.5.302.tgz 8767ms (cache miss)
5379 http fetch GET 200 https://registry.npmjs.org/@types/sinonjs__fake-timers/-/sinonjs__fake-timers-8.1.1.tgz 8789ms (cache miss)
5380 http fetch GET 200 https://registry.npmjs.org/@babel/helper-string-parser/-/helper-string-parser-7.22.5.tgz 8711ms (cache miss)
5381 http fetch GET 200 https://registry.npmjs.org/baseline-browser-mapping/-/baseline-browser-mapping-2.10.0.tgz 8778ms (cache miss)
5382 http fetch GET 200 https://registry.npmjs.org/@babel/preset-modules/-/preset-modules-0.1.5.tgz 8712ms (cache miss)
5383 http fetch GET 200 https://registry.npmjs.org/@eslint/eslintrc/-/eslintrc-0.4.3.tgz 8910ms (cache miss)
5384 http fetch GET 200 https://registry.npmjs.org/@babel/plugin-transform-react-jsx/-/plugin-transform-react-jsx-7.21.0.tgz 8742ms (cache miss)
5385 http fetch GET 200 https://registry.npmjs.org/babel-plugin-polyfill-corejs2/-/babel-plugin-polyfill-corejs2-0.3.3.tgz 8736ms (cache miss)
5386 http fetch GET 200 https://registry.npmjs.org/@babel/helper-hoist-variables/-/helper-hoist-variables-7.22.5.tgz 8763ms (cache miss)
5387 http fetch GET 200 https://registry.npmjs.org/@babel/plugin-transform-template-literals/-/plugin-transform-template-literals-7.18.9.tgz 8750ms (cache miss)
5388 http fetch GET 200 https://registry.npmjs.org/@babel/plugin-transform-shorthand-properties/-/plugin-transform-shorthand-properties-7.18.6.tgz 8785ms (cache miss)
5389 http fetch GET 200 https://registry.npmjs.org/@babel/helper-create-regexp-features-plugin/-/helper-create-regexp-features-plugin-7.21.0.tgz 8827ms (cache miss)
5390 http fetch GET 200 https://registry.npmjs.org/schema-utils/-/schema-utils-2.7.1.tgz 8924ms (cache miss)
5391 http fetch GET 200 https://registry.npmjs.org/regenerator-transform/-/regenerator-transform-0.15.1.tgz 8883ms (cache miss)
5392 http fetch GET 200 https://registry.npmjs.org/@babel/plugin-transform-typeof-symbol/-/plugin-transform-typeof-symbol-7.18.9.tgz 8908ms (cache miss)
5393 http fetch GET 200 https://registry.npmjs.org/@babel/plugin-transform-object-super/-/plugin-transform-object-super-7.18.6.tgz 8920ms (cache miss)
5394 http fetch GET 200 https://registry.npmjs.org/@babel/plugin-transform-unicode-regex/-/plugin-transform-unicode-regex-7.18.6.tgz 8930ms (cache miss)
5395 http fetch GET 200 https://registry.npmjs.org/babel-plugin-polyfill-corejs3/-/babel-plugin-polyfill-corejs3-0.6.0.tgz 8934ms (cache miss)
5396 http fetch GET 200 https://registry.npmjs.org/language-subtag-registry/-/language-subtag-registry-0.3.22.tgz 9362ms (cache miss)
5397 http fetch GET 200 https://registry.npmjs.org/rc-util/-/rc-util-4.21.1.tgz 9446ms (cache miss)
5398 http fetch GET 200 https://registry.npmjs.org/js-yaml/-/js-yaml-3.14.2.tgz 9217ms (cache miss)
5399 http fetch GET 200 https://registry.npmjs.org/@babel/plugin-transform-sticky-regex/-/plugin-transform-sticky-regex-7.18.6.tgz 9000ms (cache miss)
5400 http fetch GET 200 https://registry.npmjs.org/@babel/helper-define-polyfill-provider/-/helper-define-polyfill-provider-0.3.3.tgz 9075ms (cache miss)
5401 http fetch GET 200 https://registry.npmjs.org/acorn/-/acorn-7.4.1.tgz 9336ms (cache miss)
5402 http fetch GET 200 https://registry.npmjs.org/@babel/plugin-transform-named-capturing-groups-regex/-/plugin-transform-named-capturing-groups-regex-7.20.5.tgz 8996ms (cache miss)
5403 http fetch GET 200 https://registry.npmjs.org/@cypress/request/-/request-2.88.11.tgz 9155ms (cache miss)
5404 http fetch GET 200 https://registry.npmjs.org/@babel/plugin-transform-property-literals/-/plugin-transform-property-literals-7.18.6.tgz 9043ms (cache miss)
5405 http fetch GET 200 https://registry.npmjs.org/@babel/plugin-transform-reserved-words/-/plugin-transform-reserved-words-7.18.6.tgz 9066ms (cache miss)
5406 http fetch GET 200 https://registry.npmjs.org/fs-extra/-/fs-extra-9.1.0.tgz 9245ms (cache miss)
5407 http fetch GET 200 https://registry.npmjs.org/@babel/plugin-transform-react-display-name/-/plugin-transform-react-display-name-7.18.6.tgz 9124ms (cache miss)
5408 http fetch GET 200 https://registry.npmjs.org/uri-js/-/uri-js-4.4.1.tgz 9427ms (cache miss)
5409 http fetch GET 200 https://registry.npmjs.org/enquirer/-/enquirer-2.3.6.tgz 9329ms (cache miss)
5410 http fetch GET 200 https://registry.npmjs.org/esquery/-/esquery-1.5.0.tgz 9408ms (cache miss)
5411 http fetch GET 200 https://registry.npmjs.org/getos/-/getos-3.2.1.tgz 9391ms (cache miss)
5412 http fetch GET 200 https://registry.npmjs.org/object.assign/-/object.assign-4.1.4.tgz 9554ms (cache miss)
5413 http fetch GET 200 https://registry.npmjs.org/@babel/helper-builder-binary-assignment-operator-visitor/-/helper-builder-binary-assignment-operator-visitor-7.18.9.tgz 9286ms (cache miss)
5414 http fetch GET 200 https://registry.npmjs.org/uuid/-/uuid-8.3.2.tgz 9480ms (cache miss)
5415 http fetch GET 200 https://registry.npmjs.org/@babel/plugin-transform-modules-systemjs/-/plugin-transform-modules-systemjs-7.20.11.tgz 9288ms (cache miss)
5416 http fetch GET 200 https://registry.npmjs.org/@babel/helper-wrap-function/-/helper-wrap-function-7.20.5.tgz 9324ms (cache miss)
5417 http fetch GET 200 https://registry.npmjs.org/@babel/helper-remap-async-to-generator/-/helper-remap-async-to-generator-7.18.9.tgz 9338ms (cache miss)
5418 http fetch GET 200 https://registry.npmjs.org/core-js-compat/-/core-js-compat-3.31.1.tgz 9337ms (cache miss)
5419 http fetch GET 200 https://registry.npmjs.org/@babel/plugin-transform-modules-commonjs/-/plugin-transform-modules-commonjs-7.20.11.tgz 9338ms (cache miss)
5420 http fetch GET 200 https://registry.npmjs.org/postcss/-/postcss-8.4.31.tgz 9475ms (cache miss)
5421 http fetch GET 200 https://registry.npmjs.org/@babel/plugin-transform-duplicate-keys/-/plugin-transform-duplicate-keys-7.18.9.tgz 9359ms (cache miss)
5422 http fetch GET 200 https://registry.npmjs.org/@babel/plugin-transform-literals/-/plugin-transform-literals-7.18.9.tgz 9456ms (cache miss)
5423 http fetch GET 200 https://registry.npmjs.org/@babel/plugin-transform-member-expression-literals/-/plugin-transform-member-expression-literals-7.18.6.tgz 9473ms (cache miss)
5424 http fetch GET 200 https://registry.npmjs.org/bluebird/-/bluebird-3.7.2.tgz 9615ms (cache miss)
5425 http fetch GET 200 https://registry.npmjs.org/listr2/-/listr2-3.14.0.tgz 9647ms (cache miss)
5426 http fetch GET 200 https://registry.npmjs.org/@babel/plugin-transform-destructuring/-/plugin-transform-destructuring-7.20.7.tgz 9478ms (cache miss)
5427 http fetch GET 200 https://registry.npmjs.org/@babel/plugin-transform-unicode-escapes/-/plugin-transform-unicode-escapes-7.18.10.tgz 9501ms (cache miss)
5428 http fetch GET 200 https://registry.npmjs.org/@babel/plugin-transform-function-name/-/plugin-transform-function-name-7.18.9.tgz 9486ms (cache miss)
5429 http fetch GET 200 https://registry.npmjs.org/@babel/plugin-transform-spread/-/plugin-transform-spread-7.20.7.tgz 9509ms (cache miss)
5430 http fetch GET 200 https://registry.npmjs.org/pako/-/pako-1.0.11.tgz 9646ms (cache miss)
5431 http fetch GET 200 https://registry.npmjs.org/@babel/plugin-transform-async-to-generator/-/plugin-transform-async-to-generator-7.20.7.tgz 9551ms (cache miss)
5432 http fetch GET 200 https://registry.npmjs.org/@babel/plugin-syntax-top-level-await/-/plugin-syntax-top-level-await-7.14.5.tgz 9579ms (cache miss)
5433 http fetch GET 200 https://registry.npmjs.org/@babel/plugin-transform-regenerator/-/plugin-transform-regenerator-7.20.5.tgz 9601ms (cache miss)
5434 http fetch GET 200 https://registry.npmjs.org/@babel/plugin-transform-for-of/-/plugin-transform-for-of-7.21.0.tgz 9590ms (cache miss)
5435 http fetch GET 200 https://registry.npmjs.org/@babel/plugin-transform-exponentiation-operator/-/plugin-transform-exponentiation-operator-7.18.6.tgz 9594ms (cache miss)
5436 http fetch GET 200 https://registry.npmjs.org/@babel/plugin-syntax-optional-chaining/-/plugin-syntax-optional-chaining-7.8.3.tgz 9602ms (cache miss)
5437 http fetch GET 200 https://registry.npmjs.org/@babel/plugin-transform-block-scoping/-/plugin-transform-block-scoping-7.21.0.tgz 9614ms (cache miss)
5438 http fetch GET 200 https://registry.npmjs.org/@babel/plugin-transform-new-target/-/plugin-transform-new-target-7.18.6.tgz 9649ms (cache miss)
5439 http fetch GET 200 https://registry.npmjs.org/@babel/plugin-transform-parameters/-/plugin-transform-parameters-7.20.7.tgz 9671ms (cache miss)
5440 http fetch GET 200 https://registry.npmjs.org/@babel/plugin-syntax-optional-catch-binding/-/plugin-syntax-optional-catch-binding-7.8.3.tgz 9671ms (cache miss)
5441 http fetch GET 200 https://registry.npmjs.org/@babel/plugin-syntax-nullish-coalescing-operator/-/plugin-syntax-nullish-coalescing-operator-7.8.3.tgz 9668ms (cache miss)
5442 http fetch GET 200 https://registry.npmjs.org/@babel/plugin-syntax-object-rest-spread/-/plugin-syntax-object-rest-spread-7.8.3.tgz 9670ms (cache miss)
5443 http fetch GET 200 https://registry.npmjs.org/@babel/plugin-syntax-logical-assignment-operators/-/plugin-syntax-logical-assignment-operators-7.10.4.tgz 9679ms (cache miss)
5444 http fetch GET 200 https://registry.npmjs.org/jsx-ast-utils/-/jsx-ast-utils-3.3.3.tgz 9977ms (cache miss)
5445 http fetch GET 200 https://registry.npmjs.org/@babel/plugin-syntax-export-namespace-from/-/plugin-syntax-export-namespace-from-7.8.3.tgz 9753ms (cache miss)
5446 http fetch GET 200 https://registry.npmjs.org/@babel/plugin-syntax-dynamic-import/-/plugin-syntax-dynamic-import-7.8.3.tgz 9782ms (cache miss)
5447 http fetch GET 200 https://registry.npmjs.org/@babel/plugin-transform-modules-umd/-/plugin-transform-modules-umd-7.18.6.tgz 9821ms (cache miss)
5448 http fetch GET 200 https://registry.npmjs.org/@babel/plugin-syntax-class-properties/-/plugin-syntax-class-properties-7.12.13.tgz 9773ms (cache miss)
5449 http fetch GET 200 https://registry.npmjs.org/@babel/plugin-syntax-class-static-block/-/plugin-syntax-class-static-block-7.14.5.tgz 9794ms (cache miss)
5450 http fetch GET 200 https://registry.npmjs.org/table/-/table-6.8.1.tgz 10096ms (cache miss)
5451 http fetch GET 200 https://registry.npmjs.org/axobject-query/-/axobject-query-3.1.1.tgz 10145ms (cache miss)
5452 http fetch GET 200 https://registry.npmjs.org/@babel/plugin-transform-classes/-/plugin-transform-classes-7.21.0.tgz 9877ms (cache miss)
5453 http fetch GET 200 https://registry.npmjs.org/@babel/plugin-transform-modules-amd/-/plugin-transform-modules-amd-7.20.11.tgz 9959ms (cache miss)
5454 http fetch GET 200 https://registry.npmjs.org/@babel/plugin-syntax-async-generators/-/plugin-syntax-async-generators-7.8.4.tgz 9915ms (cache miss)
5455 http fetch GET 200 https://registry.npmjs.org/@babel/plugin-proposal-private-methods/-/plugin-proposal-private-methods-7.18.6.tgz 9917ms (cache miss)
5456 warn deprecated @babel/plugin-proposal-private-methods@7.18.6: This proposal has been merged to the ECMAScript standard and thus this plugin is no longer maintained. Please use @babel/plugin-transform-private-methods instead.
5457 http fetch GET 200 https://registry.npmjs.org/@babel/plugin-proposal-optional-catch-binding/-/plugin-proposal-optional-catch-binding-7.18.6.tgz 9944ms (cache miss)
5458 warn deprecated @babel/plugin-proposal-optional-catch-binding@7.18.6: This proposal has been merged to the ECMAScript standard and thus this plugin is no longer maintained. Please use @babel/plugin-transform-optional-catch-binding instead.
5459 http fetch GET 200 https://registry.npmjs.org/@babel/plugin-proposal-numeric-separator/-/plugin-proposal-numeric-separator-7.18.6.tgz 10000ms (cache miss)
5460 warn deprecated @babel/plugin-proposal-numeric-separator@7.18.6: This proposal has been merged to the ECMAScript standard and thus this plugin is no longer maintained. Please use @babel/plugin-transform-numeric-separator instead.
5461 http fetch GET 200 https://registry.npmjs.org/@babel/plugin-proposal-object-rest-spread/-/plugin-proposal-object-rest-spread-7.20.7.tgz 10011ms (cache miss)
5462 warn deprecated @babel/plugin-proposal-object-rest-spread@7.20.7: This proposal has been merged to the ECMAScript standard and thus this plugin is no longer maintained. Please use @babel/plugin-transform-object-rest-spread instead.
5463 http fetch GET 200 https://registry.npmjs.org/@babel/plugin-syntax-json-strings/-/plugin-syntax-json-strings-7.8.3.tgz 10036ms (cache miss)
5464 http fetch GET 200 https://registry.npmjs.org/@babel/plugin-proposal-nullish-coalescing-operator/-/plugin-proposal-nullish-coalescing-operator-7.18.6.tgz 10019ms (cache miss)
5465 warn deprecated @babel/plugin-proposal-nullish-coalescing-operator@7.18.6: This proposal has been merged to the ECMAScript standard and thus this plugin is no longer maintained. Please use @babel/plugin-transform-nullish-coalescing-operator instead.
5466 http fetch GET 200 https://registry.npmjs.org/@babel/plugin-syntax-import-assertions/-/plugin-syntax-import-assertions-7.20.0.tgz 10051ms (cache miss)
5467 http fetch GET 200 https://registry.npmjs.org/@babel/plugin-proposal-export-namespace-from/-/plugin-proposal-export-namespace-from-7.18.9.tgz 10028ms (cache miss)
5468 warn deprecated @babel/plugin-proposal-export-namespace-from@7.18.9: This proposal has been merged to the ECMAScript standard and thus this plugin is no longer maintained. Please use @babel/plugin-transform-export-namespace-from instead.
5469 http fetch GET 200 https://registry.npmjs.org/@babel/plugin-proposal-unicode-property-regex/-/plugin-proposal-unicode-property-regex-7.18.6.tgz 10062ms (cache miss)
5470 warn deprecated @babel/plugin-proposal-unicode-property-regex@7.18.6: This proposal has been merged to the ECMAScript standard and thus this plugin is no longer maintained. Please use @babel/plugin-transform-unicode-property-regex instead.
5471 http fetch GET 200 https://registry.npmjs.org/@babel/plugin-proposal-class-static-block/-/plugin-proposal-class-static-block-7.21.0.tgz 10054ms (cache miss)
5472 warn deprecated @babel/plugin-proposal-class-static-block@7.21.0: This proposal has been merged to the ECMAScript standard and thus this plugin is no longer maintained. Please use @babel/plugin-transform-class-static-block instead.
5473 http fetch GET 200 https://registry.npmjs.org/@babel/plugin-proposal-optional-chaining/-/plugin-proposal-optional-chaining-7.21.0.tgz 10079ms (cache miss)
5474 warn deprecated @babel/plugin-proposal-optional-chaining@7.21.0: This proposal has been merged to the ECMAScript standard and thus this plugin is no longer maintained. Please use @babel/plugin-transform-optional-chaining instead.
5475 http fetch GET 200 https://registry.npmjs.org/@babel/plugin-transform-dotall-regex/-/plugin-transform-dotall-regex-7.18.6.tgz 10123ms (cache miss)
5476 http fetch GET 200 https://registry.npmjs.org/axe-core/-/axe-core-4.6.3.tgz 10394ms (cache miss)
5477 http fetch GET 200 https://registry.npmjs.org/@babel/plugin-proposal-private-property-in-object/-/plugin-proposal-private-property-in-object-7.21.0.tgz 10088ms (cache miss)
5478 warn deprecated @babel/plugin-proposal-private-property-in-object@7.21.0: This proposal has been merged to the ECMAScript standard and thus this plugin is no longer maintained. Please use @babel/plugin-transform-private-property-in-object instead.
5479 http fetch GET 200 https://registry.npmjs.org/@babel/plugin-transform-computed-properties/-/plugin-transform-computed-properties-7.20.7.tgz 10149ms (cache miss)
5480 http fetch GET 200 https://registry.npmjs.org/@babel/helper-function-name/-/helper-function-name-7.23.0.tgz 10151ms (cache miss)
5481 http fetch GET 200 https://registry.npmjs.org/ajv/-/ajv-6.12.6.tgz 10475ms (cache miss)
5482 http fetch GET 200 https://registry.npmjs.org/async/-/async-3.2.4.tgz 10649ms (cache miss)
5483 http fetch GET 200 https://registry.npmjs.org/aria-query/-/aria-query-5.1.3.tgz 10564ms (cache miss)
5484 http fetch GET 200 https://registry.npmjs.org/@babel/plugin-transform-arrow-functions/-/plugin-transform-arrow-functions-7.20.7.tgz 10297ms (cache miss)
5485 http fetch GET 200 https://registry.npmjs.org/@babel/plugin-transform-block-scoped-functions/-/plugin-transform-block-scoped-functions-7.18.6.tgz 10305ms (cache miss)
5486 http fetch GET 200 https://registry.npmjs.org/@babel/plugin-proposal-dynamic-import/-/plugin-proposal-dynamic-import-7.18.6.tgz 10263ms (cache miss)
5487 warn deprecated @babel/plugin-proposal-dynamic-import@7.18.6: This proposal has been merged to the ECMAScript standard and thus this plugin is no longer maintained. Please use @babel/plugin-transform-dynamic-import instead.
5488 http fetch GET 200 https://registry.npmjs.org/@babel/plugin-proposal-async-generator-functions/-/plugin-proposal-async-generator-functions-7.20.7.tgz 10312ms (cache miss)
5489 warn deprecated @babel/plugin-proposal-async-generator-functions@7.20.7: This proposal has been merged to the ECMAScript standard and thus this plugin is no longer maintained. Please use @babel/plugin-transform-async-generator-functions instead.
5490 http fetch GET 200 https://registry.npmjs.org/js-tokens/-/js-tokens-4.0.0.tgz 10311ms (cache miss)
5491 http fetch GET 200 https://registry.npmjs.org/babel-runtime/-/babel-runtime-6.26.0.tgz 10850ms (cache miss)
5492 http fetch GET 200 https://registry.npmjs.org/@babel/plugin-bugfix-v8-spread-parameters-in-optional-chaining/-/plugin-bugfix-v8-spread-parameters-in-optional-chaining-7.20.7.tgz 10341ms (cache miss)
5493 http fetch GET 200 https://registry.npmjs.org/@babel/plugin-syntax-private-property-in-object/-/plugin-syntax-private-property-in-object-7.14.5.tgz 10382ms (cache miss)
5494 http fetch GET 200 https://registry.npmjs.org/@babel/plugin-bugfix-safari-id-destructuring-collision-in-function-expression/-/plugin-bugfix-safari-id-destructuring-collision-in-function-expression-7.18.6.tgz 10425ms (cache miss)
5495 http fetch GET 200 https://registry.npmjs.org/chalk/-/chalk-2.4.2.tgz 10432ms (cache miss)
5496 http fetch GET 200 https://registry.npmjs.org/@babel/helper-skip-transparent-expression-wrappers/-/helper-skip-transparent-expression-wrappers-7.20.0.tgz 10464ms (cache miss)
5497 http fetch GET 200 https://registry.npmjs.org/@babel/plugin-syntax-numeric-separator/-/plugin-syntax-numeric-separator-7.10.4.tgz 10504ms (cache miss)
5498 http fetch GET 200 https://registry.npmjs.org/@babel/helper-simple-access/-/helper-simple-access-7.22.5.tgz 10479ms (cache miss)
5499 http fetch GET 200 https://registry.npmjs.org/@babel/helper-split-export-declaration/-/helper-split-export-declaration-7.22.6.tgz 10487ms (cache miss)
5500 http fetch GET 200 https://registry.npmjs.org/@babel/helper-replace-supers/-/helper-replace-supers-7.20.7.tgz 10511ms (cache miss)
5501 http fetch GET 200 https://registry.npmjs.org/@babel/helper-optimise-call-expression/-/helper-optimise-call-expression-7.18.6.tgz 10509ms (cache miss)
5502 http fetch GET 200 https://registry.npmjs.org/lru-cache/-/lru-cache-5.1.1.tgz 10510ms (cache miss)
5503 http fetch GET 200 https://registry.npmjs.org/@babel/helper-member-expression-to-functions/-/helper-member-expression-to-functions-7.21.0.tgz 10542ms (cache miss)
5504 http fetch GET 200 https://registry.npmjs.org/@babel/helper-environment-visitor/-/helper-environment-visitor-7.22.20.tgz 10531ms (cache miss)
5505 http fetch GET 200 https://registry.npmjs.org/browserslist/-/browserslist-4.28.1.tgz 10547ms (cache miss)
5506 http fetch GET 200 https://registry.npmjs.org/common-tags/-/common-tags-1.8.2.tgz 10777ms (cache miss)
5507 http fetch GET 200 https://registry.npmjs.org/@babel/helper-validator-option/-/helper-validator-option-7.22.5.tgz 10551ms (cache miss)
5508 http fetch GET 200 https://registry.npmjs.org/@babel/helper-annotate-as-pure/-/helper-annotate-as-pure-7.18.6.tgz 10563ms (cache miss)
5509 http fetch GET 200 https://registry.npmjs.org/eslint-visitor-keys/-/eslint-visitor-keys-2.1.0.tgz 10564ms (cache miss)
5510 http fetch GET 200 https://registry.npmjs.org/jsesc/-/jsesc-2.5.2.tgz 10566ms (cache miss)
5511 http fetch GET 200 https://registry.npmjs.org/@babel/helper-validator-identifier/-/helper-validator-identifier-7.22.20.tgz 10595ms (cache miss)
5512 http fetch GET 200 https://registry.npmjs.org/@nicolo-ribaudo/eslint-scope-5-internals/-/eslint-scope-5-internals-5.1.1-v1.tgz 10582ms (cache miss)
5513 http fetch GET 200 https://registry.npmjs.org/semver/-/semver-6.3.1.tgz 10592ms (cache miss)
5514 http fetch GET 200 https://registry.npmjs.org/@babel/helper-plugin-utils/-/helper-plugin-utils-7.20.2.tgz 10647ms (cache miss)
5515 http fetch GET 200 https://registry.npmjs.org/gensync/-/gensync-1.0.0-beta.2.tgz 10633ms (cache miss)
5516 http fetch GET 200 https://registry.npmjs.org/debug/-/debug-4.3.4.tgz 10638ms (cache miss)
5517 http fetch GET 200 https://registry.npmjs.org/@babel/runtime/-/runtime-7.21.0.tgz 10997ms (cache miss)
5518 http fetch GET 200 https://registry.npmjs.org/convert-source-map/-/convert-source-map-1.9.0.tgz 10643ms (cache miss)
5519 http fetch GET 200 https://registry.npmjs.org/@babel/plugin-proposal-logical-assignment-operators/-/plugin-proposal-logical-assignment-operators-7.20.7.tgz 10709ms (cache miss)
5520 warn deprecated @babel/plugin-proposal-logical-assignment-operators@7.20.7: This proposal has been merged to the ECMAScript standard and thus this plugin is no longer maintained. Please use @babel/plugin-transform-logical-assignment-operators instead.
5521 http fetch GET 200 https://registry.npmjs.org/@babel/plugin-proposal-json-strings/-/plugin-proposal-json-strings-7.18.6.tgz 10716ms (cache miss)
5522 warn deprecated @babel/plugin-proposal-json-strings@7.18.6: This proposal has been merged to the ECMAScript standard and thus this plugin is no longer maintained. Please use @babel/plugin-transform-json-strings instead.
5523 http fetch GET 200 https://registry.npmjs.org/resolve/-/resolve-1.22.1.tgz 10880ms (cache miss)
5524 http fetch GET 200 https://registry.npmjs.org/@babel/compat-data/-/compat-data-7.22.6.tgz 10812ms (cache miss)
5525 http fetch GET 200 https://registry.npmjs.org/@babel/highlight/-/highlight-7.22.20.tgz 10812ms (cache miss)
5526 http fetch GET 200 https://registry.npmjs.org/json5/-/json5-2.2.3.tgz 10828ms (cache miss)
5527 http fetch GET 200 https://registry.npmjs.org/whatwg-fetch/-/whatwg-fetch-3.6.2.tgz 10852ms (cache miss)
5528 http fetch GET 200 https://registry.npmjs.org/@jridgewell/gen-mapping/-/gen-mapping-0.1.1.tgz 10882ms (cache miss)
5529 http fetch GET 200 https://registry.npmjs.org/@types/node/-/node-14.18.36.tgz 11136ms (cache miss)
5530 http fetch GET 200 https://registry.npmjs.org/@ampproject/remapping/-/remapping-2.2.0.tgz 10903ms (cache miss)
5531 http fetch GET 200 https://registry.npmjs.org/url/-/url-0.11.0.tgz 10934ms (cache miss)
5532 http fetch GET 200 https://registry.npmjs.org/@jridgewell/trace-mapping/-/trace-mapping-0.3.31.tgz 10985ms (cache miss)
5533 http fetch GET 200 https://registry.npmjs.org/webpack-cli/-/webpack-cli-4.10.0.tgz 10970ms (cache miss)
5534 http fetch GET 200 https://registry.npmjs.org/@babel/helper-compilation-targets/-/helper-compilation-targets-7.22.6.tgz 10987ms (cache miss)
5535 http fetch GET 200 https://registry.npmjs.org/@babel/template/-/template-7.22.15.tgz 11030ms (cache miss)
5536 http fetch GET 200 https://registry.npmjs.org/webpack-merge/-/webpack-merge-5.8.0.tgz 11027ms (cache miss)
5537 http fetch GET 200 https://registry.npmjs.org/@babel/helper-module-transforms/-/helper-module-transforms-7.22.5.tgz 11034ms (cache miss)
5538 http fetch GET 200 https://registry.npmjs.org/style-loader/-/style-loader-3.3.1.tgz 11176ms (cache miss)
5539 http fetch GET 200 https://registry.npmjs.org/util/-/util-0.12.5.tgz 11176ms (cache miss)
5540 http fetch GET 200 https://registry.npmjs.org/@babel/helper-create-class-features-plugin/-/helper-create-class-features-plugin-7.21.0.tgz 11229ms (cache miss)
5541 http fetch GET 200 https://registry.npmjs.org/stream-http/-/stream-http-3.2.0.tgz 11190ms (cache miss)
5542 http fetch GET 200 https://registry.npmjs.org/stream-browserify/-/stream-browserify-3.0.0.tgz 11192ms (cache miss)
5543 http fetch GET 200 https://registry.npmjs.org/react-resize-detector/-/react-resize-detector-7.1.2.tgz 11281ms (cache miss)
5544 http fetch GET 200 https://registry.npmjs.org/@nicolo-ribaudo/semver-v6/-/semver-v6-6.3.3.tgz 11406ms (cache miss)
5545 http fetch GET 200 https://registry.npmjs.org/react-devtools/-/react-devtools-4.27.2.tgz 11473ms (cache miss)
5546 http fetch GET 200 https://registry.npmjs.org/@babel/generator/-/generator-7.23.0.tgz 11550ms (cache miss)
5547 http fetch GET 200 https://registry.npmjs.org/react-modal/-/react-modal-3.16.1.tgz 11637ms (cache miss)
5548 http fetch GET 200 https://registry.npmjs.org/react/-/react-17.0.2.tgz 11693ms (cache miss)
5549 http fetch GET 200 https://registry.npmjs.org/@babel/helper-module-imports/-/helper-module-imports-7.22.5.tgz 11765ms (cache miss)
5550 http fetch GET 200 https://registry.npmjs.org/react-grid-layout/-/react-grid-layout-0.16.6.tgz 11762ms (cache miss)
5551 http fetch GET 200 https://registry.npmjs.org/@babel/parser/-/parser-7.23.0.tgz 11811ms (cache miss)
5552 http fetch GET 200 https://registry.npmjs.org/pixelmatch/-/pixelmatch-5.3.0.tgz 11999ms (cache miss)
5553 http fetch GET 200 https://registry.npmjs.org/@babel/code-frame/-/code-frame-7.22.5.tgz 12046ms (cache miss)
5554 http fetch GET 200 https://registry.npmjs.org/https-browserify/-/https-browserify-1.0.0.tgz 12017ms (cache miss)
5555 http fetch GET 200 https://registry.npmjs.org/ml-savitzky-golay-generalized/-/ml-savitzky-golay-generalized-4.0.1.tgz 12024ms (cache miss)
5556 http fetch GET 200 https://registry.npmjs.org/eslint-plugin-simple-import-sort/-/eslint-plugin-simple-import-sort-8.0.0.tgz 12052ms (cache miss)
5557 http fetch GET 200 https://registry.npmjs.org/eslint-plugin-cypress/-/eslint-plugin-cypress-2.12.1.tgz 12358ms (cache miss)
5558 http fetch GET 200 https://registry.npmjs.org/eslint-config-prettier/-/eslint-config-prettier-8.6.0.tgz 12357ms (cache miss)
5559 http fetch GET 200 https://registry.npmjs.org/debounce/-/debounce-1.2.1.tgz 12469ms (cache miss)
5560 http fetch GET 200 https://registry.npmjs.org/d3-dispatch/-/d3-dispatch-1.0.6.tgz 12530ms (cache miss)
5561 http fetch GET 200 https://registry.npmjs.org/d3-polygon/-/d3-polygon-1.0.6.tgz 12558ms (cache miss)
5562 http fetch GET 200 https://registry.npmjs.org/d3-drag/-/d3-drag-1.2.5.tgz 12572ms (cache miss)
5563 http fetch GET 200 https://registry.npmjs.org/d3-zoom/-/d3-zoom-1.8.3.tgz 12622ms (cache miss)
5564 http fetch GET 200 https://registry.npmjs.org/fast-json-patch/-/fast-json-patch-3.1.1.tgz 12653ms (cache miss)
5565 http fetch GET 200 https://registry.npmjs.org/buffer/-/buffer-6.0.3.tgz 12751ms (cache miss)
5566 http fetch GET 200 https://registry.npmjs.org/eslint-plugin-ignore-generated-and-nolint/-/eslint-plugin-ignore-generated-and-nolint-1.0.0.tgz 12766ms (cache miss)
5567 http fetch GET 200 https://registry.npmjs.org/babel-loader/-/babel-loader-8.3.0.tgz 12779ms (cache miss)
5568 http fetch GET 200 https://registry.npmjs.org/pngjs/-/pngjs-6.0.0.tgz 12872ms (cache miss)
5569 http fetch GET 200 https://registry.npmjs.org/assert/-/assert-2.0.0.tgz 12859ms (cache miss)
5570 http fetch GET 200 https://registry.npmjs.org/css-loader/-/css-loader-6.7.3.tgz 12875ms (cache miss)
5571 http fetch GET 200 https://registry.npmjs.org/string_decoder/-/string_decoder-1.1.1.tgz 12850ms (cache miss)
5572 http fetch GET 200 https://registry.npmjs.org/json-schema-traverse/-/json-schema-traverse-1.0.0.tgz 12849ms (cache miss)
5573 http fetch GET 200 https://registry.npmjs.org/safe-buffer/-/safe-buffer-5.1.2.tgz 12869ms (cache miss)
5574 http fetch GET 200 https://registry.npmjs.org/@babel/plugin-proposal-class-properties/-/plugin-proposal-class-properties-7.18.6.tgz 12884ms (cache miss)
5575 warn deprecated @babel/plugin-proposal-class-properties@7.18.6: This proposal has been merged to the ECMAScript standard and thus this plugin is no longer maintained. Please use @babel/plugin-transform-class-properties instead.
5576 http fetch GET 200 https://registry.npmjs.org/browserify-zlib/-/browserify-zlib-0.2.0.tgz 12913ms (cache miss)
5577 http fetch GET 200 https://registry.npmjs.org/isarray/-/isarray-1.0.0.tgz 12899ms (cache miss)
5578 http fetch GET 200 https://registry.npmjs.org/commander/-/commander-2.20.3.tgz 12912ms (cache miss)
5579 http fetch GET 200 https://registry.npmjs.org/resolve-from/-/resolve-from-5.0.0.tgz 12926ms (cache miss)
5580 http fetch GET 200 https://registry.npmjs.org/has-flag/-/has-flag-4.0.0.tgz 12923ms (cache miss)
5581 http fetch GET 200 https://registry.npmjs.org/supports-color/-/supports-color-8.1.1.tgz 12969ms (cache miss)
5582 http fetch GET 200 https://registry.npmjs.org/rc-tree-select/-/rc-tree-select-1.12.13.tgz 13162ms (cache miss)
5583 http fetch GET 200 https://registry.npmjs.org/strip-json-comments/-/strip-json-comments-2.0.1.tgz 13169ms (cache miss)
5584 http fetch GET 200 https://registry.npmjs.org/ini/-/ini-1.3.8.tgz 13187ms (cache miss)
5585 http fetch GET 200 https://registry.npmjs.org/json-schema-traverse/-/json-schema-traverse-1.0.0.tgz 13186ms (cache miss)
5586 http fetch GET 200 https://registry.npmjs.org/is-stream/-/is-stream-1.1.0.tgz 13216ms (cache miss)
5587 http fetch GET 200 https://registry.npmjs.org/prepend-http/-/prepend-http-1.0.4.tgz 13219ms (cache miss)
5588 http fetch GET 200 https://registry.npmjs.org/url-parse-lax/-/url-parse-lax-1.0.0.tgz 13219ms (cache miss)
5589 http fetch GET 200 https://registry.npmjs.org/get-stream/-/get-stream-3.0.0.tgz 13283ms (cache miss)
5590 http fetch GET 200 https://registry.npmjs.org/got/-/got-6.7.1.tgz 13296ms (cache miss)
5591 http fetch GET 200 https://registry.npmjs.org/strip-ansi/-/strip-ansi-4.0.0.tgz 13296ms (cache miss)
5592 http fetch GET 200 https://registry.npmjs.org/ansi-regex/-/ansi-regex-3.0.1.tgz 13295ms (cache miss)
5593 http fetch GET 200 https://registry.npmjs.org/semver/-/semver-5.7.2.tgz 13322ms (cache miss)
5594 http fetch GET 200 https://registry.npmjs.org/is-fullwidth-code-point/-/is-fullwidth-code-point-2.0.0.tgz 13317ms (cache miss)
5595 http fetch GET 200 https://registry.npmjs.org/@babel/preset-react/-/preset-react-7.18.6.tgz 13384ms (cache miss)
5596 http fetch GET 200 https://registry.npmjs.org/string-width/-/string-width-2.1.1.tgz 13319ms (cache miss)
5597 http fetch GET 200 https://registry.npmjs.org/shebang-regex/-/shebang-regex-1.0.0.tgz 13317ms (cache miss)
5598 http fetch GET 200 https://registry.npmjs.org/path-key/-/path-key-2.0.1.tgz 13351ms (cache miss)
5599 http fetch GET 200 https://registry.npmjs.org/yallist/-/yallist-2.1.2.tgz 13350ms (cache miss)
5600 http fetch GET 200 https://registry.npmjs.org/which/-/which-1.3.1.tgz 13350ms (cache miss)
5601 http fetch GET 200 https://registry.npmjs.org/lru-cache/-/lru-cache-4.1.5.tgz 13505ms (cache miss)
5602 http fetch GET 200 https://registry.npmjs.org/shebang-command/-/shebang-command-1.2.0.tgz 13504ms (cache miss)
5603 http fetch GET 200 https://registry.npmjs.org/is-stream/-/is-stream-1.1.0.tgz 13503ms (cache miss)
5604 http fetch GET 200 https://registry.npmjs.org/execa/-/execa-0.7.0.tgz 13500ms (cache miss)
5605 http fetch GET 200 https://registry.npmjs.org/npm-run-path/-/npm-run-path-2.0.2.tgz 13505ms (cache miss)
5606 http fetch GET 200 https://registry.npmjs.org/get-stream/-/get-stream-3.0.0.tgz 13503ms (cache miss)
5607 http fetch GET 200 https://registry.npmjs.org/cross-spawn/-/cross-spawn-5.1.0.tgz 13549ms (cache miss)
5608 http fetch GET 200 https://registry.npmjs.org/ansi-regex/-/ansi-regex-3.0.1.tgz 13548ms (cache miss)
5609 http fetch GET 200 https://registry.npmjs.org/strip-ansi/-/strip-ansi-4.0.0.tgz 13548ms (cache miss)
5610 http fetch GET 200 https://registry.npmjs.org/is-fullwidth-code-point/-/is-fullwidth-code-point-2.0.0.tgz 13547ms (cache miss)
5611 http fetch GET 200 https://registry.npmjs.org/string-width/-/string-width-2.1.1.tgz 13579ms (cache miss)
5612 http fetch GET 200 https://registry.npmjs.org/readable-stream/-/readable-stream-2.3.7.tgz 13668ms (cache miss)
5613 http fetch GET 200 https://registry.npmjs.org/@jridgewell/gen-mapping/-/gen-mapping-0.3.2.tgz 13666ms (cache miss)
5614 http fetch GET 200 https://registry.npmjs.org/make-dir/-/make-dir-1.3.0.tgz 13697ms (cache miss)
5615 http fetch GET 200 https://registry.npmjs.org/ansi-regex/-/ansi-regex-3.0.1.tgz 13696ms (cache miss)
5616 http fetch GET 200 https://registry.npmjs.org/pify/-/pify-3.0.0.tgz 13700ms (cache miss)
5617 http fetch GET 200 https://registry.npmjs.org/strip-ansi/-/strip-ansi-4.0.0.tgz 13695ms (cache miss)
5618 http fetch GET 200 https://registry.npmjs.org/semver/-/semver-5.7.2.tgz 13764ms (cache miss)
5619 http fetch GET 200 https://registry.npmjs.org/string-width/-/string-width-2.1.1.tgz 13757ms (cache miss)
5620 http fetch GET 200 https://registry.npmjs.org/lowercase-keys/-/lowercase-keys-2.0.0.tgz 13754ms (cache miss)
5621 http fetch GET 200 https://registry.npmjs.org/jsesc/-/jsesc-0.5.0.tgz 13745ms (cache miss)
5622 http fetch GET 200 https://registry.npmjs.org/is-fullwidth-code-point/-/is-fullwidth-code-point-2.0.0.tgz 13760ms (cache miss)
5623 http fetch GET 200 https://registry.npmjs.org/ini/-/ini-1.3.8.tgz 13756ms (cache miss)
5624 http fetch GET 200 https://registry.npmjs.org/d3-selection/-/d3-selection-1.4.2.tgz 13940ms (cache miss)
5625 http fetch GET 200 https://registry.npmjs.org/pify/-/pify-3.0.0.tgz 13890ms (cache miss)
5626 http fetch GET 200 https://registry.npmjs.org/escape-string-regexp/-/escape-string-regexp-4.0.0.tgz 13889ms (cache miss)
5627 http fetch GET 200 https://registry.npmjs.org/lru-cache/-/lru-cache-6.0.0.tgz 13888ms (cache miss)
5628 http fetch GET 200 https://registry.npmjs.org/@babel/helpers/-/helpers-7.22.6.tgz 14068ms (cache miss)
5629 http fetch GET 200 https://registry.npmjs.org/get-stream/-/get-stream-4.1.0.tgz 13906ms (cache miss)
5630 http fetch GET 200 https://registry.npmjs.org/jsonfile/-/jsonfile-4.0.0.tgz 13904ms (cache miss)
5631 http fetch GET 200 https://registry.npmjs.org/universalify/-/universalify-0.1.2.tgz 13906ms (cache miss)
5632 http fetch GET 200 https://registry.npmjs.org/is-path-inside/-/is-path-inside-1.0.1.tgz 13901ms (cache miss)
5633 http fetch GET 200 https://registry.npmjs.org/yallist/-/yallist-4.0.0.tgz 13928ms (cache miss)
5634 http fetch GET 200 https://registry.npmjs.org/ini/-/ini-1.3.8.tgz 13922ms (cache miss)
5635 http fetch GET 200 https://registry.npmjs.org/global-dirs/-/global-dirs-0.1.1.tgz 13917ms (cache miss)
5636 http fetch GET 200 https://registry.npmjs.org/is-installed-globally/-/is-installed-globally-0.1.0.tgz 13918ms (cache miss)
5637 http fetch GET 200 https://registry.npmjs.org/ci-info/-/ci-info-1.6.0.tgz 13920ms (cache miss)
5638 http fetch GET 200 https://registry.npmjs.org/acorn/-/acorn-8.16.0.tgz 14065ms (cache miss)
5639 http fetch GET 200 https://registry.npmjs.org/schema-utils/-/schema-utils-4.3.3.tgz 14060ms (cache miss)
5640 http fetch GET 200 https://registry.npmjs.org/@babel/eslint-parser/-/eslint-parser-7.19.1.tgz 14090ms (cache miss)
5641 http fetch GET 200 https://registry.npmjs.org/is-ci/-/is-ci-1.2.1.tgz 13985ms (cache miss)
5642 http fetch GET 200 https://registry.npmjs.org/ms/-/ms-2.0.0.tgz 13985ms (cache miss)
5643 http fetch GET 200 https://registry.npmjs.org/sprintf-js/-/sprintf-js-1.1.2.tgz 14052ms (cache miss)
5644 http fetch GET 200 https://registry.npmjs.org/extract-zip/-/extract-zip-1.7.0.tgz 14085ms (cache miss)
5645 http fetch GET 200 https://registry.npmjs.org/color-name/-/color-name-1.1.4.tgz 14082ms (cache miss)
5646 http fetch GET 200 https://registry.npmjs.org/color-convert/-/color-convert-2.0.1.tgz 14081ms (cache miss)
5647 http fetch GET 200 https://registry.npmjs.org/regenerator-runtime/-/regenerator-runtime-0.11.1.tgz 14083ms (cache miss)
5648 http fetch GET 200 https://registry.npmjs.org/ansi-styles/-/ansi-styles-4.3.0.tgz 14113ms (cache miss)
5649 http fetch GET 200 https://registry.npmjs.org/@babel/preset-env/-/preset-env-7.20.2.tgz 14270ms (cache miss)
5650 http fetch GET 200 https://registry.npmjs.org/slice-ansi/-/slice-ansi-4.0.0.tgz 14135ms (cache miss)
5651 http fetch GET 200 https://registry.npmjs.org/json-schema-traverse/-/json-schema-traverse-1.0.0.tgz 14145ms (cache miss)
5652 http fetch GET 200 https://registry.npmjs.org/color-name/-/color-name-1.1.4.tgz 14178ms (cache miss)
5653 http fetch GET 200 https://registry.npmjs.org/color-name/-/color-name-1.1.4.tgz 14149ms (cache miss)
5654 http fetch GET 200 https://registry.npmjs.org/color-convert/-/color-convert-2.0.1.tgz 14170ms (cache miss)
5655 http fetch GET 200 https://registry.npmjs.org/color-convert/-/color-convert-2.0.1.tgz 14167ms (cache miss)
5656 http fetch GET 200 https://registry.npmjs.org/color-convert/-/color-convert-2.0.1.tgz 14163ms (cache miss)
5657 http fetch GET 200 https://registry.npmjs.org/color-convert/-/color-convert-2.0.1.tgz 14150ms (cache miss)
5658 http fetch GET 200 https://registry.npmjs.org/color-name/-/color-name-1.1.4.tgz 14169ms (cache miss)
5659 http fetch GET 200 https://registry.npmjs.org/color-name/-/color-name-1.1.4.tgz 14163ms (cache miss)
5660 http fetch GET 200 https://registry.npmjs.org/eslint-visitor-keys/-/eslint-visitor-keys-1.3.0.tgz 14158ms (cache miss)
5661 http fetch GET 200 https://registry.npmjs.org/ansi-styles/-/ansi-styles-4.3.0.tgz 14179ms (cache miss)
5662 http fetch GET 200 https://registry.npmjs.org/ansi-styles/-/ansi-styles-4.3.0.tgz 14173ms (cache miss)
5663 http fetch GET 200 https://registry.npmjs.org/ansi-styles/-/ansi-styles-4.3.0.tgz 14183ms (cache miss)
5664 http fetch GET 200 https://registry.npmjs.org/ansi-styles/-/ansi-styles-4.3.0.tgz 14161ms (cache miss)
5665 http fetch GET 200 https://registry.npmjs.org/wrap-ansi/-/wrap-ansi-6.2.0.tgz 14180ms (cache miss)
5666 http fetch GET 200 https://registry.npmjs.org/globals/-/globals-13.20.0.tgz 14168ms (cache miss)
5667 http fetch GET 200 https://registry.npmjs.org/slice-ansi/-/slice-ansi-4.0.0.tgz 14191ms (cache miss)
5668 http fetch GET 200 https://registry.npmjs.org/emoji-regex/-/emoji-regex-8.0.0.tgz 14186ms (cache miss)
5669 http fetch GET 200 https://registry.npmjs.org/has-flag/-/has-flag-4.0.0.tgz 14186ms (cache miss)
5670 http fetch GET 200 https://registry.npmjs.org/supports-color/-/supports-color-7.2.0.tgz 14184ms (cache miss)
5671 http fetch GET 200 https://registry.npmjs.org/chalk/-/chalk-4.1.2.tgz 14195ms (cache miss)
5672 http fetch GET 200 https://registry.npmjs.org/estraverse/-/estraverse-4.3.0.tgz 14195ms (cache miss)
5673 http fetch GET 200 https://registry.npmjs.org/eslint-visitor-keys/-/eslint-visitor-keys-1.3.0.tgz 14218ms (cache miss)
5674 http fetch GET 200 https://registry.npmjs.org/debug/-/debug-3.2.7.tgz 14208ms (cache miss)
5675 http fetch GET 200 https://registry.npmjs.org/debug/-/debug-2.6.9.tgz 14272ms (cache miss)
5676 http fetch GET 200 https://registry.npmjs.org/punycode/-/punycode-1.3.2.tgz 14252ms (cache miss)
5677 http fetch GET 200 https://registry.npmjs.org/shebang-command/-/shebang-command-1.2.0.tgz 14246ms (cache miss)
5678 http fetch GET 200 https://registry.npmjs.org/shebang-regex/-/shebang-regex-1.0.0.tgz 14256ms (cache miss)
5679 http fetch GET 200 https://registry.npmjs.org/lru-cache/-/lru-cache-6.0.0.tgz 14242ms (cache miss)
5680 http fetch GET 200 https://registry.npmjs.org/which/-/which-1.3.1.tgz 14248ms (cache miss)
5681 http fetch GET 200 https://registry.npmjs.org/lru-cache/-/lru-cache-4.1.5.tgz 14245ms (cache miss)
5682 http fetch GET 200 https://registry.npmjs.org/yallist/-/yallist-2.1.2.tgz 14250ms (cache miss)
5683 http fetch GET 200 https://registry.npmjs.org/warning/-/warning-4.0.3.tgz 14258ms (cache miss)
5684 http fetch GET 200 https://registry.npmjs.org/cross-spawn/-/cross-spawn-5.1.0.tgz 14248ms (cache miss)
5685 http fetch GET 200 https://registry.npmjs.org/yallist/-/yallist-4.0.0.tgz 14258ms (cache miss)
5686 http fetch GET 200 https://registry.npmjs.org/yallist/-/yallist-4.0.0.tgz 14250ms (cache miss)
5687 http fetch GET 200 https://registry.npmjs.org/acorn-import-phases/-/acorn-import-phases-1.0.4.tgz 14291ms (cache miss)
5688 http fetch GET 200 https://registry.npmjs.org/type-fest/-/type-fest-0.13.1.tgz 14410ms (cache miss)
5689 http fetch GET 200 https://registry.npmjs.org/commander/-/commander-7.2.0.tgz 14349ms (cache miss)
5690 http fetch GET 200 https://registry.npmjs.org/doctrine/-/doctrine-2.1.0.tgz 14334ms (cache miss)
5691 http fetch GET 200 https://registry.npmjs.org/has-flag/-/has-flag-4.0.0.tgz 14326ms (cache miss)
5692 http fetch GET 200 https://registry.npmjs.org/@babel/code-frame/-/code-frame-7.22.13.tgz 14381ms (cache miss)
5693 http fetch GET 200 https://registry.npmjs.org/color-name/-/color-name-1.1.4.tgz 14351ms (cache miss)
5694 http fetch GET 200 https://registry.npmjs.org/@4tw/cypress-drag-drop/-/cypress-drag-drop-2.2.3.tgz 14537ms (cache miss)
5695 http fetch GET 200 https://registry.npmjs.org/lru-cache/-/lru-cache-6.0.0.tgz 14380ms (cache miss)
5696 http fetch GET 200 https://registry.npmjs.org/@jridgewell/gen-mapping/-/gen-mapping-0.3.2.tgz 14466ms (cache miss)
5697 http fetch GET 200 https://registry.npmjs.org/@babel/traverse/-/traverse-7.23.2.tgz 14709ms (cache miss)
5698 http fetch GET 200 https://registry.npmjs.org/json-schema-traverse/-/json-schema-traverse-1.0.0.tgz 14534ms (cache miss)
5699 http fetch GET 200 https://registry.npmjs.org/react-draggable/-/react-draggable-4.4.5.tgz 14788ms (cache miss)
5700 http fetch GET 200 https://registry.npmjs.org/supports-color/-/supports-color-7.2.0.tgz 14700ms (cache miss)
5701 http fetch GET 200 https://registry.npmjs.org/ansi-styles/-/ansi-styles-4.3.0.tgz 14699ms (cache miss)
5702 http fetch GET 200 https://registry.npmjs.org/escape-string-regexp/-/escape-string-regexp-4.0.0.tgz 14697ms (cache miss)
5703 http fetch GET 200 https://registry.npmjs.org/globals/-/globals-13.20.0.tgz 14714ms (cache miss)
5704 http fetch GET 200 https://registry.npmjs.org/chalk/-/chalk-4.1.2.tgz 14714ms (cache miss)
5705 http fetch GET 200 https://registry.npmjs.org/has-flag/-/has-flag-4.0.0.tgz 14707ms (cache miss)
5706 http fetch GET 200 https://registry.npmjs.org/color-convert/-/color-convert-2.0.1.tgz 14750ms (cache miss)
5707 http fetch GET 200 https://registry.npmjs.org/yallist/-/yallist-4.0.0.tgz 14739ms (cache miss)
5708 http fetch GET 200 https://registry.npmjs.org/lru-cache/-/lru-cache-6.0.0.tgz 14737ms (cache miss)
5709 http fetch GET 200 https://registry.npmjs.org/color-name/-/color-name-1.1.4.tgz 14738ms (cache miss)
5710 http fetch GET 200 https://registry.npmjs.org/@babel/code-frame/-/code-frame-7.12.11.tgz 14754ms (cache miss)
5711 http fetch GET 200 https://registry.npmjs.org/ansi-styles/-/ansi-styles-4.3.0.tgz 14782ms (cache miss)
5712 http fetch GET 200 https://registry.npmjs.org/supports-color/-/supports-color-8.1.1.tgz 14783ms (cache miss)
5713 http fetch GET 200 https://registry.npmjs.org/color-convert/-/color-convert-2.0.1.tgz 14806ms (cache miss)
5714 http fetch GET 200 https://registry.npmjs.org/supports-color/-/supports-color-7.2.0.tgz 14803ms (cache miss)
5715 http fetch GET 200 https://registry.npmjs.org/buffer/-/buffer-5.7.1.tgz 14826ms (cache miss)
5716 http fetch GET 200 https://registry.npmjs.org/chalk/-/chalk-4.1.2.tgz 14840ms (cache miss)
5717 http fetch GET 200 https://registry.npmjs.org/@babel/code-frame/-/code-frame-7.22.13.tgz 14951ms (cache miss)
5718 http fetch GET 200 https://registry.npmjs.org/form-data 14234ms (cache miss)
5719 silly packumentCache corgi:https://registry.npmjs.org/form-data set size:undefined disposed:false
5720 http fetch GET 200 https://registry.npmjs.org/ip 14242ms (cache miss)
5721 silly packumentCache corgi:https://registry.npmjs.org/ip set size:undefined disposed:false
5722 http fetch GET 200 https://registry.npmjs.org/cross-spawn 14257ms (cache miss)
5723 silly packumentCache corgi:https://registry.npmjs.org/cross-spawn set size:undefined disposed:false
5724 http fetch GET 200 https://registry.npmjs.org/brace-expansion 14261ms (cache miss)
5725 silly packumentCache corgi:https://registry.npmjs.org/brace-expansion set size:undefined disposed:false
5726 http fetch GET 200 https://registry.npmjs.org/tough-cookie 14285ms (cache miss)
5727 silly packumentCache corgi:https://registry.npmjs.org/tough-cookie set size:undefined disposed:false
5728 http fetch GET 200 https://registry.npmjs.org/flatted 14292ms (cache miss)
5729 silly packumentCache corgi:https://registry.npmjs.org/flatted set size:undefined disposed:false
5730 http fetch GET 200 https://registry.npmjs.org/type-fest/-/type-fest-0.20.2.tgz 15064ms (cache miss)
5731 http fetch GET 200 https://registry.npmjs.org/schema-utils/-/schema-utils-4.3.3.tgz 15030ms (cache miss)
5732 http fetch GET 200 https://registry.npmjs.org/serialize-javascript 14327ms (cache miss)
5733 silly packumentCache corgi:https://registry.npmjs.org/serialize-javascript set size:undefined disposed:false
5734 http fetch GET 200 https://registry.npmjs.org/qs 14379ms (cache miss)
5735 silly packumentCache corgi:https://registry.npmjs.org/qs set size:undefined disposed:false
5736 http fetch GET 200 https://registry.npmjs.org/semver/-/semver-7.5.4.tgz 15210ms (cache miss)
5737 http fetch GET 200 https://registry.npmjs.org/minimatch 14415ms (cache miss)
5738 silly packumentCache corgi:https://registry.npmjs.org/minimatch set size:undefined disposed:false
5739 http fetch GET 200 https://registry.npmjs.org/acorn/-/acorn-8.16.0.tgz 15201ms (cache miss)
5740 http fetch GET 200 https://registry.npmjs.org/fs-extra/-/fs-extra-8.1.0.tgz 15285ms (cache miss)
5741 http fetch GET 200 https://registry.npmjs.org/type-fest/-/type-fest-0.20.2.tgz 15209ms (cache miss)
5742 http fetch GET 200 https://registry.npmjs.org/d3-color 14545ms (cache miss)
5743 silly packumentCache corgi:https://registry.npmjs.org/d3-color set size:undefined disposed:false
5744 http fetch GET 200 https://registry.npmjs.org/react-devtools-core 14589ms (cache miss)
5745 silly packumentCache corgi:https://registry.npmjs.org/react-devtools-core set size:undefined disposed:false
5746 http fetch GET 200 https://registry.npmjs.org/@babel%2fruntime 14612ms (cache miss)
5747 silly packumentCache corgi:https://registry.npmjs.org/@babel%2fruntime set size:undefined disposed:false
5748 http fetch GET 200 https://registry.npmjs.org/semver/-/semver-7.5.4.tgz 15390ms (cache miss)
5749 http fetch GET 200 https://registry.npmjs.org/@cypress%2frequest 14682ms (cache miss)
5750 silly packumentCache corgi:https://registry.npmjs.org/@cypress%2frequest set size:undefined disposed:false
5751 http fetch GET 200 https://registry.npmjs.org/got 14661ms (cache miss)
5752 silly packumentCache corgi:https://registry.npmjs.org/got set size:undefined disposed:false
5753 http fetch GET 200 https://registry.npmjs.org/ajv 14771ms (cache miss)
5754 silly packumentCache corgi:https://registry.npmjs.org/ajv set size:undefined disposed:false
5755 http fetch GET 200 https://registry.npmjs.org/react-dom/-/react-dom-17.0.2.tgz 15766ms (cache miss)
5756 http fetch GET 200 https://registry.npmjs.org/semver/-/semver-7.5.4.tgz 15624ms (cache miss)
5757 http fetch GET 200 https://registry.npmjs.org/semver/-/semver-7.5.4.tgz 15632ms (cache miss)
5758 http fetch GET 200 https://registry.npmjs.org/@babel%2fhelpers 15025ms (cache miss)
5759 silly packumentCache corgi:https://registry.npmjs.org/@babel%2fhelpers set size:undefined disposed:false
5760 http fetch GET 200 https://registry.npmjs.org/three 15066ms (cache miss)
5761 silly packumentCache corgi:https://registry.npmjs.org/three set size:undefined disposed:false
5762 http fetch GET 200 https://registry.npmjs.org/dayjs/-/dayjs-1.11.7.tgz 16350ms (cache miss)
5763 http fetch GET 200 https://registry.npmjs.org/@types/node/-/node-12.20.55.tgz 15938ms (cache miss)
5764 http fetch GET 200 https://registry.npmjs.org/ajv-keywords/-/ajv-keywords-5.1.0.tgz 16190ms (cache miss)
5765 http fetch GET 200 https://registry.npmjs.org/eslint-plugin-react/-/eslint-plugin-react-7.32.2.tgz 16266ms (cache miss)
5766 http fetch GET 200 https://registry.npmjs.org/jquery/-/jquery-3.6.3.tgz 16543ms (cache miss)
5767 http fetch GET 200 https://registry.npmjs.org/ajv-keywords/-/ajv-keywords-5.1.0.tgz 16384ms (cache miss)
5768 http fetch GET 200 https://registry.npmjs.org/@babel/core/-/core-7.22.8.tgz 16708ms (cache miss)
5769 http fetch GET 200 https://registry.npmjs.org/eslint-plugin-jsx-a11y/-/eslint-plugin-jsx-a11y-6.7.1.tgz 16814ms (cache miss)
5770 http fetch GET 200 https://registry.npmjs.org/resolve/-/resolve-2.0.0-next.4.tgz 16636ms (cache miss)
5771 http fetch GET 200 https://registry.npmjs.org/electron 15971ms (cache miss)
5772 silly packumentCache corgi:https://registry.npmjs.org/electron set size:undefined disposed:false
5773 silly packumentCache corgi:https://registry.npmjs.org/@babel%2fcore cache-miss
5774 http fetch GET 200 https://registry.npmjs.org/@babel/types/-/types-7.23.0.tgz 17827ms (cache miss)
5775 http fetch GET 200 https://registry.npmjs.org/@babel%2fcore 419ms (cache miss)
5776 silly packumentCache corgi:https://registry.npmjs.org/@babel%2fcore set size:undefined disposed:false
5777 silly packumentCache corgi:https://registry.npmjs.org/cypress cache-miss
5778 http fetch GET 200 https://registry.npmjs.org/react-devtools-core/-/react-devtools-core-4.27.2.tgz 19305ms (cache miss)
5779 http fetch GET 200 https://registry.npmjs.org/cypress 429ms (cache miss)
5780 silly packumentCache corgi:https://registry.npmjs.org/cypress set size:undefined disposed:false
5781 silly packumentCache corgi:https://registry.npmjs.org/d3-interpolate cache-miss
5782 silly packumentCache corgi:https://registry.npmjs.org/d3-transition cache-miss
5783 http fetch GET 200 https://registry.npmjs.org/d3-interpolate 273ms (cache miss)
5784 silly packumentCache corgi:https://registry.npmjs.org/d3-interpolate set size:undefined disposed:false
5785 http fetch GET 200 https://registry.npmjs.org/caniuse-lite/-/caniuse-lite-1.0.30001774.tgz 19780ms (cache miss)
5786 http fetch GET 200 https://registry.npmjs.org/ajv/-/ajv-8.18.0.tgz 19522ms (cache miss)
5787 http fetch GET 200 https://registry.npmjs.org/ajv/-/ajv-8.18.0.tgz 19582ms (cache miss)
5788 http fetch GET 200 https://registry.npmjs.org/d3-transition 516ms (cache miss)
5789 silly packumentCache corgi:https://registry.npmjs.org/d3-transition set size:undefined disposed:false
5790 silly packumentCache corgi:https://registry.npmjs.org/eslint cache-miss
5791 silly packumentCache corgi:https://registry.npmjs.org/schema-utils cache-miss
5792 silly packumentCache corgi:https://registry.npmjs.org/@eslint%2feslintrc cache-miss
5793 silly packumentCache corgi:https://registry.npmjs.org/ajv-keywords cache-miss
5794 http fetch GET 200 https://registry.npmjs.org/lodash/-/lodash-4.17.23.tgz 20074ms (cache miss)
5795 http fetch GET 200 https://registry.npmjs.org/ajv/-/ajv-8.18.0.tgz 19625ms (cache miss)
5796 http fetch GET 200 https://registry.npmjs.org/ajv/-/ajv-8.12.0.tgz 19665ms (cache miss)
5797 http fetch GET 200 https://registry.npmjs.org/eslint/-/eslint-7.32.0.tgz 19879ms (cache miss)
5798 warn deprecated eslint@7.32.0: This version is no longer supported. Please see https://eslint.org/version-support for other options.
5799 http fetch GET 200 https://registry.npmjs.org/schema-utils 226ms (cache miss)
5800 silly packumentCache corgi:https://registry.npmjs.org/schema-utils set size:undefined disposed:false
5801 http fetch GET 200 https://registry.npmjs.org/ajv-keywords 255ms (cache miss)
5802 silly packumentCache corgi:https://registry.npmjs.org/ajv-keywords set size:undefined disposed:false
5803 http fetch GET 200 https://registry.npmjs.org/@eslint%2feslintrc 300ms (cache miss)
5804 silly packumentCache corgi:https://registry.npmjs.org/@eslint%2feslintrc set size:undefined disposed:false
5805 http fetch GET 200 https://registry.npmjs.org/prettier/-/prettier-2.8.4.tgz 20148ms (cache miss)
5806 http fetch GET 200 https://registry.npmjs.org/eslint 466ms (cache miss)
5807 silly packumentCache corgi:https://registry.npmjs.org/eslint set size:undefined disposed:false
5808 silly packumentCache corgi:https://registry.npmjs.org/table cache-miss
5809 http fetch GET 200 https://registry.npmjs.org/cypress/-/cypress-9.7.0.tgz 20508ms (cache miss)
5810 http fetch GET 200 https://registry.npmjs.org/table 320ms (cache miss)
5811 silly packumentCache corgi:https://registry.npmjs.org/table set size:undefined disposed:false
5812 silly packumentCache corgi:https://registry.npmjs.org/react-devtools cache-miss
5813 silly packumentCache corgi:https://registry.npmjs.org/execa cache-miss
5814 http fetch GET 200 https://registry.npmjs.org/es-abstract/-/es-abstract-1.21.1.tgz 21308ms (cache miss)
5815 http fetch GET 200 https://registry.npmjs.org/execa 307ms (cache miss)
5816 silly packumentCache corgi:https://registry.npmjs.org/execa set size:undefined disposed:false
5817 http fetch GET 200 https://registry.npmjs.org/core-js/-/core-js-2.6.12.tgz 21686ms (cache miss)
5818 warn deprecated core-js@2.6.12: core-js@<3.23.3 is no longer maintained and not recommended for usage due to the number of issues. Because of the V8 engine whims, feature detection in old core-js versions could cause a slowdown up to 100x even if nothing is polyfilled. Some versions have web compatibility issues. Please, upgrade your dependencies to the actual version of core-js.
5819 http fetch GET 200 https://registry.npmjs.org/webpack/-/webpack-5.104.1.tgz 21092ms (cache miss)
5820 http fetch GET 200 https://registry.npmjs.org/react-devtools 529ms (cache miss)
5821 silly packumentCache corgi:https://registry.npmjs.org/react-devtools set size:undefined disposed:false
5822 silly packumentCache corgi:https://registry.npmjs.org/webpack-cli cache-miss
5823 http fetch GET 200 https://registry.npmjs.org/webpack-cli 436ms (cache miss)
5824 silly packumentCache corgi:https://registry.npmjs.org/webpack-cli set size:undefined disposed:false
5825 silly packumentCache corgi:https://registry.npmjs.org/eslint-plugin-jsx-a11y cache-miss
5826 silly packumentCache corgi:https://registry.npmjs.org/eslint-plugin-react cache-miss
5827 silly packumentCache corgi:https://registry.npmjs.org/@humanwhocodes%2fconfig-array cache-miss
5828 silly packumentCache corgi:https://registry.npmjs.org/glob cache-miss
5829 http fetch GET 200 https://registry.npmjs.org/eslint-plugin-jsx-a11y 168ms (cache miss)
5830 silly packumentCache corgi:https://registry.npmjs.org/eslint-plugin-jsx-a11y set size:undefined disposed:false
5831 http fetch GET 200 https://registry.npmjs.org/@humanwhocodes%2fconfig-array 192ms (cache miss)
5832 silly packumentCache corgi:https://registry.npmjs.org/@humanwhocodes%2fconfig-array set size:undefined disposed:false
5833 http fetch GET 200 https://registry.npmjs.org/glob 200ms (cache miss)
5834 silly packumentCache corgi:https://registry.npmjs.org/glob set size:undefined disposed:false
5835 http fetch GET 200 https://registry.npmjs.org/eslint-plugin-react 246ms (cache miss)
5836 silly packumentCache corgi:https://registry.npmjs.org/eslint-plugin-react set size:undefined disposed:false
5837 silly packumentCache corgi:https://registry.npmjs.org/regenerator-transform cache-miss
5838 http fetch GET 200 https://registry.npmjs.org/regenerator-transform 140ms (cache miss)
5839 silly packumentCache corgi:https://registry.npmjs.org/regenerator-transform set size:undefined disposed:false
5840 silly packumentCache corgi:https://registry.npmjs.org/flat-cache cache-miss
5841 http fetch GET 200 https://registry.npmjs.org/rxjs/-/rxjs-7.8.0.tgz 22822ms (cache miss)
5842 http fetch GET 200 https://registry.npmjs.org/three/-/three-0.105.2.tgz 22471ms (cache miss)
5843 http fetch GET 200 https://registry.npmjs.org/flat-cache 1117ms (cache miss)
5844 silly packumentCache corgi:https://registry.npmjs.org/flat-cache set size:undefined disposed:false
5845 silly packumentCache corgi:https://registry.npmjs.org/@electron%2fget cache-miss
5846 silly packumentCache corgi:https://registry.npmjs.org/package-json cache-miss
5847 http fetch GET 200 https://registry.npmjs.org/package-json 79ms (cache miss)
5848 silly packumentCache corgi:https://registry.npmjs.org/package-json set size:undefined disposed:false
5849 http fetch GET 200 https://registry.npmjs.org/@electron%2fget 1510ms (cache miss)
5850 silly packumentCache corgi:https://registry.npmjs.org/@electron%2fget set size:undefined disposed:false
5851 silly packumentCache corgi:https://registry.npmjs.org/terser-webpack-plugin cache-miss
5852 http fetch GET 200 https://registry.npmjs.org/terser-webpack-plugin 89ms (cache miss)
5853 silly packumentCache corgi:https://registry.npmjs.org/terser-webpack-plugin set size:undefined disposed:false
5854 silly packumentCache corgi:https://registry.npmjs.org/@4tw%2fcypress-drag-drop cache-miss
5855 http fetch GET 200 https://registry.npmjs.org/@4tw%2fcypress-drag-drop 683ms (cache miss)
5856 silly packumentCache corgi:https://registry.npmjs.org/@4tw%2fcypress-drag-drop set size:undefined disposed:false
5857 silly packumentCache corgi:https://registry.npmjs.org/d3-zoom cache-miss
5858 http fetch GET 200 https://registry.npmjs.org/d3-zoom 96ms (cache miss)
5859 silly packumentCache corgi:https://registry.npmjs.org/d3-zoom set size:undefined disposed:false
5860 silly packumentCache corgi:https://registry.npmjs.org/term-size cache-miss
5861 http fetch GET 200 https://registry.npmjs.org/term-size 109ms (cache miss)
5862 silly packumentCache corgi:https://registry.npmjs.org/term-size set size:undefined disposed:false
5863 silly packumentCache corgi:https://registry.npmjs.org/latest-version cache-miss
5864 http fetch GET 200 https://registry.npmjs.org/latest-version 96ms (cache miss)
5865 silly packumentCache corgi:https://registry.npmjs.org/latest-version set size:undefined disposed:false
5866 silly packumentCache corgi:https://registry.npmjs.org/webpack cache-miss
5867 http fetch GET 200 https://registry.npmjs.org/webpack 815ms (cache miss)
5868 silly packumentCache corgi:https://registry.npmjs.org/webpack set size:undefined disposed:false
5869 silly packumentCache corgi:https://registry.npmjs.org/boxen cache-miss
5870 http fetch GET 200 https://registry.npmjs.org/boxen 455ms (cache miss)
5871 silly packumentCache corgi:https://registry.npmjs.org/boxen set size:undefined disposed:false
5872 silly packumentCache corgi:https://registry.npmjs.org/update-notifier cache-miss
5873 http fetch GET 200 https://registry.npmjs.org/update-notifier 106ms (cache miss)
5874 silly packumentCache corgi:https://registry.npmjs.org/update-notifier set size:undefined disposed:false
5875 silly ADD node_modules/path-is-inside
5876 silly ADD node_modules/fast-uri
5877 silly ADD node_modules/ajv-formats
5878 silly ADD node_modules/ajv-formats/node_modules/json-schema-traverse
5879 silly ADD node_modules/ajv-formats/node_modules/ajv
5880 silly ADD node_modules/strip-eof
5881 silly ADD node_modules/p-finally
5882 silly ADD node_modules/require-from-string
5883 silly ADD node_modules/clsx
5884 silly ADD node_modules/pseudomap
5885 silly ADD node_modules/capture-stack-trace
5886 silly ADD node_modules/unzip-response
5887 silly ADD node_modules/timed-out
5888 silly ADD node_modules/is-retry-allowed
5889 silly ADD node_modules/is-redirect
5890 silly ADD node_modules/create-error-class
5891 silly ADD node_modules/process-nextick-args
5892 silly ADD node_modules/typedarray
5893 silly ADD node_modules/mkdirp
5894 silly ADD node_modules/concat-stream
5895 silly ADD node_modules/concat-stream/node_modules/string_decoder
5896 silly ADD node_modules/concat-stream/node_modules/safe-buffer
5897 silly ADD node_modules/concat-stream/node_modules/isarray
5898 silly ADD node_modules/concat-stream/node_modules/readable-stream
5899 silly ADD node_modules/pend
5900 silly ADD node_modules/fd-slicer
5901 silly ADD node_modules/buffer-crc32
5902 silly ADD node_modules/is-weakset
5903 silly ADD node_modules/is-weakmap
5904 silly ADD node_modules/is-number-object
5905 silly ADD node_modules/is-boolean-object
5906 silly ADD node_modules/is-bigint
5907 silly ADD node_modules/isexe
5908 silly ADD node_modules/isobject
5909 silly ADD node_modules/shallow-clone
5910 silly ADD node_modules/kind-of
5911 silly ADD node_modules/is-plain-object
5912 silly ADD node_modules/wildcard
5913 silly ADD node_modules/clone-deep
5914 silly ADD node_modules/resolve-cwd
5915 silly ADD node_modules/resolve-cwd/node_modules/resolve-from
5916 silly ADD node_modules/envinfo
5917 silly ADD node_modules/rechoir
5918 silly ADD node_modules/interpret
5919 silly ADD node_modules/import-local
5920 silly ADD node_modules/fastest-levenshtein
5921 silly ADD node_modules/@webpack-cli/serve
5922 silly ADD node_modules/@webpack-cli/info
5923 silly ADD node_modules/@webpack-cli/configtest
5924 silly ADD node_modules/@discoveryjs/json-ext
5925 silly ADD node_modules/source-map
5926 silly ADD node_modules/buffer-from
5927 silly ADD node_modules/source-map-support
5928 silly ADD node_modules/@jridgewell/source-map
5929 silly ADD node_modules/@jridgewell/source-map/node_modules/@jridgewell/gen-mapping
5930 silly ADD node_modules/randombytes
5931 silly ADD node_modules/terser
5932 silly ADD node_modules/terser/node_modules/commander
5933 silly ADD node_modules/terser/node_modules/acorn
5934 silly ADD node_modules/serialize-javascript
5935 silly ADD node_modules/jest-worker
5936 silly ADD node_modules/jest-worker/node_modules/has-flag
5937 silly ADD node_modules/jest-worker/node_modules/supports-color
5938 silly ADD node_modules/@xtuc/ieee754
5939 silly ADD node_modules/@webassemblyjs/utf8
5940 silly ADD node_modules/@webassemblyjs/leb128
5941 silly ADD node_modules/@webassemblyjs/ieee754
5942 silly ADD node_modules/@webassemblyjs/wast-printer
5943 silly ADD node_modules/@webassemblyjs/wasm-opt
5944 silly ADD node_modules/@webassemblyjs/wasm-gen
5945 silly ADD node_modules/@webassemblyjs/helper-wasm-section
5946 silly ADD node_modules/@webassemblyjs/helper-buffer
5947 silly ADD node_modules/@xtuc/long
5948 silly ADD node_modules/@webassemblyjs/helper-api-error
5949 silly ADD node_modules/@webassemblyjs/floating-point-hex-parser
5950 silly ADD node_modules/@webassemblyjs/helper-wasm-bytecode
5951 silly ADD node_modules/@webassemblyjs/helper-numbers
5952 silly ADD node_modules/@types/eslint
5953 silly ADD node_modules/webpack-sources
5954 silly ADD node_modules/watchpack
5955 silly ADD node_modules/terser-webpack-plugin
5956 silly ADD node_modules/terser-webpack-plugin/node_modules/json-schema-traverse
5957 silly ADD node_modules/terser-webpack-plugin/node_modules/ajv-keywords
5958 silly ADD node_modules/terser-webpack-plugin/node_modules/ajv
5959 silly ADD node_modules/terser-webpack-plugin/node_modules/schema-utils
5960 silly ADD node_modules/tapable
5961 silly ADD node_modules/neo-async
5962 silly ADD node_modules/loader-runner
5963 silly ADD node_modules/json-parse-even-better-errors
5964 silly ADD node_modules/glob-to-regexp
5965 silly ADD node_modules/events
5966 silly ADD node_modules/es-module-lexer
5967 silly ADD node_modules/enhanced-resolve
5968 silly ADD node_modules/chrome-trace-event
5969 silly ADD node_modules/@webassemblyjs/wasm-parser
5970 silly ADD node_modules/@webassemblyjs/wasm-edit
5971 silly ADD node_modules/@webassemblyjs/ast
5972 silly ADD node_modules/@types/estree
5973 silly ADD node_modules/@types/eslint-scope
5974 silly ADD node_modules/core-util-is
5975 silly ADD node_modules/is-generator-function
5976 silly ADD node_modules/prepend-http
5977 silly ADD node_modules/querystring
5978 silly ADD node_modules/crypto-random-string
5979 silly ADD node_modules/deep-extend
5980 silly ADD node_modules/rc
5981 silly ADD node_modules/rc/node_modules/strip-json-comments
5982 silly ADD node_modules/rc/node_modules/ini
5983 silly ADD node_modules/registry-url
5984 silly ADD node_modules/registry-auth-token
5985 silly ADD node_modules/package-json
5986 silly ADD node_modules/package-json/node_modules/prepend-http
5987 silly ADD node_modules/package-json/node_modules/url-parse-lax
5988 silly ADD node_modules/package-json/node_modules/is-stream
5989 silly ADD node_modules/package-json/node_modules/get-stream
5990 silly ADD node_modules/package-json/node_modules/semver
5991 silly ADD node_modules/package-json/node_modules/got
5992 silly ADD node_modules/is-obj
5993 silly ADD node_modules/write-file-atomic
5994 silly ADD node_modules/unique-string
5995 silly ADD node_modules/dot-prop
5996 silly ADD node_modules/widest-line
5997 silly ADD node_modules/widest-line/node_modules/ansi-regex
5998 silly ADD node_modules/widest-line/node_modules/strip-ansi
5999 silly ADD node_modules/widest-line/node_modules/is-fullwidth-code-point
6000 silly ADD node_modules/widest-line/node_modules/string-width
6001 silly ADD node_modules/term-size
6002 silly ADD node_modules/term-size/node_modules/shebang-regex
6003 silly ADD node_modules/term-size/node_modules/path-key
6004 silly ADD node_modules/term-size/node_modules/yallist
6005 silly ADD node_modules/term-size/node_modules/which
6006 silly ADD node_modules/term-size/node_modules/shebang-command
6007 silly ADD node_modules/term-size/node_modules/lru-cache
6008 silly ADD node_modules/term-size/node_modules/npm-run-path
6009 silly ADD node_modules/term-size/node_modules/is-stream
6010 silly ADD node_modules/term-size/node_modules/get-stream
6011 silly ADD node_modules/term-size/node_modules/cross-spawn
6012 silly ADD node_modules/term-size/node_modules/execa
6013 silly ADD node_modules/cli-boxes
6014 silly ADD node_modules/camelcase
6015 silly ADD node_modules/ansi-align
6016 silly ADD node_modules/ansi-align/node_modules/ansi-regex
6017 silly ADD node_modules/ansi-align/node_modules/strip-ansi
6018 silly ADD node_modules/ansi-align/node_modules/is-fullwidth-code-point
6019 silly ADD node_modules/ansi-align/node_modules/string-width
6020 silly ADD node_modules/xdg-basedir
6021 silly ADD node_modules/semver-diff
6022 silly ADD node_modules/semver-diff/node_modules/semver
6023 silly ADD node_modules/latest-version
6024 silly ADD node_modules/is-npm
6025 silly ADD node_modules/import-lazy
6026 silly ADD node_modules/configstore
6027 silly ADD node_modules/configstore/node_modules/pify
6028 silly ADD node_modules/configstore/node_modules/make-dir
6029 silly ADD node_modules/boxen
6030 silly ADD node_modules/boxen/node_modules/ansi-regex
6031 silly ADD node_modules/boxen/node_modules/strip-ansi
6032 silly ADD node_modules/boxen/node_modules/is-fullwidth-code-point
6033 silly ADD node_modules/boxen/node_modules/string-width
6034 silly ADD node_modules/escalade
6035 silly ADD node_modules/unicode-property-aliases-ecmascript
6036 silly ADD node_modules/unicode-canonical-property-names-ecmascript
6037 silly ADD node_modules/has-bigints
6038 silly ADD node_modules/punycode
6039 silly ADD node_modules/psl
6040 silly ADD node_modules/lodash.truncate
6041 silly ADD node_modules/has-flag
6042 silly ADD node_modules/ansi-regex
6043 silly ADD node_modules/xtend
6044 silly ADD node_modules/builtin-status-codes
6045 silly ADD node_modules/string_decoder
6046 silly ADD node_modules/readable-stream
6047 silly ADD node_modules/tweetnacl
6048 silly ADD node_modules/safer-buffer
6049 silly ADD node_modules/jsbn
6050 silly ADD node_modules/getpass
6051 silly ADD node_modules/ecc-jsbn
6052 silly ADD node_modules/dashdash
6053 silly ADD node_modules/bcrypt-pbkdf
6054 silly ADD node_modules/asn1
6055 silly ADD node_modules/is-fullwidth-code-point
6056 silly ADD node_modules/astral-regex
6057 silly ADD node_modules/shebang-regex
6058 silly ADD node_modules/ajv-keywords
6059 silly ADD node_modules/@types/json-schema
6060 silly ADD node_modules/tslib
6061 silly ADD node_modules/semver-compare
6062 silly ADD node_modules/detect-node
6063 silly ADD node_modules/path-is-absolute
6064 silly ADD node_modules/inherits
6065 silly ADD node_modules/inflight
6066 silly ADD node_modules/fs.realpath
6067 silly ADD node_modules/glob
6068 silly ADD node_modules/supports-preserve-symlinks-flag
6069 silly ADD node_modules/path-parse
6070 silly ADD node_modules/is-core-module
6071 silly ADD node_modules/throttleit
6072 silly ADD node_modules/unicode-match-property-value-ecmascript
6073 silly ADD node_modules/unicode-match-property-ecmascript
6074 silly ADD node_modules/regjsparser
6075 silly ADD node_modules/regjsparser/node_modules/jsesc
6076 silly ADD node_modules/regenerate-unicode-properties
6077 silly ADD node_modules/regenerate
6078 silly ADD node_modules/@babel/regjsgen
6079 silly ADD node_modules/exenv
6080 silly ADD node_modules/react-resizable
6081 silly ADD node_modules/react-resizable/node_modules/react-draggable
6082 silly ADD node_modules/react-draggable
6083 silly ADD node_modules/lodash.isequal
6084 silly ADD node_modules/scheduler
6085 silly ADD node_modules/ws
6086 silly ADD node_modules/shell-quote
6087 silly ADD node_modules/proto-list
6088 silly ADD node_modules/config-chain
6089 silly ADD node_modules/config-chain/node_modules/ini
6090 silly ADD node_modules/json-buffer
6091 silly ADD node_modules/responselike
6092 silly ADD node_modules/normalize-url
6093 silly ADD node_modules/keyv
6094 silly ADD node_modules/http-cache-semantics
6095 silly ADD node_modules/clone-response
6096 silly ADD node_modules/defer-to-connect
6097 silly ADD node_modules/url-parse-lax
6098 silly ADD node_modules/to-readable-stream
6099 silly ADD node_modules/p-cancelable
6100 silly ADD node_modules/mimic-response
6101 silly ADD node_modules/lowercase-keys
6102 silly ADD node_modules/duplexer3
6103 silly ADD node_modules/decompress-response
6104 silly ADD node_modules/cacheable-request
6105 silly ADD node_modules/cacheable-request/node_modules/lowercase-keys
6106 silly ADD node_modules/@szmarczak/http-timer
6107 silly ADD node_modules/@sindresorhus/is
6108 silly ADD node_modules/tunnel
6109 silly ADD node_modules/npm-conf
6110 silly ADD node_modules/npm-conf/node_modules/pify
6111 silly ADD node_modules/encodeurl
6112 silly ADD node_modules/serialize-error
6113 silly ADD node_modules/serialize-error/node_modules/type-fest
6114 silly ADD node_modules/roarr
6115 silly ADD node_modules/roarr/node_modules/sprintf-js
6116 silly ADD node_modules/matcher
6117 silly ADD node_modules/matcher/node_modules/escape-string-regexp
6118 silly ADD node_modules/es6-error
6119 silly ADD node_modules/boolean
6120 silly ADD node_modules/sumchecker
6121 silly ADD node_modules/got
6122 silly ADD node_modules/got/node_modules/get-stream
6123 silly ADD node_modules/global-tunnel-ng
6124 silly ADD node_modules/global-agent
6125 silly ADD node_modules/global-agent/node_modules/yallist
6126 silly ADD node_modules/global-agent/node_modules/lru-cache
6127 silly ADD node_modules/global-agent/node_modules/semver
6128 silly ADD node_modules/env-paths
6129 silly ADD node_modules/@electron/get
6130 silly ADD node_modules/@electron/get/node_modules/universalify
6131 silly ADD node_modules/@electron/get/node_modules/jsonfile
6132 silly ADD node_modules/@electron/get/node_modules/fs-extra
6133 silly ADD node_modules/update-notifier
6134 silly ADD node_modules/update-notifier/node_modules/ini
6135 silly ADD node_modules/update-notifier/node_modules/is-path-inside
6136 silly ADD node_modules/update-notifier/node_modules/global-dirs
6137 silly ADD node_modules/update-notifier/node_modules/ci-info
6138 silly ADD node_modules/update-notifier/node_modules/is-installed-globally
6139 silly ADD node_modules/update-notifier/node_modules/is-ci
6140 silly ADD node_modules/react-devtools-core
6141 silly ADD node_modules/ip
6142 silly ADD node_modules/electron
6143 silly ADD node_modules/electron/node_modules/ms
6144 silly ADD node_modules/electron/node_modules/debug
6145 silly ADD node_modules/electron/node_modules/extract-zip
6146 silly ADD node_modules/electron/node_modules/@types/node
6147 silly ADD node_modules/shallowequal
6148 silly ADD node_modules/add-dom-event-listener
6149 silly ADD node_modules/dom-align
6150 silly ADD node_modules/rc-align
6151 silly ADD node_modules/warning
6152 silly ADD node_modules/component-indexof
6153 silly ADD node_modules/component-classes
6154 silly ADD node_modules/react-lifecycles-compat
6155 silly ADD node_modules/raf
6156 silly ADD node_modules/css-animation
6157 silly ADD node_modules/core-js
6158 silly ADD node_modules/rc-util
6159 silly ADD node_modules/rc-trigger
6160 silly ADD node_modules/rc-tree
6161 silly ADD node_modules/rc-animate
6162 silly ADD node_modules/classnames
6163 silly ADD node_modules/babel-runtime
6164 silly ADD node_modules/babel-runtime/node_modules/regenerator-runtime
6165 silly ADD node_modules/wrappy
6166 silly ADD node_modules/once
6167 silly ADD node_modules/end-of-stream
6168 silly ADD node_modules/react-is
6169 silly ADD node_modules/object-assign
6170 silly ADD node_modules/loose-envify
6171 silly ADD node_modules/util-deprecate
6172 silly ADD node_modules/cssesc
6173 silly ADD node_modules/postcss-selector-parser
6174 silly ADD node_modules/source-map-js
6175 silly ADD node_modules/picocolors
6176 silly ADD node_modules/nanoid
6177 silly ADD node_modules/p-try
6178 silly ADD node_modules/p-limit
6179 silly ADD node_modules/p-locate
6180 silly ADD node_modules/path-exists
6181 silly ADD node_modules/locate-path
6182 silly ADD node_modules/find-up
6183 silly ADD node_modules/callsites
6184 silly ADD node_modules/indent-string
6185 silly ADD node_modules/clean-stack
6186 silly ADD node_modules/aggregate-error
6187 silly ADD node_modules/word-wrap
6188 silly ADD node_modules/fast-levenshtein
6189 silly ADD node_modules/deep-is
6190 silly ADD node_modules/mimic-fn
6191 silly ADD node_modules/is-any-array
6192 silly ADD node_modules/cheminfo-types
6193 silly ADD node_modules/concat-map
6194 silly ADD node_modules/balanced-match
6195 silly ADD node_modules/brace-expansion
6196 silly ADD node_modules/mime-db
6197 silly ADD node_modules/yallist
6198 silly ADD node_modules/type-fest
6199 silly ADD node_modules/ansi-escapes
6200 silly ADD node_modules/is-unicode-supported
6201 silly ADD node_modules/emojis-list
6202 silly ADD node_modules/big.js
6203 silly ADD node_modules/slice-ansi
6204 silly ADD node_modules/slice-ansi/node_modules/color-name
6205 silly ADD node_modules/slice-ansi/node_modules/color-convert
6206 silly ADD node_modules/slice-ansi/node_modules/ansi-styles
6207 silly ADD node_modules/wrap-ansi
6208 silly ADD node_modules/wrap-ansi/node_modules/color-name
6209 silly ADD node_modules/wrap-ansi/node_modules/color-convert
6210 silly ADD node_modules/wrap-ansi/node_modules/ansi-styles
6211 silly ADD node_modules/through
6212 silly ADD node_modules/rxjs
6213 silly ADD node_modules/rfdc
6214 silly ADD node_modules/p-map
6215 silly ADD node_modules/log-update
6216 silly ADD node_modules/log-update/node_modules/color-name
6217 silly ADD node_modules/log-update/node_modules/color-convert
6218 silly ADD node_modules/log-update/node_modules/ansi-styles
6219 silly ADD node_modules/log-update/node_modules/wrap-ansi
6220 silly ADD node_modules/log-update/node_modules/slice-ansi
6221 silly ADD node_modules/colorette
6222 silly ADD node_modules/cli-truncate
6223 silly ADD node_modules/type-check
6224 silly ADD node_modules/prelude-ls
6225 silly ADD node_modules/language-subtag-registry
6226 silly ADD node_modules/verror
6227 silly ADD node_modules/json-schema
6228 silly ADD node_modules/extsprintf
6229 silly ADD node_modules/sprintf-js
6230 silly ADD node_modules/esprima
6231 silly ADD node_modules/argparse
6232 silly ADD node_modules/for-each
6233 silly ADD node_modules/ini
6234 silly ADD node_modules/is-path-inside
6235 silly ADD node_modules/global-dirs
6236 silly ADD node_modules/is-extglob
6237 silly ADD node_modules/ci-info
6238 silly ADD node_modules/resolve-from
6239 silly ADD node_modules/parent-module
6240 silly ADD node_modules/sshpk
6241 silly ADD node_modules/jsprim
6242 silly ADD node_modules/assert-plus
6243 silly ADD node_modules/async
6244 silly ADD node_modules/pump
6245 silly ADD node_modules/functions-have-names
6246 silly ADD node_modules/universalify
6247 silly ADD node_modules/jsonfile
6248 silly ADD node_modules/graceful-fs
6249 silly ADD node_modules/at-least-node
6250 silly ADD node_modules/asynckit
6251 silly ADD node_modules/rimraf
6252 silly ADD node_modules/flatted
6253 silly ADD node_modules/pkg-dir
6254 silly ADD node_modules/commondir
6255 silly ADD node_modules/flat-cache
6256 silly ADD node_modules/@types/yauzl
6257 silly ADD node_modules/pify
6258 silly ADD node_modules/strip-final-newline
6259 silly ADD node_modules/signal-exit
6260 silly ADD node_modules/onetime
6261 silly ADD node_modules/npm-run-path
6262 silly ADD node_modules/merge-stream
6263 silly ADD node_modules/is-stream
6264 silly ADD node_modules/human-signals
6265 silly ADD node_modules/get-stream
6266 silly ADD node_modules/acorn-jsx
6267 silly ADD node_modules/acorn
6268 silly ADD node_modules/esrecurse
6269 silly ADD node_modules/string.prototype.matchall
6270 silly ADD node_modules/prop-types
6271 silly ADD node_modules/object.values
6272 silly ADD node_modules/object.hasown
6273 silly ADD node_modules/estraverse
6274 silly ADD node_modules/array.prototype.tosorted
6275 silly ADD node_modules/is-symbol
6276 silly ADD node_modules/has-tostringtag
6277 silly ADD node_modules/stop-iteration-iterator
6278 silly ADD node_modules/is-set
6279 silly ADD node_modules/is-map
6280 silly ADD node_modules/unbox-primitive
6281 silly ADD node_modules/typed-array-length
6282 silly ADD node_modules/string.prototype.trimstart
6283 silly ADD node_modules/string.prototype.trimend
6284 silly ADD node_modules/safe-regex-test
6285 silly ADD node_modules/object-inspect
6286 silly ADD node_modules/is-weakref
6287 silly ADD node_modules/is-typed-array
6288 silly ADD node_modules/is-negative-zero
6289 silly ADD node_modules/is-callable
6290 silly ADD node_modules/internal-slot
6291 silly ADD node_modules/has-symbols
6292 silly ADD node_modules/has-proto
6293 silly ADD node_modules/gopd
6294 silly ADD node_modules/globalthis
6295 silly ADD node_modules/get-symbol-description
6296 silly ADD node_modules/function.prototype.name
6297 silly ADD node_modules/es-to-primitive
6298 silly ADD node_modules/es-set-tostringtag
6299 silly ADD node_modules/available-typed-arrays
6300 silly ADD node_modules/has-property-descriptors
6301 silly ADD node_modules/which-typed-array
6302 silly ADD node_modules/which-collection
6303 silly ADD node_modules/which-boxed-primitive
6304 silly ADD node_modules/side-channel
6305 silly ADD node_modules/regexp.prototype.flags
6306 silly ADD node_modules/object.assign
6307 silly ADD node_modules/object-keys
6308 silly ADD node_modules/isarray
6309 silly ADD node_modules/is-shared-array-buffer
6310 silly ADD node_modules/is-regex
6311 silly ADD node_modules/is-date-object
6312 silly ADD node_modules/is-array-buffer
6313 silly ADD node_modules/is-arguments
6314 silly ADD node_modules/es-get-iterator
6315 silly ADD node_modules/function-bind
6316 silly ADD node_modules/es-shim-unscopables
6317 silly ADD node_modules/is-string
6318 silly ADD node_modules/get-intrinsic
6319 silly ADD node_modules/es-abstract
6320 silly ADD node_modules/define-properties
6321 silly ADD node_modules/call-bind
6322 silly ADD node_modules/deep-equal
6323 silly ADD node_modules/regenerator-runtime
6324 silly ADD node_modules/object.fromentries
6325 silly ADD node_modules/object.entries
6326 silly ADD node_modules/language-tags
6327 silly ADD node_modules/jsx-ast-utils
6328 silly ADD node_modules/has
6329 silly ADD node_modules/emoji-regex
6330 silly ADD node_modules/damerau-levenshtein
6331 silly ADD node_modules/axobject-query
6332 silly ADD node_modules/axe-core
6333 silly ADD node_modules/ast-types-flow
6334 silly ADD node_modules/array.prototype.flatmap
6335 silly ADD node_modules/array-includes
6336 silly ADD node_modules/aria-query
6337 silly ADD node_modules/@babel/runtime
6338 silly ADD node_modules/which
6339 silly ADD node_modules/shebang-command
6340 silly ADD node_modules/path-key
6341 silly ADD node_modules/uri-js
6342 silly ADD node_modules/json-schema-traverse
6343 silly ADD node_modules/fast-json-stable-stringify
6344 silly ADD node_modules/@humanwhocodes/object-schema
6345 silly ADD node_modules/v8-compile-cache
6346 silly ADD node_modules/text-table
6347 silly ADD node_modules/table
6348 silly ADD node_modules/table/node_modules/color-name
6349 silly ADD node_modules/table/node_modules/color-convert
6350 silly ADD node_modules/table/node_modules/ansi-styles
6351 silly ADD node_modules/table/node_modules/json-schema-traverse
6352 silly ADD node_modules/table/node_modules/slice-ansi
6353 silly ADD node_modules/table/node_modules/ajv
6354 silly ADD node_modules/strip-json-comments
6355 silly ADD node_modules/strip-ansi
6356 silly ADD node_modules/regexpp
6357 silly ADD node_modules/progress
6358 silly ADD node_modules/optionator
6359 silly ADD node_modules/natural-compare
6360 silly ADD node_modules/minimatch
6361 silly ADD node_modules/lodash.merge
6362 silly ADD node_modules/levn
6363 silly ADD node_modules/json-stable-stringify-without-jsonify
6364 silly ADD node_modules/js-yaml
6365 silly ADD node_modules/is-glob
6366 silly ADD node_modules/imurmurhash
6367 silly ADD node_modules/import-fresh
6368 silly ADD node_modules/ignore
6369 silly ADD node_modules/glob-parent
6370 silly ADD node_modules/functional-red-black-tree
6371 silly ADD node_modules/file-entry-cache
6372 silly ADD node_modules/fast-deep-equal
6373 silly ADD node_modules/esquery
6374 silly ADD node_modules/espree
6375 silly ADD node_modules/espree/node_modules/eslint-visitor-keys
6376 silly ADD node_modules/eslint-utils
6377 silly ADD node_modules/eslint-utils/node_modules/eslint-visitor-keys
6378 silly ADD node_modules/doctrine
6379 silly ADD node_modules/cross-spawn
6380 silly ADD node_modules/ajv
6381 silly ADD node_modules/@humanwhocodes/config-array
6382 silly ADD node_modules/@eslint/eslintrc
6383 silly ADD node_modules/@eslint/eslintrc/node_modules/type-fest
6384 silly ADD node_modules/@eslint/eslintrc/node_modules/globals
6385 silly ADD node_modules/ansi-colors
6386 silly ADD node_modules/ms
6387 silly ADD node_modules/d3-timer
6388 silly ADD node_modules/d3-ease
6389 silly ADD node_modules/d3-color
6390 silly ADD node_modules/d3-transition
6391 silly ADD node_modules/d3-interpolate
6392 silly ADD node_modules/delayed-stream
6393 silly ADD node_modules/string-width
6394 silly ADD node_modules/string-width/node_modules/emoji-regex
6395 silly ADD node_modules/@colors/colors
6396 silly ADD node_modules/restore-cursor
6397 silly ADD node_modules/lodash.once
6398 silly ADD node_modules/uuid
6399 silly ADD node_modules/tunnel-agent
6400 silly ADD node_modules/tough-cookie
6401 silly ADD node_modules/safe-buffer
6402 silly ADD node_modules/qs
6403 silly ADD node_modules/performance-now
6404 silly ADD node_modules/mime-types
6405 silly ADD node_modules/json-stringify-safe
6406 silly ADD node_modules/isstream
6407 silly ADD node_modules/is-typedarray
6408 silly ADD node_modules/http-signature
6409 silly ADD node_modules/form-data
6410 silly ADD node_modules/forever-agent
6411 silly ADD node_modules/extend
6412 silly ADD node_modules/combined-stream
6413 silly ADD node_modules/caseless
6414 silly ADD node_modules/aws4
6415 silly ADD node_modules/aws-sign2
6416 silly ADD node_modules/yauzl
6417 silly ADD node_modules/untildify
6418 silly ADD node_modules/tmp
6419 silly ADD node_modules/request-progress
6420 silly ADD node_modules/proxy-from-env
6421 silly ADD node_modules/pretty-bytes
6422 silly ADD node_modules/ospath
6423 silly ADD node_modules/minimist
6424 silly ADD node_modules/log-symbols
6425 silly ADD node_modules/log-symbols/node_modules/has-flag
6426 silly ADD node_modules/log-symbols/node_modules/color-name
6427 silly ADD node_modules/log-symbols/node_modules/color-convert
6428 silly ADD node_modules/log-symbols/node_modules/supports-color
6429 silly ADD node_modules/log-symbols/node_modules/ansi-styles
6430 silly ADD node_modules/log-symbols/node_modules/chalk
6431 silly ADD node_modules/lodash
6432 silly ADD node_modules/listr2
6433 silly ADD node_modules/lazy-ass
6434 silly ADD node_modules/is-installed-globally
6435 silly ADD node_modules/is-ci
6436 silly ADD node_modules/getos
6437 silly ADD node_modules/fs-extra
6438 silly ADD node_modules/figures
6439 silly ADD node_modules/extract-zip
6440 silly ADD node_modules/executable
6441 silly ADD node_modules/execa
6442 silly ADD node_modules/eventemitter2
6443 silly ADD node_modules/enquirer
6444 silly ADD node_modules/dayjs
6445 silly ADD node_modules/common-tags
6446 silly ADD node_modules/commander
6447 silly ADD node_modules/cli-table3
6448 silly ADD node_modules/cli-cursor
6449 silly ADD node_modules/check-more-types
6450 silly ADD node_modules/cachedir
6451 silly ADD node_modules/bluebird
6452 silly ADD node_modules/blob-util
6453 silly ADD node_modules/arch
6454 silly ADD node_modules/@types/sizzle
6455 silly ADD node_modules/@types/sinonjs__fake-timers
6456 silly ADD node_modules/@types/node
6457 silly ADD node_modules/@cypress/xvfb
6458 silly ADD node_modules/@cypress/xvfb/node_modules/debug
6459 silly ADD node_modules/@cypress/request
6460 silly ADD node_modules/postcss-value-parser
6461 silly ADD node_modules/postcss-modules-values
6462 silly ADD node_modules/postcss-modules-scope
6463 silly ADD node_modules/postcss-modules-local-by-default
6464 silly ADD node_modules/postcss-modules-extract-imports
6465 silly ADD node_modules/postcss
6466 silly ADD node_modules/icss-utils
6467 silly ADD node_modules/color-name
6468 silly ADD node_modules/color-convert
6469 silly ADD node_modules/supports-color
6470 silly ADD node_modules/escape-string-regexp
6471 silly ADD node_modules/ansi-styles
6472 silly ADD node_modules/ieee754
6473 silly ADD node_modules/base64-js
6474 silly ADD node_modules/update-browserslist-db
6475 silly ADD node_modules/node-releases
6476 silly ADD node_modules/electron-to-chromium
6477 silly ADD node_modules/caniuse-lite
6478 silly ADD node_modules/baseline-browser-mapping
6479 silly ADD node_modules/pako
6480 silly ADD node_modules/resolve
6481 silly ADD node_modules/lodash.debounce
6482 silly ADD node_modules/@babel/helper-define-polyfill-provider
6483 silly ADD node_modules/schema-utils
6484 silly ADD node_modules/make-dir
6485 silly ADD node_modules/loader-utils
6486 silly ADD node_modules/find-cache-dir
6487 silly ADD node_modules/object-is
6488 silly ADD node_modules/is-nan
6489 silly ADD node_modules/es6-object-assign
6490 silly ADD node_modules/eslint-scope
6491 silly ADD node_modules/eslint-scope/node_modules/estraverse
6492 silly ADD node_modules/@jridgewell/resolve-uri
6493 silly ADD node_modules/@jridgewell/sourcemap-codec
6494 silly ADD node_modules/@jridgewell/set-array
6495 silly ADD node_modules/to-fast-properties
6496 silly ADD node_modules/@babel/helper-string-parser
6497 silly ADD node_modules/@babel/plugin-syntax-jsx
6498 silly ADD node_modules/@babel/plugin-transform-react-pure-annotations
6499 silly ADD node_modules/@babel/plugin-transform-react-jsx-development
6500 silly ADD node_modules/@babel/plugin-transform-react-jsx
6501 silly ADD node_modules/@babel/plugin-transform-react-display-name
6502 silly ADD node_modules/esutils
6503 silly ADD node_modules/regenerator-transform
6504 silly ADD node_modules/@babel/helper-hoist-variables
6505 silly ADD node_modules/@babel/helper-explode-assignable-expression
6506 silly ADD node_modules/@babel/helper-builder-binary-assignment-operator-visitor
6507 silly ADD node_modules/globals
6508 silly ADD node_modules/regexpu-core
6509 silly ADD node_modules/@babel/helper-create-regexp-features-plugin
6510 silly ADD node_modules/@babel/helper-wrap-function
6511 silly ADD node_modules/@babel/helper-remap-async-to-generator
6512 silly ADD node_modules/core-js-compat
6513 silly ADD node_modules/babel-plugin-polyfill-regenerator
6514 silly ADD node_modules/babel-plugin-polyfill-corejs3
6515 silly ADD node_modules/babel-plugin-polyfill-corejs2
6516 silly ADD node_modules/@babel/preset-modules
6517 silly ADD node_modules/@babel/plugin-transform-unicode-regex
6518 silly ADD node_modules/@babel/plugin-transform-unicode-escapes
6519 silly ADD node_modules/@babel/plugin-transform-typeof-symbol
6520 silly ADD node_modules/@babel/plugin-transform-template-literals
6521 silly ADD node_modules/@babel/plugin-transform-sticky-regex
6522 silly ADD node_modules/@babel/plugin-transform-spread
6523 silly ADD node_modules/@babel/plugin-transform-shorthand-properties
6524 silly ADD node_modules/@babel/plugin-transform-reserved-words
6525 silly ADD node_modules/@babel/plugin-transform-regenerator
6526 silly ADD node_modules/@babel/plugin-transform-property-literals
6527 silly ADD node_modules/@babel/plugin-transform-parameters
6528 silly ADD node_modules/@babel/plugin-transform-object-super
6529 silly ADD node_modules/@babel/plugin-transform-new-target
6530 silly ADD node_modules/@babel/plugin-transform-named-capturing-groups-regex
6531 silly ADD node_modules/@babel/plugin-transform-modules-umd
6532 silly ADD node_modules/@babel/plugin-transform-modules-systemjs
6533 silly ADD node_modules/@babel/plugin-transform-modules-commonjs
6534 silly ADD node_modules/@babel/plugin-transform-modules-amd
6535 silly ADD node_modules/@babel/plugin-transform-member-expression-literals
6536 silly ADD node_modules/@babel/plugin-transform-literals
6537 silly ADD node_modules/@babel/plugin-transform-function-name
6538 silly ADD node_modules/@babel/plugin-transform-for-of
6539 silly ADD node_modules/@babel/plugin-transform-exponentiation-operator
6540 silly ADD node_modules/@babel/plugin-transform-duplicate-keys
6541 silly ADD node_modules/@babel/plugin-transform-dotall-regex
6542 silly ADD node_modules/@babel/plugin-transform-destructuring
6543 silly ADD node_modules/@babel/plugin-transform-computed-properties
6544 silly ADD node_modules/@babel/plugin-transform-classes
6545 silly ADD node_modules/@babel/plugin-transform-block-scoping
6546 silly ADD node_modules/@babel/plugin-transform-block-scoped-functions
6547 silly ADD node_modules/@babel/plugin-transform-async-to-generator
6548 silly ADD node_modules/@babel/plugin-transform-arrow-functions
6549 silly ADD node_modules/@babel/plugin-syntax-top-level-await
6550 silly ADD node_modules/@babel/plugin-syntax-private-property-in-object
6551 silly ADD node_modules/@babel/plugin-syntax-optional-chaining
6552 silly ADD node_modules/@babel/plugin-syntax-optional-catch-binding
6553 silly ADD node_modules/@babel/plugin-syntax-object-rest-spread
6554 silly ADD node_modules/@babel/plugin-syntax-numeric-separator
6555 silly ADD node_modules/@babel/plugin-syntax-nullish-coalescing-operator
6556 silly ADD node_modules/@babel/plugin-syntax-logical-assignment-operators
6557 silly ADD node_modules/@babel/plugin-syntax-json-strings
6558 silly ADD node_modules/@babel/plugin-syntax-import-assertions
6559 silly ADD node_modules/@babel/plugin-syntax-export-namespace-from
6560 silly ADD node_modules/@babel/plugin-syntax-dynamic-import
6561 silly ADD node_modules/@babel/plugin-syntax-class-static-block
6562 silly ADD node_modules/@babel/plugin-syntax-class-properties
6563 silly ADD node_modules/@babel/plugin-syntax-async-generators
6564 silly ADD node_modules/@babel/plugin-proposal-unicode-property-regex
6565 silly ADD node_modules/@babel/plugin-proposal-private-property-in-object
6566 silly ADD node_modules/@babel/plugin-proposal-private-methods
6567 silly ADD node_modules/@babel/plugin-proposal-optional-chaining
6568 silly ADD node_modules/@babel/plugin-proposal-optional-catch-binding
6569 silly ADD node_modules/@babel/plugin-proposal-object-rest-spread
6570 silly ADD node_modules/@babel/plugin-proposal-numeric-separator
6571 silly ADD node_modules/@babel/plugin-proposal-nullish-coalescing-operator
6572 silly ADD node_modules/@babel/plugin-proposal-logical-assignment-operators
6573 silly ADD node_modules/@babel/plugin-proposal-json-strings
6574 silly ADD node_modules/@babel/plugin-proposal-export-namespace-from
6575 silly ADD node_modules/@babel/plugin-proposal-dynamic-import
6576 silly ADD node_modules/@babel/plugin-proposal-class-static-block
6577 silly ADD node_modules/@babel/plugin-proposal-async-generator-functions
6578 silly ADD node_modules/@babel/plugin-bugfix-v8-spread-parameters-in-optional-chaining
6579 silly ADD node_modules/@babel/plugin-bugfix-safari-id-destructuring-collision-in-function-expression
6580 silly ADD node_modules/@babel/helper-skip-transparent-expression-wrappers
6581 silly ADD node_modules/@babel/helper-replace-supers
6582 silly ADD node_modules/@babel/helper-optimise-call-expression
6583 silly ADD node_modules/@babel/helper-member-expression-to-functions
6584 silly ADD node_modules/@babel/helper-function-name
6585 silly ADD node_modules/@babel/helper-annotate-as-pure
6586 silly ADD node_modules/@babel/helper-plugin-utils
6587 silly ADD node_modules/@babel/helper-create-class-features-plugin
6588 silly ADD node_modules/js-tokens
6589 silly ADD node_modules/chalk
6590 silly ADD node_modules/@babel/helper-validator-identifier
6591 silly ADD node_modules/@babel/helper-split-export-declaration
6592 silly ADD node_modules/@babel/helper-simple-access
6593 silly ADD node_modules/@babel/helper-module-imports
6594 silly ADD node_modules/@babel/helper-environment-visitor
6595 silly ADD node_modules/lru-cache
6596 silly ADD node_modules/browserslist
6597 silly ADD node_modules/@babel/helper-validator-option
6598 silly ADD node_modules/@babel/compat-data
6599 silly ADD node_modules/jsesc
6600 silly ADD node_modules/semver
6601 silly ADD node_modules/eslint-visitor-keys
6602 silly ADD node_modules/@nicolo-ribaudo/eslint-scope-5-internals
6603 silly ADD node_modules/@babel/highlight
6604 silly ADD node_modules/@jridgewell/trace-mapping
6605 silly ADD node_modules/@jridgewell/gen-mapping
6606 silly ADD node_modules/json5
6607 silly ADD node_modules/gensync
6608 silly ADD node_modules/debug
6609 silly ADD node_modules/convert-source-map
6610 silly ADD node_modules/@nicolo-ribaudo/semver-v6
6611 silly ADD node_modules/@babel/types
6612 silly ADD node_modules/@babel/traverse
6613 silly ADD node_modules/@babel/traverse/node_modules/@babel/code-frame
6614 silly ADD node_modules/@babel/template
6615 silly ADD node_modules/@babel/template/node_modules/@babel/code-frame
6616 silly ADD node_modules/@babel/parser
6617 silly ADD node_modules/@babel/helpers
6618 silly ADD node_modules/@babel/helper-module-transforms
6619 silly ADD node_modules/@babel/helper-compilation-targets
6620 silly ADD node_modules/@babel/generator
6621 silly ADD node_modules/@babel/generator/node_modules/@jridgewell/gen-mapping
6622 silly ADD node_modules/@babel/code-frame
6623 silly ADD node_modules/@ampproject/remapping
6624 silly ADD node_modules/whatwg-fetch
6625 silly ADD node_modules/webpack-merge
6626 silly ADD node_modules/webpack-cli
6627 silly ADD node_modules/webpack-cli/node_modules/commander
6628 silly ADD node_modules/util
6629 silly ADD node_modules/url
6630 silly ADD node_modules/url/node_modules/punycode
6631 silly ADD node_modules/three
6632 silly ADD node_modules/style-loader
6633 silly ADD node_modules/stream-http
6634 silly ADD node_modules/stream-browserify
6635 silly ADD node_modules/react-resize-detector
6636 silly ADD node_modules/react-modal
6637 silly ADD node_modules/react-modal/node_modules/warning
6638 silly ADD node_modules/react-grid-layout
6639 silly ADD node_modules/react-dom
6640 silly ADD node_modules/react-devtools
6641 silly ADD node_modules/react-devtools/node_modules/shebang-regex
6642 silly ADD node_modules/react-devtools/node_modules/yallist
6643 silly ADD node_modules/react-devtools/node_modules/which
6644 silly ADD node_modules/react-devtools/node_modules/shebang-command
6645 silly ADD node_modules/react-devtools/node_modules/lru-cache
6646 silly ADD node_modules/react-devtools/node_modules/cross-spawn
6647 silly ADD node_modules/react
6648 silly ADD node_modules/rc-tree-select
6649 silly ADD node_modules/prettier
6650 silly ADD node_modules/pngjs
6651 silly ADD node_modules/pixelmatch
6652 silly ADD node_modules/ml-savitzky-golay-generalized
6653 silly ADD node_modules/jquery
6654 silly ADD node_modules/https-browserify
6655 silly ADD node_modules/fast-json-patch
6656 silly ADD node_modules/eslint-plugin-simple-import-sort
6657 silly ADD node_modules/eslint-plugin-react
6658 silly ADD node_modules/eslint-plugin-react/node_modules/resolve
6659 silly ADD node_modules/eslint-plugin-react/node_modules/doctrine
6660 silly ADD node_modules/eslint-plugin-jsx-a11y
6661 silly ADD node_modules/eslint-plugin-ignore-generated-and-nolint
6662 silly ADD node_modules/eslint-plugin-cypress
6663 silly ADD node_modules/eslint-config-prettier
6664 silly ADD node_modules/debounce
6665 silly ADD node_modules/d3-zoom
6666 silly ADD node_modules/d3-selection
6667 silly ADD node_modules/d3-polygon
6668 silly ADD node_modules/d3-drag
6669 silly ADD node_modules/d3-dispatch
6670 silly ADD node_modules/css-loader
6671 silly ADD node_modules/css-loader/node_modules/yallist
6672 silly ADD node_modules/css-loader/node_modules/lru-cache
6673 silly ADD node_modules/css-loader/node_modules/semver
6674 silly ADD node_modules/buffer
6675 silly ADD node_modules/browserify-zlib
6676 silly ADD node_modules/webpack
6677 silly ADD node_modules/webpack/node_modules/json-schema-traverse
6678 silly ADD node_modules/webpack/node_modules/ajv-keywords
6679 silly ADD node_modules/webpack/node_modules/ajv
6680 silly ADD node_modules/webpack/node_modules/schema-utils
6681 silly ADD node_modules/webpack/node_modules/acorn-import-phases
6682 silly ADD node_modules/webpack/node_modules/acorn
6683 silly ADD node_modules/babel-loader
6684 silly ADD node_modules/assert
6685 silly ADD node_modules/@babel/preset-react
6686 silly ADD node_modules/@babel/preset-env
6687 silly ADD node_modules/@babel/plugin-proposal-class-properties
6688 silly ADD node_modules/eslint
6689 silly ADD node_modules/eslint/node_modules/has-flag
6690 silly ADD node_modules/eslint/node_modules/yallist
6691 silly ADD node_modules/eslint/node_modules/lru-cache
6692 silly ADD node_modules/eslint/node_modules/type-fest
6693 silly ADD node_modules/eslint/node_modules/color-name
6694 silly ADD node_modules/eslint/node_modules/color-convert
6695 silly ADD node_modules/eslint/node_modules/supports-color
6696 silly ADD node_modules/eslint/node_modules/ansi-styles
6697 silly ADD node_modules/eslint/node_modules/semver
6698 silly ADD node_modules/eslint/node_modules/globals
6699 silly ADD node_modules/eslint/node_modules/escape-string-regexp
6700 silly ADD node_modules/eslint/node_modules/chalk
6701 silly ADD node_modules/eslint/node_modules/@babel/code-frame
6702 silly ADD node_modules/@babel/eslint-parser
6703 silly ADD node_modules/@babel/core
6704 silly ADD node_modules/cypress
6705 silly ADD node_modules/cypress/node_modules/has-flag
6706 silly ADD node_modules/cypress/node_modules/yallist
6707 silly ADD node_modules/cypress/node_modules/lru-cache
6708 silly ADD node_modules/cypress/node_modules/color-name
6709 silly ADD node_modules/cypress/node_modules/color-convert
6710 silly ADD node_modules/cypress/node_modules/ansi-styles
6711 silly ADD node_modules/cypress/node_modules/supports-color
6712 silly ADD node_modules/cypress/node_modules/semver
6713 silly ADD node_modules/cypress/node_modules/chalk
6714 silly ADD node_modules/cypress/node_modules/chalk/node_modules/supports-color
6715 silly ADD node_modules/cypress/node_modules/buffer
6716 silly ADD node_modules/@4tw/cypress-drag-drop
6717 verbose cwd /home/foss_visdom/visdom
6718 verbose os Linux 6.17.0-14-generic
6719 verbose node v20.19.5
6720 verbose npm  v10.8.2
6721 notice
6721 notice New [31mmajor[39m version of npm available! [31m10.8.2[39m -> [34m11.12.0[39m
6721 notice Changelog: [34mhttps://github.com/npm/cli/releases/tag/v11.12.0[39m
6721 notice To update run: [4mnpm install -g npm@11.12.0[24m
6721 notice  { force: true, [Symbol(proc-log.meta)]: true }
6722 verbose exit 0
6723 info ok
